ISO-10303-21;
HEADER;
/* Generated by software containing ST-Developer
 * from STEP Tools, Inc. (www.steptools.com) 
 */
/* OPTION: using custom schema-name function */

FILE_DESCRIPTION(
/* description */ (''),
/* implementation_level */ '2;1');

FILE_NAME(
/* name */ 'TRH25VN-ZN.stp',
/* time_stamp */ '2017-10-25T15:07:11+08:00',
/* author */ (''),
/* organization */ (''),
/* preprocessor_version */ 'ST-DEVELOPER v11',
/* originating_system */ 'SIEMENS UGS NX 6.0',
/* authorisation */ '');

FILE_SCHEMA (('AUTOMOTIVE_DESIGN { 1 0 10303 214 1 1 1 1 }'));
ENDSEC;

DATA;
#10=SHAPE_REPRESENTATION_RELATIONSHIP('None',
'relationship between TRH25VN-ZN-None and TRH25VN-ZN-None',#22,#11);
#11=ADVANCED_BREP_SHAPE_REPRESENTATION('TRH25VN-ZN-None',(#572,#573),#4225);
#12=SHAPE_DEFINITION_REPRESENTATION(#13,#22);
#13=PRODUCT_DEFINITION_SHAPE('','',#14);
#14=PRODUCT_DEFINITION(' ','',#16,#15);
#15=PRODUCT_DEFINITION_CONTEXT('part definition',#21,'design');
#16=PRODUCT_DEFINITION_FORMATION_WITH_SPECIFIED_SOURCE(' ',' ',#18,.NOT_KNOWN.);
#17=PRODUCT_RELATED_PRODUCT_CATEGORY('part','',(#18));
#18=PRODUCT('TRH25VN-ZN','TRH25VN-ZN',' ',(#19));
#19=PRODUCT_CONTEXT(' ',#21,'mechanical');
#20=APPLICATION_PROTOCOL_DEFINITION('international standard',
'automotive_design',2001,#21);
#21=APPLICATION_CONTEXT(
'core data for automotive mechanical design processes');
#22=SHAPE_REPRESENTATION('TRH25VN-ZN-None',(#2744),#4225);
#23=OVER_RIDING_STYLED_ITEM('',(#103),#754,#100);
#24=OVER_RIDING_STYLED_ITEM('',(#104),#755,#100);
#25=OVER_RIDING_STYLED_ITEM('',(#105),#756,#100);
#26=OVER_RIDING_STYLED_ITEM('',(#106),#757,#100);
#27=OVER_RIDING_STYLED_ITEM('',(#107),#758,#100);
#28=OVER_RIDING_STYLED_ITEM('',(#108),#759,#100);
#29=OVER_RIDING_STYLED_ITEM('',(#109),#760,#100);
#30=OVER_RIDING_STYLED_ITEM('',(#110),#761,#100);
#31=OVER_RIDING_STYLED_ITEM('',(#111),#762,#100);
#32=OVER_RIDING_STYLED_ITEM('',(#112),#763,#100);
#33=OVER_RIDING_STYLED_ITEM('',(#113),#764,#100);
#34=OVER_RIDING_STYLED_ITEM('',(#114),#765,#100);
#35=OVER_RIDING_STYLED_ITEM('',(#115),#766,#100);
#36=OVER_RIDING_STYLED_ITEM('',(#116),#767,#100);
#37=OVER_RIDING_STYLED_ITEM('',(#117),#768,#100);
#38=OVER_RIDING_STYLED_ITEM('',(#118),#769,#100);
#39=OVER_RIDING_STYLED_ITEM('',(#119),#770,#100);
#40=OVER_RIDING_STYLED_ITEM('',(#120),#771,#100);
#41=OVER_RIDING_STYLED_ITEM('',(#121),#772,#100);
#42=OVER_RIDING_STYLED_ITEM('',(#122),#773,#100);
#43=OVER_RIDING_STYLED_ITEM('',(#123),#774,#100);
#44=OVER_RIDING_STYLED_ITEM('',(#124),#775,#100);
#45=OVER_RIDING_STYLED_ITEM('',(#125),#776,#100);
#46=OVER_RIDING_STYLED_ITEM('',(#126),#777,#100);
#47=OVER_RIDING_STYLED_ITEM('',(#127),#778,#100);
#48=OVER_RIDING_STYLED_ITEM('',(#128),#779,#100);
#49=OVER_RIDING_STYLED_ITEM('',(#129),#780,#100);
#50=OVER_RIDING_STYLED_ITEM('',(#130),#781,#100);
#51=OVER_RIDING_STYLED_ITEM('',(#131),#782,#100);
#52=OVER_RIDING_STYLED_ITEM('',(#132),#783,#100);
#53=OVER_RIDING_STYLED_ITEM('',(#133),#784,#100);
#54=OVER_RIDING_STYLED_ITEM('',(#134),#785,#100);
#55=OVER_RIDING_STYLED_ITEM('',(#135),#786,#100);
#56=OVER_RIDING_STYLED_ITEM('',(#136),#787,#100);
#57=OVER_RIDING_STYLED_ITEM('',(#137),#788,#100);
#58=OVER_RIDING_STYLED_ITEM('',(#138),#789,#100);
#59=OVER_RIDING_STYLED_ITEM('',(#139),#790,#100);
#60=OVER_RIDING_STYLED_ITEM('',(#140),#791,#100);
#61=OVER_RIDING_STYLED_ITEM('',(#141),#792,#100);
#62=OVER_RIDING_STYLED_ITEM('',(#142),#793,#100);
#63=OVER_RIDING_STYLED_ITEM('',(#143),#794,#100);
#64=OVER_RIDING_STYLED_ITEM('',(#144),#795,#100);
#65=OVER_RIDING_STYLED_ITEM('',(#145),#796,#100);
#66=OVER_RIDING_STYLED_ITEM('',(#146),#797,#100);
#67=OVER_RIDING_STYLED_ITEM('',(#147),#798,#100);
#68=OVER_RIDING_STYLED_ITEM('',(#148),#799,#100);
#69=OVER_RIDING_STYLED_ITEM('',(#149),#800,#100);
#70=OVER_RIDING_STYLED_ITEM('',(#150),#801,#100);
#71=OVER_RIDING_STYLED_ITEM('',(#151),#802,#100);
#72=OVER_RIDING_STYLED_ITEM('',(#152),#803,#100);
#73=OVER_RIDING_STYLED_ITEM('',(#153),#804,#100);
#74=OVER_RIDING_STYLED_ITEM('',(#154),#805,#100);
#75=OVER_RIDING_STYLED_ITEM('',(#155),#806,#100);
#76=OVER_RIDING_STYLED_ITEM('',(#156),#807,#100);
#77=OVER_RIDING_STYLED_ITEM('',(#157),#808,#100);
#78=OVER_RIDING_STYLED_ITEM('',(#158),#809,#100);
#79=OVER_RIDING_STYLED_ITEM('',(#159),#810,#100);
#80=OVER_RIDING_STYLED_ITEM('',(#160),#811,#100);
#81=OVER_RIDING_STYLED_ITEM('',(#161),#812,#100);
#82=OVER_RIDING_STYLED_ITEM('',(#162),#813,#100);
#83=OVER_RIDING_STYLED_ITEM('',(#163),#814,#100);
#84=OVER_RIDING_STYLED_ITEM('',(#164),#815,#100);
#85=OVER_RIDING_STYLED_ITEM('',(#165),#816,#100);
#86=OVER_RIDING_STYLED_ITEM('',(#166),#817,#100);
#87=OVER_RIDING_STYLED_ITEM('',(#167),#818,#100);
#88=OVER_RIDING_STYLED_ITEM('',(#168),#819,#100);
#89=OVER_RIDING_STYLED_ITEM('',(#169),#820,#100);
#90=OVER_RIDING_STYLED_ITEM('',(#170),#821,#100);
#91=OVER_RIDING_STYLED_ITEM('',(#171),#822,#100);
#92=OVER_RIDING_STYLED_ITEM('',(#172),#823,#100);
#93=OVER_RIDING_STYLED_ITEM('',(#173),#824,#100);
#94=OVER_RIDING_STYLED_ITEM('',(#174),#825,#100);
#95=OVER_RIDING_STYLED_ITEM('',(#175),#826,#100);
#96=OVER_RIDING_STYLED_ITEM('',(#176),#827,#100);
#97=OVER_RIDING_STYLED_ITEM('',(#177),#828,#100);
#98=OVER_RIDING_STYLED_ITEM('',(#178),#829,#100);
#99=PRESENTATION_LAYER_ASSIGNMENT('1','Layer 1',(#572,#573));
#100=STYLED_ITEM('',(#102),#572);
#101=STYLED_ITEM('',(#179),#573);
#102=PRESENTATION_STYLE_ASSIGNMENT((#180));
#103=PRESENTATION_STYLE_ASSIGNMENT((#181));
#104=PRESENTATION_STYLE_ASSIGNMENT((#182));
#105=PRESENTATION_STYLE_ASSIGNMENT((#183));
#106=PRESENTATION_STYLE_ASSIGNMENT((#184));
#107=PRESENTATION_STYLE_ASSIGNMENT((#185));
#108=PRESENTATION_STYLE_ASSIGNMENT((#186));
#109=PRESENTATION_STYLE_ASSIGNMENT((#187));
#110=PRESENTATION_STYLE_ASSIGNMENT((#188));
#111=PRESENTATION_STYLE_ASSIGNMENT((#189));
#112=PRESENTATION_STYLE_ASSIGNMENT((#190));
#113=PRESENTATION_STYLE_ASSIGNMENT((#191));
#114=PRESENTATION_STYLE_ASSIGNMENT((#192));
#115=PRESENTATION_STYLE_ASSIGNMENT((#193));
#116=PRESENTATION_STYLE_ASSIGNMENT((#194));
#117=PRESENTATION_STYLE_ASSIGNMENT((#195));
#118=PRESENTATION_STYLE_ASSIGNMENT((#196));
#119=PRESENTATION_STYLE_ASSIGNMENT((#197));
#120=PRESENTATION_STYLE_ASSIGNMENT((#198));
#121=PRESENTATION_STYLE_ASSIGNMENT((#199));
#122=PRESENTATION_STYLE_ASSIGNMENT((#200));
#123=PRESENTATION_STYLE_ASSIGNMENT((#201));
#124=PRESENTATION_STYLE_ASSIGNMENT((#202));
#125=PRESENTATION_STYLE_ASSIGNMENT((#203));
#126=PRESENTATION_STYLE_ASSIGNMENT((#204));
#127=PRESENTATION_STYLE_ASSIGNMENT((#205));
#128=PRESENTATION_STYLE_ASSIGNMENT((#206));
#129=PRESENTATION_STYLE_ASSIGNMENT((#207));
#130=PRESENTATION_STYLE_ASSIGNMENT((#208));
#131=PRESENTATION_STYLE_ASSIGNMENT((#209));
#132=PRESENTATION_STYLE_ASSIGNMENT((#210));
#133=PRESENTATION_STYLE_ASSIGNMENT((#211));
#134=PRESENTATION_STYLE_ASSIGNMENT((#212));
#135=PRESENTATION_STYLE_ASSIGNMENT((#213));
#136=PRESENTATION_STYLE_ASSIGNMENT((#214));
#137=PRESENTATION_STYLE_ASSIGNMENT((#215));
#138=PRESENTATION_STYLE_ASSIGNMENT((#216));
#139=PRESENTATION_STYLE_ASSIGNMENT((#217));
#140=PRESENTATION_STYLE_ASSIGNMENT((#218));
#141=PRESENTATION_STYLE_ASSIGNMENT((#219));
#142=PRESENTATION_STYLE_ASSIGNMENT((#220));
#143=PRESENTATION_STYLE_ASSIGNMENT((#221));
#144=PRESENTATION_STYLE_ASSIGNMENT((#222));
#145=PRESENTATION_STYLE_ASSIGNMENT((#223));
#146=PRESENTATION_STYLE_ASSIGNMENT((#224));
#147=PRESENTATION_STYLE_ASSIGNMENT((#225));
#148=PRESENTATION_STYLE_ASSIGNMENT((#226));
#149=PRESENTATION_STYLE_ASSIGNMENT((#227));
#150=PRESENTATION_STYLE_ASSIGNMENT((#228));
#151=PRESENTATION_STYLE_ASSIGNMENT((#229));
#152=PRESENTATION_STYLE_ASSIGNMENT((#230));
#153=PRESENTATION_STYLE_ASSIGNMENT((#231));
#154=PRESENTATION_STYLE_ASSIGNMENT((#232));
#155=PRESENTATION_STYLE_ASSIGNMENT((#233));
#156=PRESENTATION_STYLE_ASSIGNMENT((#234));
#157=PRESENTATION_STYLE_ASSIGNMENT((#235));
#158=PRESENTATION_STYLE_ASSIGNMENT((#236));
#159=PRESENTATION_STYLE_ASSIGNMENT((#237));
#160=PRESENTATION_STYLE_ASSIGNMENT((#238));
#161=PRESENTATION_STYLE_ASSIGNMENT((#239));
#162=PRESENTATION_STYLE_ASSIGNMENT((#240));
#163=PRESENTATION_STYLE_ASSIGNMENT((#241));
#164=PRESENTATION_STYLE_ASSIGNMENT((#242));
#165=PRESENTATION_STYLE_ASSIGNMENT((#243));
#166=PRESENTATION_STYLE_ASSIGNMENT((#244));
#167=PRESENTATION_STYLE_ASSIGNMENT((#245));
#168=PRESENTATION_STYLE_ASSIGNMENT((#246));
#169=PRESENTATION_STYLE_ASSIGNMENT((#247));
#170=PRESENTATION_STYLE_ASSIGNMENT((#248));
#171=PRESENTATION_STYLE_ASSIGNMENT((#249));
#172=PRESENTATION_STYLE_ASSIGNMENT((#250));
#173=PRESENTATION_STYLE_ASSIGNMENT((#251));
#174=PRESENTATION_STYLE_ASSIGNMENT((#252));
#175=PRESENTATION_STYLE_ASSIGNMENT((#253));
#176=PRESENTATION_STYLE_ASSIGNMENT((#254));
#177=PRESENTATION_STYLE_ASSIGNMENT((#255));
#178=PRESENTATION_STYLE_ASSIGNMENT((#256));
#179=PRESENTATION_STYLE_ASSIGNMENT((#257));
#180=SURFACE_STYLE_USAGE(.BOTH.,#258);
#181=SURFACE_STYLE_USAGE(.BOTH.,#259);
#182=SURFACE_STYLE_USAGE(.BOTH.,#260);
#183=SURFACE_STYLE_USAGE(.BOTH.,#261);
#184=SURFACE_STYLE_USAGE(.BOTH.,#262);
#185=SURFACE_STYLE_USAGE(.BOTH.,#263);
#186=SURFACE_STYLE_USAGE(.BOTH.,#264);
#187=SURFACE_STYLE_USAGE(.BOTH.,#265);
#188=SURFACE_STYLE_USAGE(.BOTH.,#266);
#189=SURFACE_STYLE_USAGE(.BOTH.,#267);
#190=SURFACE_STYLE_USAGE(.BOTH.,#268);
#191=SURFACE_STYLE_USAGE(.BOTH.,#269);
#192=SURFACE_STYLE_USAGE(.BOTH.,#270);
#193=SURFACE_STYLE_USAGE(.BOTH.,#271);
#194=SURFACE_STYLE_USAGE(.BOTH.,#272);
#195=SURFACE_STYLE_USAGE(.BOTH.,#273);
#196=SURFACE_STYLE_USAGE(.BOTH.,#274);
#197=SURFACE_STYLE_USAGE(.BOTH.,#275);
#198=SURFACE_STYLE_USAGE(.BOTH.,#276);
#199=SURFACE_STYLE_USAGE(.BOTH.,#277);
#200=SURFACE_STYLE_USAGE(.BOTH.,#278);
#201=SURFACE_STYLE_USAGE(.BOTH.,#279);
#202=SURFACE_STYLE_USAGE(.BOTH.,#280);
#203=SURFACE_STYLE_USAGE(.BOTH.,#281);
#204=SURFACE_STYLE_USAGE(.BOTH.,#282);
#205=SURFACE_STYLE_USAGE(.BOTH.,#283);
#206=SURFACE_STYLE_USAGE(.BOTH.,#284);
#207=SURFACE_STYLE_USAGE(.BOTH.,#285);
#208=SURFACE_STYLE_USAGE(.BOTH.,#286);
#209=SURFACE_STYLE_USAGE(.BOTH.,#287);
#210=SURFACE_STYLE_USAGE(.BOTH.,#288);
#211=SURFACE_STYLE_USAGE(.BOTH.,#289);
#212=SURFACE_STYLE_USAGE(.BOTH.,#290);
#213=SURFACE_STYLE_USAGE(.BOTH.,#291);
#214=SURFACE_STYLE_USAGE(.BOTH.,#292);
#215=SURFACE_STYLE_USAGE(.BOTH.,#293);
#216=SURFACE_STYLE_USAGE(.BOTH.,#294);
#217=SURFACE_STYLE_USAGE(.BOTH.,#295);
#218=SURFACE_STYLE_USAGE(.BOTH.,#296);
#219=SURFACE_STYLE_USAGE(.BOTH.,#297);
#220=SURFACE_STYLE_USAGE(.BOTH.,#298);
#221=SURFACE_STYLE_USAGE(.BOTH.,#299);
#222=SURFACE_STYLE_USAGE(.BOTH.,#300);
#223=SURFACE_STYLE_USAGE(.BOTH.,#301);
#224=SURFACE_STYLE_USAGE(.BOTH.,#302);
#225=SURFACE_STYLE_USAGE(.BOTH.,#303);
#226=SURFACE_STYLE_USAGE(.BOTH.,#304);
#227=SURFACE_STYLE_USAGE(.BOTH.,#305);
#228=SURFACE_STYLE_USAGE(.BOTH.,#306);
#229=SURFACE_STYLE_USAGE(.BOTH.,#307);
#230=SURFACE_STYLE_USAGE(.BOTH.,#308);
#231=SURFACE_STYLE_USAGE(.BOTH.,#309);
#232=SURFACE_STYLE_USAGE(.BOTH.,#310);
#233=SURFACE_STYLE_USAGE(.BOTH.,#311);
#234=SURFACE_STYLE_USAGE(.BOTH.,#312);
#235=SURFACE_STYLE_USAGE(.BOTH.,#313);
#236=SURFACE_STYLE_USAGE(.BOTH.,#314);
#237=SURFACE_STYLE_USAGE(.BOTH.,#315);
#238=SURFACE_STYLE_USAGE(.BOTH.,#316);
#239=SURFACE_STYLE_USAGE(.BOTH.,#317);
#240=SURFACE_STYLE_USAGE(.BOTH.,#318);
#241=SURFACE_STYLE_USAGE(.BOTH.,#319);
#242=SURFACE_STYLE_USAGE(.BOTH.,#320);
#243=SURFACE_STYLE_USAGE(.BOTH.,#321);
#244=SURFACE_STYLE_USAGE(.BOTH.,#322);
#245=SURFACE_STYLE_USAGE(.BOTH.,#323);
#246=SURFACE_STYLE_USAGE(.BOTH.,#324);
#247=SURFACE_STYLE_USAGE(.BOTH.,#325);
#248=SURFACE_STYLE_USAGE(.BOTH.,#326);
#249=SURFACE_STYLE_USAGE(.BOTH.,#327);
#250=SURFACE_STYLE_USAGE(.BOTH.,#328);
#251=SURFACE_STYLE_USAGE(.BOTH.,#329);
#252=SURFACE_STYLE_USAGE(.BOTH.,#330);
#253=SURFACE_STYLE_USAGE(.BOTH.,#331);
#254=SURFACE_STYLE_USAGE(.BOTH.,#332);
#255=SURFACE_STYLE_USAGE(.BOTH.,#333);
#256=SURFACE_STYLE_USAGE(.BOTH.,#334);
#257=SURFACE_STYLE_USAGE(.BOTH.,#335);
#258=SURFACE_SIDE_STYLE('',(#336));
#259=SURFACE_SIDE_STYLE('',(#337));
#260=SURFACE_SIDE_STYLE('',(#338));
#261=SURFACE_SIDE_STYLE('',(#339));
#262=SURFACE_SIDE_STYLE('',(#340));
#263=SURFACE_SIDE_STYLE('',(#341));
#264=SURFACE_SIDE_STYLE('',(#342));
#265=SURFACE_SIDE_STYLE('',(#343));
#266=SURFACE_SIDE_STYLE('',(#344));
#267=SURFACE_SIDE_STYLE('',(#345));
#268=SURFACE_SIDE_STYLE('',(#346));
#269=SURFACE_SIDE_STYLE('',(#347));
#270=SURFACE_SIDE_STYLE('',(#348));
#271=SURFACE_SIDE_STYLE('',(#349));
#272=SURFACE_SIDE_STYLE('',(#350));
#273=SURFACE_SIDE_STYLE('',(#351));
#274=SURFACE_SIDE_STYLE('',(#352));
#275=SURFACE_SIDE_STYLE('',(#353));
#276=SURFACE_SIDE_STYLE('',(#354));
#277=SURFACE_SIDE_STYLE('',(#355));
#278=SURFACE_SIDE_STYLE('',(#356));
#279=SURFACE_SIDE_STYLE('',(#357));
#280=SURFACE_SIDE_STYLE('',(#358));
#281=SURFACE_SIDE_STYLE('',(#359));
#282=SURFACE_SIDE_STYLE('',(#360));
#283=SURFACE_SIDE_STYLE('',(#361));
#284=SURFACE_SIDE_STYLE('',(#362));
#285=SURFACE_SIDE_STYLE('',(#363));
#286=SURFACE_SIDE_STYLE('',(#364));
#287=SURFACE_SIDE_STYLE('',(#365));
#288=SURFACE_SIDE_STYLE('',(#366));
#289=SURFACE_SIDE_STYLE('',(#367));
#290=SURFACE_SIDE_STYLE('',(#368));
#291=SURFACE_SIDE_STYLE('',(#369));
#292=SURFACE_SIDE_STYLE('',(#370));
#293=SURFACE_SIDE_STYLE('',(#371));
#294=SURFACE_SIDE_STYLE('',(#372));
#295=SURFACE_SIDE_STYLE('',(#373));
#296=SURFACE_SIDE_STYLE('',(#374));
#297=SURFACE_SIDE_STYLE('',(#375));
#298=SURFACE_SIDE_STYLE('',(#376));
#299=SURFACE_SIDE_STYLE('',(#377));
#300=SURFACE_SIDE_STYLE('',(#378));
#301=SURFACE_SIDE_STYLE('',(#379));
#302=SURFACE_SIDE_STYLE('',(#380));
#303=SURFACE_SIDE_STYLE('',(#381));
#304=SURFACE_SIDE_STYLE('',(#382));
#305=SURFACE_SIDE_STYLE('',(#383));
#306=SURFACE_SIDE_STYLE('',(#384));
#307=SURFACE_SIDE_STYLE('',(#385));
#308=SURFACE_SIDE_STYLE('',(#386));
#309=SURFACE_SIDE_STYLE('',(#387));
#310=SURFACE_SIDE_STYLE('',(#388));
#311=SURFACE_SIDE_STYLE('',(#389));
#312=SURFACE_SIDE_STYLE('',(#390));
#313=SURFACE_SIDE_STYLE('',(#391));
#314=SURFACE_SIDE_STYLE('',(#392));
#315=SURFACE_SIDE_STYLE('',(#393));
#316=SURFACE_SIDE_STYLE('',(#394));
#317=SURFACE_SIDE_STYLE('',(#395));
#318=SURFACE_SIDE_STYLE('',(#396));
#319=SURFACE_SIDE_STYLE('',(#397));
#320=SURFACE_SIDE_STYLE('',(#398));
#321=SURFACE_SIDE_STYLE('',(#399));
#322=SURFACE_SIDE_STYLE('',(#400));
#323=SURFACE_SIDE_STYLE('',(#401));
#324=SURFACE_SIDE_STYLE('',(#402));
#325=SURFACE_SIDE_STYLE('',(#403));
#326=SURFACE_SIDE_STYLE('',(#404));
#327=SURFACE_SIDE_STYLE('',(#405));
#328=SURFACE_SIDE_STYLE('',(#406));
#329=SURFACE_SIDE_STYLE('',(#407));
#330=SURFACE_SIDE_STYLE('',(#408));
#331=SURFACE_SIDE_STYLE('',(#409));
#332=SURFACE_SIDE_STYLE('',(#410));
#333=SURFACE_SIDE_STYLE('',(#411));
#334=SURFACE_SIDE_STYLE('',(#412));
#335=SURFACE_SIDE_STYLE('',(#413));
#336=SURFACE_STYLE_FILL_AREA(#414);
#337=SURFACE_STYLE_FILL_AREA(#415);
#338=SURFACE_STYLE_FILL_AREA(#416);
#339=SURFACE_STYLE_FILL_AREA(#417);
#340=SURFACE_STYLE_FILL_AREA(#418);
#341=SURFACE_STYLE_FILL_AREA(#419);
#342=SURFACE_STYLE_FILL_AREA(#420);
#343=SURFACE_STYLE_FILL_AREA(#421);
#344=SURFACE_STYLE_FILL_AREA(#422);
#345=SURFACE_STYLE_FILL_AREA(#423);
#346=SURFACE_STYLE_FILL_AREA(#424);
#347=SURFACE_STYLE_FILL_AREA(#425);
#348=SURFACE_STYLE_FILL_AREA(#426);
#349=SURFACE_STYLE_FILL_AREA(#427);
#350=SURFACE_STYLE_FILL_AREA(#428);
#351=SURFACE_STYLE_FILL_AREA(#429);
#352=SURFACE_STYLE_FILL_AREA(#430);
#353=SURFACE_STYLE_FILL_AREA(#431);
#354=SURFACE_STYLE_FILL_AREA(#432);
#355=SURFACE_STYLE_FILL_AREA(#433);
#356=SURFACE_STYLE_FILL_AREA(#434);
#357=SURFACE_STYLE_FILL_AREA(#435);
#358=SURFACE_STYLE_FILL_AREA(#436);
#359=SURFACE_STYLE_FILL_AREA(#437);
#360=SURFACE_STYLE_FILL_AREA(#438);
#361=SURFACE_STYLE_FILL_AREA(#439);
#362=SURFACE_STYLE_FILL_AREA(#440);
#363=SURFACE_STYLE_FILL_AREA(#441);
#364=SURFACE_STYLE_FILL_AREA(#442);
#365=SURFACE_STYLE_FILL_AREA(#443);
#366=SURFACE_STYLE_FILL_AREA(#444);
#367=SURFACE_STYLE_FILL_AREA(#445);
#368=SURFACE_STYLE_FILL_AREA(#446);
#369=SURFACE_STYLE_FILL_AREA(#447);
#370=SURFACE_STYLE_FILL_AREA(#448);
#371=SURFACE_STYLE_FILL_AREA(#449);
#372=SURFACE_STYLE_FILL_AREA(#450);
#373=SURFACE_STYLE_FILL_AREA(#451);
#374=SURFACE_STYLE_FILL_AREA(#452);
#375=SURFACE_STYLE_FILL_AREA(#453);
#376=SURFACE_STYLE_FILL_AREA(#454);
#377=SURFACE_STYLE_FILL_AREA(#455);
#378=SURFACE_STYLE_FILL_AREA(#456);
#379=SURFACE_STYLE_FILL_AREA(#457);
#380=SURFACE_STYLE_FILL_AREA(#458);
#381=SURFACE_STYLE_FILL_AREA(#459);
#382=SURFACE_STYLE_FILL_AREA(#460);
#383=SURFACE_STYLE_FILL_AREA(#461);
#384=SURFACE_STYLE_FILL_AREA(#462);
#385=SURFACE_STYLE_FILL_AREA(#463);
#386=SURFACE_STYLE_FILL_AREA(#464);
#387=SURFACE_STYLE_FILL_AREA(#465);
#388=SURFACE_STYLE_FILL_AREA(#466);
#389=SURFACE_STYLE_FILL_AREA(#467);
#390=SURFACE_STYLE_FILL_AREA(#468);
#391=SURFACE_STYLE_FILL_AREA(#469);
#392=SURFACE_STYLE_FILL_AREA(#470);
#393=SURFACE_STYLE_FILL_AREA(#471);
#394=SURFACE_STYLE_FILL_AREA(#472);
#395=SURFACE_STYLE_FILL_AREA(#473);
#396=SURFACE_STYLE_FILL_AREA(#474);
#397=SURFACE_STYLE_FILL_AREA(#475);
#398=SURFACE_STYLE_FILL_AREA(#476);
#399=SURFACE_STYLE_FILL_AREA(#477);
#400=SURFACE_STYLE_FILL_AREA(#478);
#401=SURFACE_STYLE_FILL_AREA(#479);
#402=SURFACE_STYLE_FILL_AREA(#480);
#403=SURFACE_STYLE_FILL_AREA(#481);
#404=SURFACE_STYLE_FILL_AREA(#482);
#405=SURFACE_STYLE_FILL_AREA(#483);
#406=SURFACE_STYLE_FILL_AREA(#484);
#407=SURFACE_STYLE_FILL_AREA(#485);
#408=SURFACE_STYLE_FILL_AREA(#486);
#409=SURFACE_STYLE_FILL_AREA(#487);
#410=SURFACE_STYLE_FILL_AREA(#488);
#411=SURFACE_STYLE_FILL_AREA(#489);
#412=SURFACE_STYLE_FILL_AREA(#490);
#413=SURFACE_STYLE_FILL_AREA(#491);
#414=FILL_AREA_STYLE('',(#492));
#415=FILL_AREA_STYLE('',(#493));
#416=FILL_AREA_STYLE('',(#494));
#417=FILL_AREA_STYLE('',(#495));
#418=FILL_AREA_STYLE('',(#496));
#419=FILL_AREA_STYLE('',(#497));
#420=FILL_AREA_STYLE('',(#498));
#421=FILL_AREA_STYLE('',(#499));
#422=FILL_AREA_STYLE('',(#500));
#423=FILL_AREA_STYLE('',(#501));
#424=FILL_AREA_STYLE('',(#502));
#425=FILL_AREA_STYLE('',(#503));
#426=FILL_AREA_STYLE('',(#504));
#427=FILL_AREA_STYLE('',(#505));
#428=FILL_AREA_STYLE('',(#506));
#429=FILL_AREA_STYLE('',(#507));
#430=FILL_AREA_STYLE('',(#508));
#431=FILL_AREA_STYLE('',(#509));
#432=FILL_AREA_STYLE('',(#510));
#433=FILL_AREA_STYLE('',(#511));
#434=FILL_AREA_STYLE('',(#512));
#435=FILL_AREA_STYLE('',(#513));
#436=FILL_AREA_STYLE('',(#514));
#437=FILL_AREA_STYLE('',(#515));
#438=FILL_AREA_STYLE('',(#516));
#439=FILL_AREA_STYLE('',(#517));
#440=FILL_AREA_STYLE('',(#518));
#441=FILL_AREA_STYLE('',(#519));
#442=FILL_AREA_STYLE('',(#520));
#443=FILL_AREA_STYLE('',(#521));
#444=FILL_AREA_STYLE('',(#522));
#445=FILL_AREA_STYLE('',(#523));
#446=FILL_AREA_STYLE('',(#524));
#447=FILL_AREA_STYLE('',(#525));
#448=FILL_AREA_STYLE('',(#526));
#449=FILL_AREA_STYLE('',(#527));
#450=FILL_AREA_STYLE('',(#528));
#451=FILL_AREA_STYLE('',(#529));
#452=FILL_AREA_STYLE('',(#530));
#453=FILL_AREA_STYLE('',(#531));
#454=FILL_AREA_STYLE('',(#532));
#455=FILL_AREA_STYLE('',(#533));
#456=FILL_AREA_STYLE('',(#534));
#457=FILL_AREA_STYLE('',(#535));
#458=FILL_AREA_STYLE('',(#536));
#459=FILL_AREA_STYLE('',(#537));
#460=FILL_AREA_STYLE('',(#538));
#461=FILL_AREA_STYLE('',(#539));
#462=FILL_AREA_STYLE('',(#540));
#463=FILL_AREA_STYLE('',(#541));
#464=FILL_AREA_STYLE('',(#542));
#465=FILL_AREA_STYLE('',(#543));
#466=FILL_AREA_STYLE('',(#544));
#467=FILL_AREA_STYLE('',(#545));
#468=FILL_AREA_STYLE('',(#546));
#469=FILL_AREA_STYLE('',(#547));
#470=FILL_AREA_STYLE('',(#548));
#471=FILL_AREA_STYLE('',(#549));
#472=FILL_AREA_STYLE('',(#550));
#473=FILL_AREA_STYLE('',(#551));
#474=FILL_AREA_STYLE('',(#552));
#475=FILL_AREA_STYLE('',(#553));
#476=FILL_AREA_STYLE('',(#554));
#477=FILL_AREA_STYLE('',(#555));
#478=FILL_AREA_STYLE('',(#556));
#479=FILL_AREA_STYLE('',(#557));
#480=FILL_AREA_STYLE('',(#558));
#481=FILL_AREA_STYLE('',(#559));
#482=FILL_AREA_STYLE('',(#560));
#483=FILL_AREA_STYLE('',(#561));
#484=FILL_AREA_STYLE('',(#562));
#485=FILL_AREA_STYLE('',(#563));
#486=FILL_AREA_STYLE('',(#564));
#487=FILL_AREA_STYLE('',(#565));
#488=FILL_AREA_STYLE('',(#566));
#489=FILL_AREA_STYLE('',(#567));
#490=FILL_AREA_STYLE('',(#568));
#491=FILL_AREA_STYLE('',(#569));
#492=FILL_AREA_STYLE_COLOUR('',#570);
#493=FILL_AREA_STYLE_COLOUR('',#571);
#494=FILL_AREA_STYLE_COLOUR('',#571);
#495=FILL_AREA_STYLE_COLOUR('',#571);
#496=FILL_AREA_STYLE_COLOUR('',#571);
#497=FILL_AREA_STYLE_COLOUR('',#571);
#498=FILL_AREA_STYLE_COLOUR('',#571);
#499=FILL_AREA_STYLE_COLOUR('',#571);
#500=FILL_AREA_STYLE_COLOUR('',#571);
#501=FILL_AREA_STYLE_COLOUR('',#571);
#502=FILL_AREA_STYLE_COLOUR('',#571);
#503=FILL_AREA_STYLE_COLOUR('',#571);
#504=FILL_AREA_STYLE_COLOUR('',#571);
#505=FILL_AREA_STYLE_COLOUR('',#571);
#506=FILL_AREA_STYLE_COLOUR('',#571);
#507=FILL_AREA_STYLE_COLOUR('',#571);
#508=FILL_AREA_STYLE_COLOUR('',#571);
#509=FILL_AREA_STYLE_COLOUR('',#571);
#510=FILL_AREA_STYLE_COLOUR('',#571);
#511=FILL_AREA_STYLE_COLOUR('',#571);
#512=FILL_AREA_STYLE_COLOUR('',#571);
#513=FILL_AREA_STYLE_COLOUR('',#571);
#514=FILL_AREA_STYLE_COLOUR('',#571);
#515=FILL_AREA_STYLE_COLOUR('',#571);
#516=FILL_AREA_STYLE_COLOUR('',#571);
#517=FILL_AREA_STYLE_COLOUR('',#571);
#518=FILL_AREA_STYLE_COLOUR('',#571);
#519=FILL_AREA_STYLE_COLOUR('',#571);
#520=FILL_AREA_STYLE_COLOUR('',#571);
#521=FILL_AREA_STYLE_COLOUR('',#571);
#522=FILL_AREA_STYLE_COLOUR('',#571);
#523=FILL_AREA_STYLE_COLOUR('',#571);
#524=FILL_AREA_STYLE_COLOUR('',#571);
#525=FILL_AREA_STYLE_COLOUR('',#571);
#526=FILL_AREA_STYLE_COLOUR('',#571);
#527=FILL_AREA_STYLE_COLOUR('',#571);
#528=FILL_AREA_STYLE_COLOUR('',#571);
#529=FILL_AREA_STYLE_COLOUR('',#571);
#530=FILL_AREA_STYLE_COLOUR('',#571);
#531=FILL_AREA_STYLE_COLOUR('',#571);
#532=FILL_AREA_STYLE_COLOUR('',#571);
#533=FILL_AREA_STYLE_COLOUR('',#571);
#534=FILL_AREA_STYLE_COLOUR('',#571);
#535=FILL_AREA_STYLE_COLOUR('',#571);
#536=FILL_AREA_STYLE_COLOUR('',#571);
#537=FILL_AREA_STYLE_COLOUR('',#571);
#538=FILL_AREA_STYLE_COLOUR('',#571);
#539=FILL_AREA_STYLE_COLOUR('',#571);
#540=FILL_AREA_STYLE_COLOUR('',#571);
#541=FILL_AREA_STYLE_COLOUR('',#571);
#542=FILL_AREA_STYLE_COLOUR('',#571);
#543=FILL_AREA_STYLE_COLOUR('',#571);
#544=FILL_AREA_STYLE_COLOUR('',#571);
#545=FILL_AREA_STYLE_COLOUR('',#571);
#546=FILL_AREA_STYLE_COLOUR('',#571);
#547=FILL_AREA_STYLE_COLOUR('',#571);
#548=FILL_AREA_STYLE_COLOUR('',#571);
#549=FILL_AREA_STYLE_COLOUR('',#571);
#550=FILL_AREA_STYLE_COLOUR('',#571);
#551=FILL_AREA_STYLE_COLOUR('',#571);
#552=FILL_AREA_STYLE_COLOUR('',#571);
#553=FILL_AREA_STYLE_COLOUR('',#571);
#554=FILL_AREA_STYLE_COLOUR('',#571);
#555=FILL_AREA_STYLE_COLOUR('',#571);
#556=FILL_AREA_STYLE_COLOUR('',#571);
#557=FILL_AREA_STYLE_COLOUR('',#571);
#558=FILL_AREA_STYLE_COLOUR('',#571);
#559=FILL_AREA_STYLE_COLOUR('',#571);
#560=FILL_AREA_STYLE_COLOUR('',#571);
#561=FILL_AREA_STYLE_COLOUR('',#571);
#562=FILL_AREA_STYLE_COLOUR('',#571);
#563=FILL_AREA_STYLE_COLOUR('',#571);
#564=FILL_AREA_STYLE_COLOUR('',#571);
#565=FILL_AREA_STYLE_COLOUR('',#571);
#566=FILL_AREA_STYLE_COLOUR('',#571);
#567=FILL_AREA_STYLE_COLOUR('',#571);
#568=FILL_AREA_STYLE_COLOUR('',#571);
#569=FILL_AREA_STYLE_COLOUR('',#570);
#570=COLOUR_RGB('Medium Steel',0.596063172350652,0.666666666666667,0.686259250782025);
#571=COLOUR_RGB('Pale Cornflower',0.6,0.8,1.);
#572=MANIFOLD_SOLID_BREP('',#574);
#573=MANIFOLD_SOLID_BREP('',#575);
#574=CLOSED_SHELL('',(#754,#755,#756,#757,#758,#759,#760,#761,#762,#763,
#764,#765,#766,#767,#768,#769,#770,#771,#772,#773,#774,#775,#776,#777,#778,
#779,#780,#781,#782,#783,#784,#785,#786,#787,#788,#789,#790,#791,#792,#793,
#794,#795,#796,#797,#798,#799,#800,#801,#802,#803,#804,#805,#806,#807,#808,
#809,#810,#811,#812,#813,#814,#815,#816,#817,#818,#819,#820,#821,#822,#823,
#824,#825,#826,#827,#828,#829));
#575=CLOSED_SHELL('',(#830,#831,#832,#833,#834,#835,#836,#837,#838,#839,
#840,#841,#842,#843,#844,#845,#846,#847,#848,#849,#850,#851,#852,#853,#854,
#855,#856,#857,#858,#859,#860,#861,#862,#863,#864,#865,#866,#867,#868,#869,
#870,#871,#872,#873,#874,#875,#876,#877,#878,#879,#880,#881,#882,#883));
#576=CONICAL_SURFACE('',#2802,2.5,59.);
#577=CONICAL_SURFACE('',#2806,2.5,59.);
#578=CONICAL_SURFACE('',#2810,2.5,59.);
#579=CONICAL_SURFACE('',#2814,2.5,59.);
#580=CONICAL_SURFACE('',#2819,2.7,44.9999999999973);
#581=CONICAL_SURFACE('',#2820,2.7,44.9999999999973);
#582=CONICAL_SURFACE('',#2821,2.7,44.9999999999973);
#583=CONICAL_SURFACE('',#2822,2.7,44.9999999999973);
#584=VERTEX_LOOP('',#1991);
#585=VERTEX_LOOP('',#1994);
#586=VERTEX_LOOP('',#1997);
#587=VERTEX_LOOP('',#2000);
#588=FACE_BOUND('',#1059,.T.);
#589=FACE_BOUND('',#1060,.T.);
#590=FACE_BOUND('',#1066,.T.);
#591=FACE_BOUND('',#1067,.T.);
#592=FACE_BOUND('',#1070,.T.);
#593=FACE_BOUND('',#1071,.T.);
#594=FACE_BOUND('',#1072,.T.);
#595=FACE_BOUND('',#1073,.T.);
#596=FACE_BOUND('',#1074,.T.);
#597=FACE_BOUND('',#1075,.T.);
#598=FACE_BOUND('',#1088,.T.);
#599=FACE_BOUND('',#584,.T.);
#600=FACE_BOUND('',#1089,.T.);
#601=FACE_BOUND('',#1090,.T.);
#602=FACE_BOUND('',#1091,.T.);
#603=FACE_BOUND('',#585,.T.);
#604=FACE_BOUND('',#1092,.T.);
#605=FACE_BOUND('',#1093,.T.);
#606=FACE_BOUND('',#1094,.T.);
#607=FACE_BOUND('',#586,.T.);
#608=FACE_BOUND('',#1095,.T.);
#609=FACE_BOUND('',#1096,.T.);
#610=FACE_BOUND('',#1097,.T.);
#611=FACE_BOUND('',#587,.T.);
#612=FACE_BOUND('',#1098,.T.);
#613=FACE_BOUND('',#1099,.T.);
#614=FACE_BOUND('',#1102,.T.);
#615=FACE_BOUND('',#1103,.T.);
#616=FACE_BOUND('',#1104,.T.);
#617=FACE_BOUND('',#1105,.T.);
#618=FACE_BOUND('',#1106,.T.);
#619=FACE_BOUND('',#1107,.T.);
#620=FACE_BOUND('',#1108,.T.);
#621=FACE_BOUND('',#1109,.T.);
#622=FACE_BOUND('',#1122,.T.);
#623=FACE_BOUND('',#1123,.T.);
#624=FACE_BOUND('',#1129,.T.);
#625=FACE_BOUND('',#1130,.T.);
#626=FACE_BOUND('',#1138,.T.);
#627=FACE_BOUND('',#1139,.T.);
#628=FACE_BOUND('',#1140,.T.);
#629=FACE_BOUND('',#1141,.T.);
#630=FACE_BOUND('',#1142,.T.);
#631=FACE_BOUND('',#1143,.T.);
#632=FACE_BOUND('',#1144,.T.);
#633=FACE_BOUND('',#1145,.T.);
#634=FACE_BOUND('',#1146,.T.);
#635=FACE_BOUND('',#1147,.T.);
#636=FACE_BOUND('',#1148,.T.);
#637=FACE_BOUND('',#1155,.T.);
#638=FACE_BOUND('',#1156,.T.);
#639=FACE_BOUND('',#1157,.T.);
#640=FACE_BOUND('',#1158,.T.);
#641=FACE_BOUND('',#1159,.T.);
#642=FACE_BOUND('',#1160,.T.);
#643=FACE_BOUND('',#1161,.T.);
#644=FACE_BOUND('',#1162,.T.);
#645=FACE_BOUND('',#1163,.T.);
#646=FACE_BOUND('',#1164,.T.);
#647=FACE_BOUND('',#1165,.T.);
#648=FACE_BOUND('',#1176,.T.);
#649=FACE_BOUND('',#1177,.T.);
#650=FACE_BOUND('',#1178,.T.);
#651=FACE_BOUND('',#1179,.T.);
#652=FACE_BOUND('',#1180,.T.);
#653=FACE_BOUND('',#1181,.T.);
#654=FACE_BOUND('',#1182,.T.);
#655=FACE_BOUND('',#1183,.T.);
#656=FACE_BOUND('',#1184,.T.);
#657=FACE_BOUND('',#1185,.T.);
#658=FACE_BOUND('',#1186,.T.);
#659=FACE_BOUND('',#1187,.T.);
#660=FACE_BOUND('',#1188,.T.);
#661=FACE_BOUND('',#1189,.T.);
#662=FACE_BOUND('',#1190,.T.);
#663=FACE_BOUND('',#1191,.T.);
#664=FACE_BOUND('',#1192,.T.);
#665=FACE_BOUND('',#1193,.T.);
#666=FACE_BOUND('',#1194,.T.);
#667=FACE_BOUND('',#1195,.T.);
#668=FACE_BOUND('',#1196,.T.);
#669=FACE_BOUND('',#1197,.T.);
#670=FACE_BOUND('',#1198,.T.);
#671=FACE_BOUND('',#1199,.T.);
#672=FACE_BOUND('',#1200,.T.);
#673=FACE_BOUND('',#1201,.T.);
#674=FACE_BOUND('',#1202,.T.);
#675=FACE_BOUND('',#1203,.T.);
#676=FACE_BOUND('',#1204,.T.);
#677=FACE_BOUND('',#1205,.T.);
#678=FACE_BOUND('',#1206,.T.);
#679=FACE_BOUND('',#1207,.T.);
#680=FACE_BOUND('',#1208,.T.);
#681=FACE_BOUND('',#1209,.T.);
#682=FACE_BOUND('',#1210,.T.);
#683=FACE_BOUND('',#1211,.T.);
#684=FACE_BOUND('',#1212,.T.);
#685=FACE_BOUND('',#1213,.T.);
#686=FACE_BOUND('',#1214,.T.);
#687=FACE_BOUND('',#1215,.T.);
#688=FACE_BOUND('',#1216,.T.);
#689=FACE_BOUND('',#1217,.T.);
#690=FACE_BOUND('',#1218,.T.);
#691=FACE_BOUND('',#1219,.T.);
#692=FACE_BOUND('',#1220,.T.);
#693=FACE_BOUND('',#1221,.T.);
#694=FACE_BOUND('',#1222,.T.);
#695=FACE_BOUND('',#1223,.T.);
#696=FACE_BOUND('',#1224,.T.);
#697=FACE_BOUND('',#1225,.T.);
#698=FACE_BOUND('',#1226,.T.);
#699=FACE_BOUND('',#1227,.T.);
#700=FACE_BOUND('',#1228,.T.);
#701=FACE_BOUND('',#1229,.T.);
#702=FACE_BOUND('',#1230,.T.);
#703=FACE_BOUND('',#1231,.T.);
#704=FACE_BOUND('',#1232,.T.);
#705=FACE_BOUND('',#1233,.T.);
#706=FACE_BOUND('',#1234,.T.);
#707=FACE_BOUND('',#1235,.T.);
#708=CYLINDRICAL_SURFACE('',#2758,4.169);
#709=CYLINDRICAL_SURFACE('',#2761,4.169);
#710=CYLINDRICAL_SURFACE('',#2764,4.169);
#711=CYLINDRICAL_SURFACE('',#2767,4.169);
#712=CYLINDRICAL_SURFACE('',#2780,2.5);
#713=CYLINDRICAL_SURFACE('',#2804,2.5);
#714=CYLINDRICAL_SURFACE('',#2808,2.5);
#715=CYLINDRICAL_SURFACE('',#2812,2.5);
#716=CYLINDRICAL_SURFACE('',#2816,2.5);
#717=CYLINDRICAL_SURFACE('',#2833,4.169);
#718=CYLINDRICAL_SURFACE('',#2835,4.169);
#719=CYLINDRICAL_SURFACE('',#2837,4.169);
#720=CYLINDRICAL_SURFACE('',#2840,4.169);
#721=CYLINDRICAL_SURFACE('',#2851,2.5);
#722=CYLINDRICAL_SURFACE('',#2858,3.969);
#723=CYLINDRICAL_SURFACE('',#2862,3.969);
#724=CYLINDRICAL_SURFACE('',#2876,3.969);
#725=CYLINDRICAL_SURFACE('',#2880,3.969);
#726=CYLINDRICAL_SURFACE('',#2913,0.2);
#727=CYLINDRICAL_SURFACE('',#2914,0.2);
#728=CYLINDRICAL_SURFACE('',#2915,0.2);
#729=CYLINDRICAL_SURFACE('',#2916,0.2);
#730=CYLINDRICAL_SURFACE('',#2917,0.2);
#731=CYLINDRICAL_SURFACE('',#2918,0.2);
#732=CYLINDRICAL_SURFACE('',#2919,0.2);
#733=CYLINDRICAL_SURFACE('',#2920,0.2);
#734=CYLINDRICAL_SURFACE('',#2922,3.5);
#735=CYLINDRICAL_SURFACE('',#2925,5.5);
#736=CYLINDRICAL_SURFACE('',#2927,3.5);
#737=CYLINDRICAL_SURFACE('',#2930,5.5);
#738=CYLINDRICAL_SURFACE('',#2932,3.5);
#739=CYLINDRICAL_SURFACE('',#2935,5.5);
#740=CYLINDRICAL_SURFACE('',#2937,3.5);
#741=CYLINDRICAL_SURFACE('',#2940,5.5);
#742=CYLINDRICAL_SURFACE('',#2942,3.5);
#743=CYLINDRICAL_SURFACE('',#2945,5.5);
#744=CYLINDRICAL_SURFACE('',#2947,3.5);
#745=CYLINDRICAL_SURFACE('',#2950,5.5);
#746=CYLINDRICAL_SURFACE('',#2952,3.5);
#747=CYLINDRICAL_SURFACE('',#2955,5.5);
#748=CYLINDRICAL_SURFACE('',#2957,3.5);
#749=CYLINDRICAL_SURFACE('',#2960,5.5);
#750=CYLINDRICAL_SURFACE('',#2962,3.5);
#751=CYLINDRICAL_SURFACE('',#2965,5.5);
#752=CYLINDRICAL_SURFACE('',#2967,3.5);
#753=CYLINDRICAL_SURFACE('',#2970,5.5);
#754=ADVANCED_FACE('',(#960),#884,.T.);
#755=ADVANCED_FACE('',(#961),#885,.T.);
#756=ADVANCED_FACE('',(#962),#886,.T.);
#757=ADVANCED_FACE('',(#963),#887,.T.);
#758=ADVANCED_FACE('',(#964),#888,.T.);
#759=ADVANCED_FACE('',(#965),#889,.T.);
#760=ADVANCED_FACE('',(#966),#890,.T.);
#761=ADVANCED_FACE('',(#967),#891,.T.);
#762=ADVANCED_FACE('',(#968),#708,.T.);
#763=ADVANCED_FACE('',(#969),#892,.T.);
#764=ADVANCED_FACE('',(#970),#709,.T.);
#765=ADVANCED_FACE('',(#971),#893,.T.);
#766=ADVANCED_FACE('',(#972),#710,.T.);
#767=ADVANCED_FACE('',(#973),#894,.T.);
#768=ADVANCED_FACE('',(#974),#711,.T.);
#769=ADVANCED_FACE('',(#975),#895,.T.);
#770=ADVANCED_FACE('',(#976),#896,.T.);
#771=ADVANCED_FACE('',(#977),#897,.T.);
#772=ADVANCED_FACE('',(#978),#898,.T.);
#773=ADVANCED_FACE('',(#588,#589),#899,.F.);
#774=ADVANCED_FACE('',(#979),#900,.T.);
#775=ADVANCED_FACE('',(#980),#901,.F.);
#776=ADVANCED_FACE('',(#981),#902,.F.);
#777=ADVANCED_FACE('',(#982),#903,.F.);
#778=ADVANCED_FACE('',(#983),#904,.F.);
#779=ADVANCED_FACE('',(#590,#591),#712,.F.);
#780=ADVANCED_FACE('',(#984),#905,.T.);
#781=ADVANCED_FACE('',(#985),#906,.F.);
#782=ADVANCED_FACE('',(#592,#593,#594),#907,.F.);
#783=ADVANCED_FACE('',(#595,#596,#597),#908,.F.);
#784=ADVANCED_FACE('',(#986),#909,.T.);
#785=ADVANCED_FACE('',(#987),#910,.F.);
#786=ADVANCED_FACE('',(#988),#911,.F.);
#787=ADVANCED_FACE('',(#989),#912,.F.);
#788=ADVANCED_FACE('',(#990),#913,.F.);
#789=ADVANCED_FACE('',(#991),#914,.F.);
#790=ADVANCED_FACE('',(#992),#915,.F.);
#791=ADVANCED_FACE('',(#993),#916,.F.);
#792=ADVANCED_FACE('',(#994),#917,.F.);
#793=ADVANCED_FACE('',(#995),#918,.T.);
#794=ADVANCED_FACE('',(#996),#919,.T.);
#795=ADVANCED_FACE('',(#997),#920,.T.);
#796=ADVANCED_FACE('',(#598,#599),#576,.F.);
#797=ADVANCED_FACE('',(#600,#601),#713,.F.);
#798=ADVANCED_FACE('',(#602,#603),#577,.F.);
#799=ADVANCED_FACE('',(#604,#605),#714,.F.);
#800=ADVANCED_FACE('',(#606,#607),#578,.F.);
#801=ADVANCED_FACE('',(#608,#609),#715,.F.);
#802=ADVANCED_FACE('',(#610,#611),#579,.F.);
#803=ADVANCED_FACE('',(#612,#613),#716,.F.);
#804=ADVANCED_FACE('',(#998),#921,.F.);
#805=ADVANCED_FACE('',(#999),#922,.F.);
#806=ADVANCED_FACE('',(#614,#615),#580,.F.);
#807=ADVANCED_FACE('',(#616,#617),#581,.F.);
#808=ADVANCED_FACE('',(#618,#619),#582,.F.);
#809=ADVANCED_FACE('',(#620,#621),#583,.F.);
#810=ADVANCED_FACE('',(#1000),#923,.T.);
#811=ADVANCED_FACE('',(#1001),#924,.T.);
#812=ADVANCED_FACE('',(#1002),#925,.T.);
#813=ADVANCED_FACE('',(#1003),#926,.T.);
#814=ADVANCED_FACE('',(#1004),#927,.T.);
#815=ADVANCED_FACE('',(#1005),#928,.T.);
#816=ADVANCED_FACE('',(#1006),#717,.T.);
#817=ADVANCED_FACE('',(#1007),#718,.T.);
#818=ADVANCED_FACE('',(#1008),#719,.T.);
#819=ADVANCED_FACE('',(#1009),#720,.T.);
#820=ADVANCED_FACE('',(#1010),#929,.T.);
#821=ADVANCED_FACE('',(#1011),#930,.T.);
#822=ADVANCED_FACE('',(#622,#623),#931,.F.);
#823=ADVANCED_FACE('',(#1012),#932,.T.);
#824=ADVANCED_FACE('',(#1013),#933,.F.);
#825=ADVANCED_FACE('',(#1014),#934,.F.);
#826=ADVANCED_FACE('',(#1015),#935,.F.);
#827=ADVANCED_FACE('',(#1016),#936,.F.);
#828=ADVANCED_FACE('',(#624,#625),#721,.F.);
#829=ADVANCED_FACE('',(#1017),#937,.T.);
#830=ADVANCED_FACE('',(#1018),#938,.F.);
#831=ADVANCED_FACE('',(#1019),#939,.F.);
#832=ADVANCED_FACE('',(#1020),#940,.F.);
#833=ADVANCED_FACE('',(#1021),#722,.F.);
#834=ADVANCED_FACE('',(#1022),#941,.F.);
#835=ADVANCED_FACE('',(#1023),#723,.F.);
#836=ADVANCED_FACE('',(#626,#627,#628,#629,#630,#631,#632,#633,#634,#635,
#636),#942,.F.);
#837=ADVANCED_FACE('',(#1024),#724,.F.);
#838=ADVANCED_FACE('',(#1025),#943,.F.);
#839=ADVANCED_FACE('',(#1026),#725,.F.);
#840=ADVANCED_FACE('',(#1027),#944,.F.);
#841=ADVANCED_FACE('',(#1028),#945,.F.);
#842=ADVANCED_FACE('',(#1029),#946,.F.);
#843=ADVANCED_FACE('',(#637,#638,#639,#640,#641,#642,#643,#644,#645,#646,
#647),#947,.F.);
#844=ADVANCED_FACE('',(#1030),#948,.F.);
#845=ADVANCED_FACE('',(#1031),#949,.T.);
#846=ADVANCED_FACE('',(#1032),#726,.F.);
#847=ADVANCED_FACE('',(#1033),#727,.T.);
#848=ADVANCED_FACE('',(#1034),#728,.T.);
#849=ADVANCED_FACE('',(#1035),#729,.T.);
#850=ADVANCED_FACE('',(#1036),#730,.F.);
#851=ADVANCED_FACE('',(#1037),#731,.T.);
#852=ADVANCED_FACE('',(#1038),#732,.T.);
#853=ADVANCED_FACE('',(#1039),#733,.T.);
#854=ADVANCED_FACE('',(#648,#649),#734,.F.);
#855=ADVANCED_FACE('',(#650,#651),#950,.F.);
#856=ADVANCED_FACE('',(#652,#653),#735,.F.);
#857=ADVANCED_FACE('',(#654,#655),#736,.F.);
#858=ADVANCED_FACE('',(#656,#657),#951,.F.);
#859=ADVANCED_FACE('',(#658,#659),#737,.F.);
#860=ADVANCED_FACE('',(#660,#661),#738,.F.);
#861=ADVANCED_FACE('',(#662,#663),#952,.F.);
#862=ADVANCED_FACE('',(#664,#665),#739,.F.);
#863=ADVANCED_FACE('',(#666,#667),#740,.F.);
#864=ADVANCED_FACE('',(#668,#669),#953,.F.);
#865=ADVANCED_FACE('',(#670,#671),#741,.F.);
#866=ADVANCED_FACE('',(#672,#673),#742,.F.);
#867=ADVANCED_FACE('',(#674,#675),#954,.F.);
#868=ADVANCED_FACE('',(#676,#677),#743,.F.);
#869=ADVANCED_FACE('',(#678,#679),#744,.F.);
#870=ADVANCED_FACE('',(#680,#681),#955,.F.);
#871=ADVANCED_FACE('',(#682,#683),#745,.F.);
#872=ADVANCED_FACE('',(#684,#685),#746,.F.);
#873=ADVANCED_FACE('',(#686,#687),#956,.F.);
#874=ADVANCED_FACE('',(#688,#689),#747,.F.);
#875=ADVANCED_FACE('',(#690,#691),#748,.F.);
#876=ADVANCED_FACE('',(#692,#693),#957,.F.);
#877=ADVANCED_FACE('',(#694,#695),#749,.F.);
#878=ADVANCED_FACE('',(#696,#697),#750,.F.);
#879=ADVANCED_FACE('',(#698,#699),#958,.F.);
#880=ADVANCED_FACE('',(#700,#701),#751,.F.);
#881=ADVANCED_FACE('',(#702,#703),#752,.F.);
#882=ADVANCED_FACE('',(#704,#705),#959,.F.);
#883=ADVANCED_FACE('',(#706,#707),#753,.F.);
#884=PLANE('',#2746);
#885=PLANE('',#2748);
#886=PLANE('',#2750);
#887=PLANE('',#2751);
#888=PLANE('',#2752);
#889=PLANE('',#2753);
#890=PLANE('',#2754);
#891=PLANE('',#2755);
#892=PLANE('',#2759);
#893=PLANE('',#2762);
#894=PLANE('',#2765);
#895=PLANE('',#2768);
#896=PLANE('',#2769);
#897=PLANE('',#2770);
#898=PLANE('',#2771);
#899=PLANE('',#2773);
#900=PLANE('',#2774);
#901=PLANE('',#2775);
#902=PLANE('',#2776);
#903=PLANE('',#2777);
#904=PLANE('',#2778);
#905=PLANE('',#2781);
#906=PLANE('',#2782);
#907=PLANE('',#2785);
#908=PLANE('',#2788);
#909=PLANE('',#2789);
#910=PLANE('',#2790);
#911=PLANE('',#2791);
#912=PLANE('',#2792);
#913=PLANE('',#2793);
#914=PLANE('',#2794);
#915=PLANE('',#2795);
#916=PLANE('',#2796);
#917=PLANE('',#2797);
#918=PLANE('',#2798);
#919=PLANE('',#2799);
#920=PLANE('',#2800);
#921=PLANE('',#2817);
#922=PLANE('',#2818);
#923=PLANE('',#2824);
#924=PLANE('',#2826);
#925=PLANE('',#2828);
#926=PLANE('',#2829);
#927=PLANE('',#2830);
#928=PLANE('',#2831);
#929=PLANE('',#2841);
#930=PLANE('',#2842);
#931=PLANE('',#2844);
#932=PLANE('',#2845);
#933=PLANE('',#2846);
#934=PLANE('',#2847);
#935=PLANE('',#2848);
#936=PLANE('',#2849);
#937=PLANE('',#2852);
#938=PLANE('',#2853);
#939=PLANE('',#2854);
#940=PLANE('',#2855);
#941=PLANE('',#2859);
#942=PLANE('',#2873);
#943=PLANE('',#2877);
#944=PLANE('',#2881);
#945=PLANE('',#2882);
#946=PLANE('',#2883);
#947=PLANE('',#2894);
#948=PLANE('',#2903);
#949=PLANE('',#2912);
#950=PLANE('',#2924);
#951=PLANE('',#2929);
#952=PLANE('',#2934);
#953=PLANE('',#2939);
#954=PLANE('',#2944);
#955=PLANE('',#2949);
#956=PLANE('',#2954);
#957=PLANE('',#2959);
#958=PLANE('',#2964);
#959=PLANE('',#2969);
#960=FACE_OUTER_BOUND('',#1040,.T.);
#961=FACE_OUTER_BOUND('',#1041,.T.);
#962=FACE_OUTER_BOUND('',#1042,.T.);
#963=FACE_OUTER_BOUND('',#1043,.T.);
#964=FACE_OUTER_BOUND('',#1044,.T.);
#965=FACE_OUTER_BOUND('',#1045,.T.);
#966=FACE_OUTER_BOUND('',#1046,.T.);
#967=FACE_OUTER_BOUND('',#1047,.T.);
#968=FACE_OUTER_BOUND('',#1048,.T.);
#969=FACE_OUTER_BOUND('',#1049,.T.);
#970=FACE_OUTER_BOUND('',#1050,.T.);
#971=FACE_OUTER_BOUND('',#1051,.T.);
#972=FACE_OUTER_BOUND('',#1052,.T.);
#973=FACE_OUTER_BOUND('',#1053,.T.);
#974=FACE_OUTER_BOUND('',#1054,.T.);
#975=FACE_OUTER_BOUND('',#1055,.T.);
#976=FACE_OUTER_BOUND('',#1056,.T.);
#977=FACE_OUTER_BOUND('',#1057,.T.);
#978=FACE_OUTER_BOUND('',#1058,.T.);
#979=FACE_OUTER_BOUND('',#1061,.T.);
#980=FACE_OUTER_BOUND('',#1062,.T.);
#981=FACE_OUTER_BOUND('',#1063,.T.);
#982=FACE_OUTER_BOUND('',#1064,.T.);
#983=FACE_OUTER_BOUND('',#1065,.T.);
#984=FACE_OUTER_BOUND('',#1068,.T.);
#985=FACE_OUTER_BOUND('',#1069,.T.);
#986=FACE_OUTER_BOUND('',#1076,.T.);
#987=FACE_OUTER_BOUND('',#1077,.T.);
#988=FACE_OUTER_BOUND('',#1078,.T.);
#989=FACE_OUTER_BOUND('',#1079,.T.);
#990=FACE_OUTER_BOUND('',#1080,.T.);
#991=FACE_OUTER_BOUND('',#1081,.T.);
#992=FACE_OUTER_BOUND('',#1082,.T.);
#993=FACE_OUTER_BOUND('',#1083,.T.);
#994=FACE_OUTER_BOUND('',#1084,.T.);
#995=FACE_OUTER_BOUND('',#1085,.T.);
#996=FACE_OUTER_BOUND('',#1086,.T.);
#997=FACE_OUTER_BOUND('',#1087,.T.);
#998=FACE_OUTER_BOUND('',#1100,.T.);
#999=FACE_OUTER_BOUND('',#1101,.T.);
#1000=FACE_OUTER_BOUND('',#1110,.T.);
#1001=FACE_OUTER_BOUND('',#1111,.T.);
#1002=FACE_OUTER_BOUND('',#1112,.T.);
#1003=FACE_OUTER_BOUND('',#1113,.T.);
#1004=FACE_OUTER_BOUND('',#1114,.T.);
#1005=FACE_OUTER_BOUND('',#1115,.T.);
#1006=FACE_OUTER_BOUND('',#1116,.T.);
#1007=FACE_OUTER_BOUND('',#1117,.T.);
#1008=FACE_OUTER_BOUND('',#1118,.T.);
#1009=FACE_OUTER_BOUND('',#1119,.T.);
#1010=FACE_OUTER_BOUND('',#1120,.T.);
#1011=FACE_OUTER_BOUND('',#1121,.T.);
#1012=FACE_OUTER_BOUND('',#1124,.T.);
#1013=FACE_OUTER_BOUND('',#1125,.T.);
#1014=FACE_OUTER_BOUND('',#1126,.T.);
#1015=FACE_OUTER_BOUND('',#1127,.T.);
#1016=FACE_OUTER_BOUND('',#1128,.T.);
#1017=FACE_OUTER_BOUND('',#1131,.T.);
#1018=FACE_OUTER_BOUND('',#1132,.T.);
#1019=FACE_OUTER_BOUND('',#1133,.T.);
#1020=FACE_OUTER_BOUND('',#1134,.T.);
#1021=FACE_OUTER_BOUND('',#1135,.T.);
#1022=FACE_OUTER_BOUND('',#1136,.T.);
#1023=FACE_OUTER_BOUND('',#1137,.T.);
#1024=FACE_OUTER_BOUND('',#1149,.T.);
#1025=FACE_OUTER_BOUND('',#1150,.T.);
#1026=FACE_OUTER_BOUND('',#1151,.T.);
#1027=FACE_OUTER_BOUND('',#1152,.T.);
#1028=FACE_OUTER_BOUND('',#1153,.T.);
#1029=FACE_OUTER_BOUND('',#1154,.T.);
#1030=FACE_OUTER_BOUND('',#1166,.T.);
#1031=FACE_OUTER_BOUND('',#1167,.T.);
#1032=FACE_OUTER_BOUND('',#1168,.T.);
#1033=FACE_OUTER_BOUND('',#1169,.T.);
#1034=FACE_OUTER_BOUND('',#1170,.T.);
#1035=FACE_OUTER_BOUND('',#1171,.T.);
#1036=FACE_OUTER_BOUND('',#1172,.T.);
#1037=FACE_OUTER_BOUND('',#1173,.T.);
#1038=FACE_OUTER_BOUND('',#1174,.T.);
#1039=FACE_OUTER_BOUND('',#1175,.T.);
#1040=EDGE_LOOP('',(#1332,#1333));
#1041=EDGE_LOOP('',(#1334,#1335));
#1042=EDGE_LOOP('',(#1336,#1337));
#1043=EDGE_LOOP('',(#1338,#1339,#1340,#1341));
#1044=EDGE_LOOP('',(#1342,#1343,#1344,#1345));
#1045=EDGE_LOOP('',(#1346,#1347,#1348,#1349));
#1046=EDGE_LOOP('',(#1350,#1351,#1352,#1353,#1354,#1355,#1356,#1357));
#1047=EDGE_LOOP('',(#1358,#1359,#1360,#1361,#1362,#1363));
#1048=EDGE_LOOP('',(#1364,#1365,#1366,#1367));
#1049=EDGE_LOOP('',(#1368,#1369,#1370,#1371,#1372,#1373,#1374,#1375));
#1050=EDGE_LOOP('',(#1376,#1377,#1378,#1379));
#1051=EDGE_LOOP('',(#1380,#1381,#1382,#1383,#1384,#1385,#1386,#1387));
#1052=EDGE_LOOP('',(#1388,#1389,#1390,#1391));
#1053=EDGE_LOOP('',(#1392,#1393,#1394,#1395,#1396,#1397,#1398,#1399));
#1054=EDGE_LOOP('',(#1400,#1401,#1402,#1403));
#1055=EDGE_LOOP('',(#1404,#1405,#1406,#1407,#1408,#1409));
#1056=EDGE_LOOP('',(#1410,#1411,#1412,#1413,#1414,#1415,#1416,#1417));
#1057=EDGE_LOOP('',(#1418,#1419,#1420,#1421));
#1058=EDGE_LOOP('',(#1422,#1423,#1424,#1425));
#1059=EDGE_LOOP('',(#1426));
#1060=EDGE_LOOP('',(#1427,#1428,#1429,#1430,#1431,#1432,#1433,#1434,#1435,
#1436,#1437,#1438,#1439,#1440,#1441,#1442,#1443,#1444,#1445,#1446));
#1061=EDGE_LOOP('',(#1447,#1448));
#1062=EDGE_LOOP('',(#1449,#1450,#1451,#1452));
#1063=EDGE_LOOP('',(#1453,#1454,#1455,#1456));
#1064=EDGE_LOOP('',(#1457,#1458,#1459,#1460));
#1065=EDGE_LOOP('',(#1461,#1462,#1463,#1464));
#1066=EDGE_LOOP('',(#1465));
#1067=EDGE_LOOP('',(#1466));
#1068=EDGE_LOOP('',(#1467));
#1069=EDGE_LOOP('',(#1468,#1469,#1470,#1471,#1472,#1473,#1474,#1475,#1476,
#1477,#1478,#1479,#1480,#1481,#1482,#1483,#1484,#1485,#1486,#1487,#1488,
#1489));
#1070=EDGE_LOOP('',(#1490));
#1071=EDGE_LOOP('',(#1491));
#1072=EDGE_LOOP('',(#1492,#1493,#1494,#1495));
#1073=EDGE_LOOP('',(#1496));
#1074=EDGE_LOOP('',(#1497));
#1075=EDGE_LOOP('',(#1498,#1499,#1500,#1501));
#1076=EDGE_LOOP('',(#1502,#1503,#1504,#1505,#1506,#1507,#1508,#1509,#1510,
#1511,#1512,#1513,#1514,#1515,#1516,#1517,#1518,#1519,#1520,#1521,#1522,
#1523));
#1077=EDGE_LOOP('',(#1524,#1525,#1526,#1527));
#1078=EDGE_LOOP('',(#1528,#1529,#1530,#1531));
#1079=EDGE_LOOP('',(#1532,#1533,#1534,#1535));
#1080=EDGE_LOOP('',(#1536,#1537,#1538,#1539));
#1081=EDGE_LOOP('',(#1540,#1541,#1542,#1543));
#1082=EDGE_LOOP('',(#1544,#1545,#1546,#1547));
#1083=EDGE_LOOP('',(#1548,#1549,#1550,#1551));
#1084=EDGE_LOOP('',(#1552,#1553,#1554,#1555));
#1085=EDGE_LOOP('',(#1556,#1557,#1558,#1559));
#1086=EDGE_LOOP('',(#1560,#1561,#1562,#1563));
#1087=EDGE_LOOP('',(#1564,#1565,#1566,#1567));
#1088=EDGE_LOOP('',(#1568));
#1089=EDGE_LOOP('',(#1569));
#1090=EDGE_LOOP('',(#1570));
#1091=EDGE_LOOP('',(#1571));
#1092=EDGE_LOOP('',(#1572));
#1093=EDGE_LOOP('',(#1573));
#1094=EDGE_LOOP('',(#1574));
#1095=EDGE_LOOP('',(#1575));
#1096=EDGE_LOOP('',(#1576));
#1097=EDGE_LOOP('',(#1577));
#1098=EDGE_LOOP('',(#1578));
#1099=EDGE_LOOP('',(#1579));
#1100=EDGE_LOOP('',(#1580,#1581,#1582,#1583));
#1101=EDGE_LOOP('',(#1584,#1585,#1586,#1587));
#1102=EDGE_LOOP('',(#1588));
#1103=EDGE_LOOP('',(#1589));
#1104=EDGE_LOOP('',(#1590));
#1105=EDGE_LOOP('',(#1591));
#1106=EDGE_LOOP('',(#1592));
#1107=EDGE_LOOP('',(#1593));
#1108=EDGE_LOOP('',(#1594));
#1109=EDGE_LOOP('',(#1595));
#1110=EDGE_LOOP('',(#1596,#1597));
#1111=EDGE_LOOP('',(#1598,#1599));
#1112=EDGE_LOOP('',(#1600,#1601));
#1113=EDGE_LOOP('',(#1602,#1603,#1604,#1605));
#1114=EDGE_LOOP('',(#1606,#1607,#1608,#1609));
#1115=EDGE_LOOP('',(#1610,#1611,#1612,#1613));
#1116=EDGE_LOOP('',(#1614,#1615,#1616,#1617));
#1117=EDGE_LOOP('',(#1618,#1619,#1620,#1621));
#1118=EDGE_LOOP('',(#1622,#1623,#1624,#1625));
#1119=EDGE_LOOP('',(#1626,#1627,#1628,#1629));
#1120=EDGE_LOOP('',(#1630,#1631,#1632,#1633));
#1121=EDGE_LOOP('',(#1634,#1635,#1636,#1637));
#1122=EDGE_LOOP('',(#1638));
#1123=EDGE_LOOP('',(#1639,#1640,#1641,#1642,#1643,#1644,#1645,#1646,#1647,
#1648,#1649,#1650,#1651,#1652,#1653,#1654,#1655,#1656,#1657,#1658));
#1124=EDGE_LOOP('',(#1659,#1660));
#1125=EDGE_LOOP('',(#1661,#1662,#1663,#1664));
#1126=EDGE_LOOP('',(#1665,#1666,#1667,#1668));
#1127=EDGE_LOOP('',(#1669,#1670,#1671,#1672));
#1128=EDGE_LOOP('',(#1673,#1674,#1675,#1676));
#1129=EDGE_LOOP('',(#1677));
#1130=EDGE_LOOP('',(#1678));
#1131=EDGE_LOOP('',(#1679));
#1132=EDGE_LOOP('',(#1680,#1681,#1682,#1683));
#1133=EDGE_LOOP('',(#1684,#1685,#1686,#1687));
#1134=EDGE_LOOP('',(#1688,#1689,#1690,#1691));
#1135=EDGE_LOOP('',(#1692,#1693,#1694,#1695));
#1136=EDGE_LOOP('',(#1696,#1697,#1698,#1699));
#1137=EDGE_LOOP('',(#1700,#1701,#1702,#1703));
#1138=EDGE_LOOP('',(#1704));
#1139=EDGE_LOOP('',(#1705));
#1140=EDGE_LOOP('',(#1706));
#1141=EDGE_LOOP('',(#1707));
#1142=EDGE_LOOP('',(#1708));
#1143=EDGE_LOOP('',(#1709));
#1144=EDGE_LOOP('',(#1710));
#1145=EDGE_LOOP('',(#1711));
#1146=EDGE_LOOP('',(#1712));
#1147=EDGE_LOOP('',(#1713));
#1148=EDGE_LOOP('',(#1714,#1715,#1716,#1717));
#1149=EDGE_LOOP('',(#1718,#1719,#1720,#1721));
#1150=EDGE_LOOP('',(#1722,#1723,#1724,#1725));
#1151=EDGE_LOOP('',(#1726,#1727,#1728,#1729));
#1152=EDGE_LOOP('',(#1730,#1731,#1732,#1733));
#1153=EDGE_LOOP('',(#1734,#1735,#1736,#1737));
#1154=EDGE_LOOP('',(#1738,#1739,#1740,#1741));
#1155=EDGE_LOOP('',(#1742));
#1156=EDGE_LOOP('',(#1743));
#1157=EDGE_LOOP('',(#1744));
#1158=EDGE_LOOP('',(#1745));
#1159=EDGE_LOOP('',(#1746));
#1160=EDGE_LOOP('',(#1747));
#1161=EDGE_LOOP('',(#1748));
#1162=EDGE_LOOP('',(#1749));
#1163=EDGE_LOOP('',(#1750));
#1164=EDGE_LOOP('',(#1751));
#1165=EDGE_LOOP('',(#1752,#1753,#1754,#1755));
#1166=EDGE_LOOP('',(#1756,#1757,#1758,#1759,#1760,#1761,#1762,#1763,#1764,
#1765,#1766,#1767,#1768,#1769,#1770,#1771,#1772,#1773,#1774,#1775,#1776,
#1777));
#1167=EDGE_LOOP('',(#1778,#1779,#1780,#1781,#1782,#1783,#1784,#1785,#1786,
#1787,#1788,#1789,#1790,#1791,#1792,#1793,#1794,#1795,#1796,#1797,#1798,
#1799));
#1168=EDGE_LOOP('',(#1800,#1801,#1802,#1803));
#1169=EDGE_LOOP('',(#1804,#1805,#1806,#1807));
#1170=EDGE_LOOP('',(#1808,#1809,#1810,#1811));
#1171=EDGE_LOOP('',(#1812,#1813,#1814,#1815));
#1172=EDGE_LOOP('',(#1816,#1817,#1818,#1819));
#1173=EDGE_LOOP('',(#1820,#1821,#1822,#1823));
#1174=EDGE_LOOP('',(#1824,#1825,#1826,#1827));
#1175=EDGE_LOOP('',(#1828,#1829,#1830,#1831));
#1176=EDGE_LOOP('',(#1832));
#1177=EDGE_LOOP('',(#1833));
#1178=EDGE_LOOP('',(#1834));
#1179=EDGE_LOOP('',(#1835));
#1180=EDGE_LOOP('',(#1836));
#1181=EDGE_LOOP('',(#1837));
#1182=EDGE_LOOP('',(#1838));
#1183=EDGE_LOOP('',(#1839));
#1184=EDGE_LOOP('',(#1840));
#1185=EDGE_LOOP('',(#1841));
#1186=EDGE_LOOP('',(#1842));
#1187=EDGE_LOOP('',(#1843));
#1188=EDGE_LOOP('',(#1844));
#1189=EDGE_LOOP('',(#1845));
#1190=EDGE_LOOP('',(#1846));
#1191=EDGE_LOOP('',(#1847));
#1192=EDGE_LOOP('',(#1848));
#1193=EDGE_LOOP('',(#1849));
#1194=EDGE_LOOP('',(#1850));
#1195=EDGE_LOOP('',(#1851));
#1196=EDGE_LOOP('',(#1852));
#1197=EDGE_LOOP('',(#1853));
#1198=EDGE_LOOP('',(#1854));
#1199=EDGE_LOOP('',(#1855));
#1200=EDGE_LOOP('',(#1856));
#1201=EDGE_LOOP('',(#1857));
#1202=EDGE_LOOP('',(#1858));
#1203=EDGE_LOOP('',(#1859));
#1204=EDGE_LOOP('',(#1860));
#1205=EDGE_LOOP('',(#1861));
#1206=EDGE_LOOP('',(#1862));
#1207=EDGE_LOOP('',(#1863));
#1208=EDGE_LOOP('',(#1864));
#1209=EDGE_LOOP('',(#1865));
#1210=EDGE_LOOP('',(#1866));
#1211=EDGE_LOOP('',(#1867));
#1212=EDGE_LOOP('',(#1868));
#1213=EDGE_LOOP('',(#1869));
#1214=EDGE_LOOP('',(#1870));
#1215=EDGE_LOOP('',(#1871));
#1216=EDGE_LOOP('',(#1872));
#1217=EDGE_LOOP('',(#1873));
#1218=EDGE_LOOP('',(#1874));
#1219=EDGE_LOOP('',(#1875));
#1220=EDGE_LOOP('',(#1876));
#1221=EDGE_LOOP('',(#1877));
#1222=EDGE_LOOP('',(#1878));
#1223=EDGE_LOOP('',(#1879));
#1224=EDGE_LOOP('',(#1880));
#1225=EDGE_LOOP('',(#1881));
#1226=EDGE_LOOP('',(#1882));
#1227=EDGE_LOOP('',(#1883));
#1228=EDGE_LOOP('',(#1884));
#1229=EDGE_LOOP('',(#1885));
#1230=EDGE_LOOP('',(#1886));
#1231=EDGE_LOOP('',(#1887));
#1232=EDGE_LOOP('',(#1888));
#1233=EDGE_LOOP('',(#1889));
#1234=EDGE_LOOP('',(#1890));
#1235=EDGE_LOOP('',(#1891));
#1236=CIRCLE('',#2745,4.169);
#1237=CIRCLE('',#2747,4.169);
#1238=CIRCLE('',#2749,4.169);
#1239=CIRCLE('',#2756,4.169);
#1240=CIRCLE('',#2757,4.169);
#1241=CIRCLE('',#2760,4.169);
#1242=CIRCLE('',#2763,4.169);
#1243=CIRCLE('',#2766,4.169);
#1244=CIRCLE('',#2772,2.5);
#1245=CIRCLE('',#2779,2.5);
#1246=CIRCLE('',#2783,2.7);
#1247=CIRCLE('',#2784,2.7);
#1248=CIRCLE('',#2786,2.7);
#1249=CIRCLE('',#2787,2.7);
#1250=CIRCLE('',#2801,2.5);
#1251=CIRCLE('',#2803,2.5);
#1252=CIRCLE('',#2805,2.5);
#1253=CIRCLE('',#2807,2.5);
#1254=CIRCLE('',#2809,2.5);
#1255=CIRCLE('',#2811,2.5);
#1256=CIRCLE('',#2813,2.5);
#1257=CIRCLE('',#2815,2.5);
#1258=CIRCLE('',#2823,4.169);
#1259=CIRCLE('',#2825,4.169);
#1260=CIRCLE('',#2827,4.169);
#1261=CIRCLE('',#2832,4.169);
#1262=CIRCLE('',#2834,4.169);
#1263=CIRCLE('',#2836,4.169);
#1264=CIRCLE('',#2838,4.169);
#1265=CIRCLE('',#2839,4.169);
#1266=CIRCLE('',#2843,2.5);
#1267=CIRCLE('',#2850,2.5);
#1268=CIRCLE('',#2856,3.969);
#1269=CIRCLE('',#2857,3.969);
#1270=CIRCLE('',#2860,3.969);
#1271=CIRCLE('',#2861,3.969);
#1272=CIRCLE('',#2863,5.5);
#1273=CIRCLE('',#2864,5.5);
#1274=CIRCLE('',#2865,5.5);
#1275=CIRCLE('',#2866,5.5);
#1276=CIRCLE('',#2867,5.5);
#1277=CIRCLE('',#2868,5.5);
#1278=CIRCLE('',#2869,5.5);
#1279=CIRCLE('',#2870,5.5);
#1280=CIRCLE('',#2871,5.5);
#1281=CIRCLE('',#2872,5.5);
#1282=CIRCLE('',#2874,3.969);
#1283=CIRCLE('',#2875,3.969);
#1284=CIRCLE('',#2878,3.969);
#1285=CIRCLE('',#2879,3.969);
#1286=CIRCLE('',#2884,3.5);
#1287=CIRCLE('',#2885,3.5);
#1288=CIRCLE('',#2886,3.5);
#1289=CIRCLE('',#2887,3.5);
#1290=CIRCLE('',#2888,3.5);
#1291=CIRCLE('',#2889,3.5);
#1292=CIRCLE('',#2890,3.5);
#1293=CIRCLE('',#2891,3.5);
#1294=CIRCLE('',#2892,3.5);
#1295=CIRCLE('',#2893,3.5);
#1296=CIRCLE('',#2895,0.2);
#1297=CIRCLE('',#2896,0.2);
#1298=CIRCLE('',#2897,0.2);
#1299=CIRCLE('',#2898,0.2);
#1300=CIRCLE('',#2899,0.2);
#1301=CIRCLE('',#2900,0.2);
#1302=CIRCLE('',#2901,0.2);
#1303=CIRCLE('',#2902,0.2);
#1304=CIRCLE('',#2904,0.2);
#1305=CIRCLE('',#2905,0.2);
#1306=CIRCLE('',#2906,0.2);
#1307=CIRCLE('',#2907,0.2);
#1308=CIRCLE('',#2908,0.2);
#1309=CIRCLE('',#2909,0.2);
#1310=CIRCLE('',#2910,0.2);
#1311=CIRCLE('',#2911,0.2);
#1312=CIRCLE('',#2921,3.5);
#1313=CIRCLE('',#2923,5.5);
#1314=CIRCLE('',#2926,3.5);
#1315=CIRCLE('',#2928,5.5);
#1316=CIRCLE('',#2931,3.5);
#1317=CIRCLE('',#2933,5.5);
#1318=CIRCLE('',#2936,3.5);
#1319=CIRCLE('',#2938,5.5);
#1320=CIRCLE('',#2941,3.5);
#1321=CIRCLE('',#2943,5.5);
#1322=CIRCLE('',#2946,3.5);
#1323=CIRCLE('',#2948,5.5);
#1324=CIRCLE('',#2951,3.5);
#1325=CIRCLE('',#2953,5.5);
#1326=CIRCLE('',#2956,3.5);
#1327=CIRCLE('',#2958,5.5);
#1328=CIRCLE('',#2961,3.5);
#1329=CIRCLE('',#2963,5.5);
#1330=CIRCLE('',#2966,3.5);
#1331=CIRCLE('',#2968,5.5);
#1332=ORIENTED_EDGE('',*,*,#2096,.F.);
#1333=ORIENTED_EDGE('',*,*,#2097,.T.);
#1334=ORIENTED_EDGE('',*,*,#2098,.F.);
#1335=ORIENTED_EDGE('',*,*,#2099,.T.);
#1336=ORIENTED_EDGE('',*,*,#2100,.F.);
#1337=ORIENTED_EDGE('',*,*,#2101,.T.);
#1338=ORIENTED_EDGE('',*,*,#2102,.F.);
#1339=ORIENTED_EDGE('',*,*,#2103,.T.);
#1340=ORIENTED_EDGE('',*,*,#2104,.T.);
#1341=ORIENTED_EDGE('',*,*,#2105,.T.);
#1342=ORIENTED_EDGE('',*,*,#2106,.F.);
#1343=ORIENTED_EDGE('',*,*,#2107,.T.);
#1344=ORIENTED_EDGE('',*,*,#2108,.T.);
#1345=ORIENTED_EDGE('',*,*,#2109,.T.);
#1346=ORIENTED_EDGE('',*,*,#2110,.F.);
#1347=ORIENTED_EDGE('',*,*,#2111,.T.);
#1348=ORIENTED_EDGE('',*,*,#2112,.T.);
#1349=ORIENTED_EDGE('',*,*,#2113,.T.);
#1350=ORIENTED_EDGE('',*,*,#2114,.T.);
#1351=ORIENTED_EDGE('',*,*,#2115,.F.);
#1352=ORIENTED_EDGE('',*,*,#2116,.T.);
#1353=ORIENTED_EDGE('',*,*,#2117,.F.);
#1354=ORIENTED_EDGE('',*,*,#2118,.T.);
#1355=ORIENTED_EDGE('',*,*,#2119,.T.);
#1356=ORIENTED_EDGE('',*,*,#2113,.F.);
#1357=ORIENTED_EDGE('',*,*,#2120,.T.);
#1358=ORIENTED_EDGE('',*,*,#2121,.T.);
#1359=ORIENTED_EDGE('',*,*,#2122,.F.);
#1360=ORIENTED_EDGE('',*,*,#2123,.F.);
#1361=ORIENTED_EDGE('',*,*,#2124,.F.);
#1362=ORIENTED_EDGE('',*,*,#2114,.F.);
#1363=ORIENTED_EDGE('',*,*,#2125,.T.);
#1364=ORIENTED_EDGE('',*,*,#2126,.F.);
#1365=ORIENTED_EDGE('',*,*,#2121,.F.);
#1366=ORIENTED_EDGE('',*,*,#2127,.T.);
#1367=ORIENTED_EDGE('',*,*,#2128,.T.);
#1368=ORIENTED_EDGE('',*,*,#2129,.T.);
#1369=ORIENTED_EDGE('',*,*,#2130,.F.);
#1370=ORIENTED_EDGE('',*,*,#2131,.F.);
#1371=ORIENTED_EDGE('',*,*,#2132,.F.);
#1372=ORIENTED_EDGE('',*,*,#2133,.T.);
#1373=ORIENTED_EDGE('',*,*,#2134,.T.);
#1374=ORIENTED_EDGE('',*,*,#2128,.F.);
#1375=ORIENTED_EDGE('',*,*,#2135,.T.);
#1376=ORIENTED_EDGE('',*,*,#2101,.F.);
#1377=ORIENTED_EDGE('',*,*,#2129,.F.);
#1378=ORIENTED_EDGE('',*,*,#2136,.T.);
#1379=ORIENTED_EDGE('',*,*,#2137,.T.);
#1380=ORIENTED_EDGE('',*,*,#2138,.T.);
#1381=ORIENTED_EDGE('',*,*,#2139,.F.);
#1382=ORIENTED_EDGE('',*,*,#2140,.F.);
#1383=ORIENTED_EDGE('',*,*,#2141,.F.);
#1384=ORIENTED_EDGE('',*,*,#2142,.T.);
#1385=ORIENTED_EDGE('',*,*,#2143,.T.);
#1386=ORIENTED_EDGE('',*,*,#2137,.F.);
#1387=ORIENTED_EDGE('',*,*,#2144,.T.);
#1388=ORIENTED_EDGE('',*,*,#2099,.F.);
#1389=ORIENTED_EDGE('',*,*,#2138,.F.);
#1390=ORIENTED_EDGE('',*,*,#2145,.T.);
#1391=ORIENTED_EDGE('',*,*,#2146,.T.);
#1392=ORIENTED_EDGE('',*,*,#2147,.T.);
#1393=ORIENTED_EDGE('',*,*,#2148,.F.);
#1394=ORIENTED_EDGE('',*,*,#2149,.F.);
#1395=ORIENTED_EDGE('',*,*,#2150,.F.);
#1396=ORIENTED_EDGE('',*,*,#2151,.T.);
#1397=ORIENTED_EDGE('',*,*,#2152,.T.);
#1398=ORIENTED_EDGE('',*,*,#2146,.F.);
#1399=ORIENTED_EDGE('',*,*,#2153,.T.);
#1400=ORIENTED_EDGE('',*,*,#2097,.F.);
#1401=ORIENTED_EDGE('',*,*,#2147,.F.);
#1402=ORIENTED_EDGE('',*,*,#2154,.T.);
#1403=ORIENTED_EDGE('',*,*,#2155,.T.);
#1404=ORIENTED_EDGE('',*,*,#2156,.T.);
#1405=ORIENTED_EDGE('',*,*,#2157,.F.);
#1406=ORIENTED_EDGE('',*,*,#2158,.T.);
#1407=ORIENTED_EDGE('',*,*,#2159,.T.);
#1408=ORIENTED_EDGE('',*,*,#2155,.F.);
#1409=ORIENTED_EDGE('',*,*,#2160,.T.);
#1410=ORIENTED_EDGE('',*,*,#2161,.T.);
#1411=ORIENTED_EDGE('',*,*,#2162,.T.);
#1412=ORIENTED_EDGE('',*,*,#2163,.F.);
#1413=ORIENTED_EDGE('',*,*,#2164,.F.);
#1414=ORIENTED_EDGE('',*,*,#2165,.F.);
#1415=ORIENTED_EDGE('',*,*,#2166,.F.);
#1416=ORIENTED_EDGE('',*,*,#2156,.F.);
#1417=ORIENTED_EDGE('',*,*,#2167,.T.);
#1418=ORIENTED_EDGE('',*,*,#2168,.T.);
#1419=ORIENTED_EDGE('',*,*,#2169,.T.);
#1420=ORIENTED_EDGE('',*,*,#2170,.F.);
#1421=ORIENTED_EDGE('',*,*,#2161,.F.);
#1422=ORIENTED_EDGE('',*,*,#2171,.F.);
#1423=ORIENTED_EDGE('',*,*,#2172,.T.);
#1424=ORIENTED_EDGE('',*,*,#2173,.T.);
#1425=ORIENTED_EDGE('',*,*,#2174,.T.);
#1426=ORIENTED_EDGE('',*,*,#2175,.F.);
#1427=ORIENTED_EDGE('',*,*,#2173,.F.);
#1428=ORIENTED_EDGE('',*,*,#2176,.T.);
#1429=ORIENTED_EDGE('',*,*,#2168,.F.);
#1430=ORIENTED_EDGE('',*,*,#2167,.F.);
#1431=ORIENTED_EDGE('',*,*,#2160,.F.);
#1432=ORIENTED_EDGE('',*,*,#2154,.F.);
#1433=ORIENTED_EDGE('',*,*,#2153,.F.);
#1434=ORIENTED_EDGE('',*,*,#2145,.F.);
#1435=ORIENTED_EDGE('',*,*,#2144,.F.);
#1436=ORIENTED_EDGE('',*,*,#2136,.F.);
#1437=ORIENTED_EDGE('',*,*,#2135,.F.);
#1438=ORIENTED_EDGE('',*,*,#2127,.F.);
#1439=ORIENTED_EDGE('',*,*,#2125,.F.);
#1440=ORIENTED_EDGE('',*,*,#2120,.F.);
#1441=ORIENTED_EDGE('',*,*,#2112,.F.);
#1442=ORIENTED_EDGE('',*,*,#2177,.T.);
#1443=ORIENTED_EDGE('',*,*,#2108,.F.);
#1444=ORIENTED_EDGE('',*,*,#2178,.T.);
#1445=ORIENTED_EDGE('',*,*,#2104,.F.);
#1446=ORIENTED_EDGE('',*,*,#2179,.T.);
#1447=ORIENTED_EDGE('',*,*,#2180,.F.);
#1448=ORIENTED_EDGE('',*,*,#2126,.T.);
#1449=ORIENTED_EDGE('',*,*,#2176,.F.);
#1450=ORIENTED_EDGE('',*,*,#2172,.F.);
#1451=ORIENTED_EDGE('',*,*,#2181,.F.);
#1452=ORIENTED_EDGE('',*,*,#2169,.F.);
#1453=ORIENTED_EDGE('',*,*,#2179,.F.);
#1454=ORIENTED_EDGE('',*,*,#2103,.F.);
#1455=ORIENTED_EDGE('',*,*,#2182,.F.);
#1456=ORIENTED_EDGE('',*,*,#2174,.F.);
#1457=ORIENTED_EDGE('',*,*,#2178,.F.);
#1458=ORIENTED_EDGE('',*,*,#2107,.F.);
#1459=ORIENTED_EDGE('',*,*,#2183,.F.);
#1460=ORIENTED_EDGE('',*,*,#2105,.F.);
#1461=ORIENTED_EDGE('',*,*,#2177,.F.);
#1462=ORIENTED_EDGE('',*,*,#2111,.F.);
#1463=ORIENTED_EDGE('',*,*,#2184,.F.);
#1464=ORIENTED_EDGE('',*,*,#2109,.F.);
#1465=ORIENTED_EDGE('',*,*,#2185,.F.);
#1466=ORIENTED_EDGE('',*,*,#2175,.T.);
#1467=ORIENTED_EDGE('',*,*,#2185,.T.);
#1468=ORIENTED_EDGE('',*,*,#2162,.F.);
#1469=ORIENTED_EDGE('',*,*,#2170,.T.);
#1470=ORIENTED_EDGE('',*,*,#2181,.T.);
#1471=ORIENTED_EDGE('',*,*,#2171,.T.);
#1472=ORIENTED_EDGE('',*,*,#2182,.T.);
#1473=ORIENTED_EDGE('',*,*,#2102,.T.);
#1474=ORIENTED_EDGE('',*,*,#2183,.T.);
#1475=ORIENTED_EDGE('',*,*,#2106,.T.);
#1476=ORIENTED_EDGE('',*,*,#2184,.T.);
#1477=ORIENTED_EDGE('',*,*,#2110,.T.);
#1478=ORIENTED_EDGE('',*,*,#2119,.F.);
#1479=ORIENTED_EDGE('',*,*,#2186,.F.);
#1480=ORIENTED_EDGE('',*,*,#2187,.F.);
#1481=ORIENTED_EDGE('',*,*,#2188,.T.);
#1482=ORIENTED_EDGE('',*,*,#2189,.F.);
#1483=ORIENTED_EDGE('',*,*,#2190,.T.);
#1484=ORIENTED_EDGE('',*,*,#2191,.T.);
#1485=ORIENTED_EDGE('',*,*,#2192,.T.);
#1486=ORIENTED_EDGE('',*,*,#2193,.F.);
#1487=ORIENTED_EDGE('',*,*,#2194,.T.);
#1488=ORIENTED_EDGE('',*,*,#2195,.F.);
#1489=ORIENTED_EDGE('',*,*,#2196,.F.);
#1490=ORIENTED_EDGE('',*,*,#2197,.T.);
#1491=ORIENTED_EDGE('',*,*,#2198,.T.);
#1492=ORIENTED_EDGE('',*,*,#2189,.T.);
#1493=ORIENTED_EDGE('',*,*,#2199,.T.);
#1494=ORIENTED_EDGE('',*,*,#2200,.F.);
#1495=ORIENTED_EDGE('',*,*,#2201,.T.);
#1496=ORIENTED_EDGE('',*,*,#2202,.T.);
#1497=ORIENTED_EDGE('',*,*,#2203,.T.);
#1498=ORIENTED_EDGE('',*,*,#2204,.F.);
#1499=ORIENTED_EDGE('',*,*,#2205,.T.);
#1500=ORIENTED_EDGE('',*,*,#2193,.T.);
#1501=ORIENTED_EDGE('',*,*,#2206,.F.);
#1502=ORIENTED_EDGE('',*,*,#2207,.F.);
#1503=ORIENTED_EDGE('',*,*,#2164,.T.);
#1504=ORIENTED_EDGE('',*,*,#2208,.T.);
#1505=ORIENTED_EDGE('',*,*,#2209,.T.);
#1506=ORIENTED_EDGE('',*,*,#2210,.T.);
#1507=ORIENTED_EDGE('',*,*,#2204,.T.);
#1508=ORIENTED_EDGE('',*,*,#2211,.F.);
#1509=ORIENTED_EDGE('',*,*,#2212,.F.);
#1510=ORIENTED_EDGE('',*,*,#2213,.F.);
#1511=ORIENTED_EDGE('',*,*,#2200,.T.);
#1512=ORIENTED_EDGE('',*,*,#2214,.T.);
#1513=ORIENTED_EDGE('',*,*,#2215,.T.);
#1514=ORIENTED_EDGE('',*,*,#2216,.T.);
#1515=ORIENTED_EDGE('',*,*,#2117,.T.);
#1516=ORIENTED_EDGE('',*,*,#2217,.F.);
#1517=ORIENTED_EDGE('',*,*,#2218,.F.);
#1518=ORIENTED_EDGE('',*,*,#2219,.F.);
#1519=ORIENTED_EDGE('',*,*,#2220,.F.);
#1520=ORIENTED_EDGE('',*,*,#2221,.F.);
#1521=ORIENTED_EDGE('',*,*,#2222,.F.);
#1522=ORIENTED_EDGE('',*,*,#2223,.F.);
#1523=ORIENTED_EDGE('',*,*,#2224,.F.);
#1524=ORIENTED_EDGE('',*,*,#2215,.F.);
#1525=ORIENTED_EDGE('',*,*,#2225,.T.);
#1526=ORIENTED_EDGE('',*,*,#2187,.T.);
#1527=ORIENTED_EDGE('',*,*,#2226,.F.);
#1528=ORIENTED_EDGE('',*,*,#2186,.T.);
#1529=ORIENTED_EDGE('',*,*,#2118,.F.);
#1530=ORIENTED_EDGE('',*,*,#2216,.F.);
#1531=ORIENTED_EDGE('',*,*,#2226,.T.);
#1532=ORIENTED_EDGE('',*,*,#2180,.T.);
#1533=ORIENTED_EDGE('',*,*,#2134,.F.);
#1534=ORIENTED_EDGE('',*,*,#2227,.F.);
#1535=ORIENTED_EDGE('',*,*,#2122,.T.);
#1536=ORIENTED_EDGE('',*,*,#2100,.T.);
#1537=ORIENTED_EDGE('',*,*,#2143,.F.);
#1538=ORIENTED_EDGE('',*,*,#2228,.F.);
#1539=ORIENTED_EDGE('',*,*,#2130,.T.);
#1540=ORIENTED_EDGE('',*,*,#2098,.T.);
#1541=ORIENTED_EDGE('',*,*,#2152,.F.);
#1542=ORIENTED_EDGE('',*,*,#2229,.F.);
#1543=ORIENTED_EDGE('',*,*,#2139,.T.);
#1544=ORIENTED_EDGE('',*,*,#2096,.T.);
#1545=ORIENTED_EDGE('',*,*,#2159,.F.);
#1546=ORIENTED_EDGE('',*,*,#2230,.F.);
#1547=ORIENTED_EDGE('',*,*,#2148,.T.);
#1548=ORIENTED_EDGE('',*,*,#2196,.T.);
#1549=ORIENTED_EDGE('',*,*,#2231,.F.);
#1550=ORIENTED_EDGE('',*,*,#2208,.F.);
#1551=ORIENTED_EDGE('',*,*,#2163,.T.);
#1552=ORIENTED_EDGE('',*,*,#2195,.T.);
#1553=ORIENTED_EDGE('',*,*,#2232,.T.);
#1554=ORIENTED_EDGE('',*,*,#2209,.F.);
#1555=ORIENTED_EDGE('',*,*,#2231,.T.);
#1556=ORIENTED_EDGE('',*,*,#2190,.F.);
#1557=ORIENTED_EDGE('',*,*,#2201,.F.);
#1558=ORIENTED_EDGE('',*,*,#2213,.T.);
#1559=ORIENTED_EDGE('',*,*,#2233,.T.);
#1560=ORIENTED_EDGE('',*,*,#2191,.F.);
#1561=ORIENTED_EDGE('',*,*,#2233,.F.);
#1562=ORIENTED_EDGE('',*,*,#2212,.T.);
#1563=ORIENTED_EDGE('',*,*,#2234,.T.);
#1564=ORIENTED_EDGE('',*,*,#2192,.F.);
#1565=ORIENTED_EDGE('',*,*,#2234,.F.);
#1566=ORIENTED_EDGE('',*,*,#2211,.T.);
#1567=ORIENTED_EDGE('',*,*,#2206,.T.);
#1568=ORIENTED_EDGE('',*,*,#2235,.F.);
#1569=ORIENTED_EDGE('',*,*,#2236,.T.);
#1570=ORIENTED_EDGE('',*,*,#2235,.T.);
#1571=ORIENTED_EDGE('',*,*,#2237,.F.);
#1572=ORIENTED_EDGE('',*,*,#2238,.T.);
#1573=ORIENTED_EDGE('',*,*,#2237,.T.);
#1574=ORIENTED_EDGE('',*,*,#2239,.F.);
#1575=ORIENTED_EDGE('',*,*,#2240,.T.);
#1576=ORIENTED_EDGE('',*,*,#2239,.T.);
#1577=ORIENTED_EDGE('',*,*,#2241,.F.);
#1578=ORIENTED_EDGE('',*,*,#2242,.T.);
#1579=ORIENTED_EDGE('',*,*,#2241,.T.);
#1580=ORIENTED_EDGE('',*,*,#2214,.F.);
#1581=ORIENTED_EDGE('',*,*,#2199,.F.);
#1582=ORIENTED_EDGE('',*,*,#2188,.F.);
#1583=ORIENTED_EDGE('',*,*,#2225,.F.);
#1584=ORIENTED_EDGE('',*,*,#2210,.F.);
#1585=ORIENTED_EDGE('',*,*,#2232,.F.);
#1586=ORIENTED_EDGE('',*,*,#2194,.F.);
#1587=ORIENTED_EDGE('',*,*,#2205,.F.);
#1588=ORIENTED_EDGE('',*,*,#2240,.F.);
#1589=ORIENTED_EDGE('',*,*,#2197,.F.);
#1590=ORIENTED_EDGE('',*,*,#2238,.F.);
#1591=ORIENTED_EDGE('',*,*,#2202,.F.);
#1592=ORIENTED_EDGE('',*,*,#2236,.F.);
#1593=ORIENTED_EDGE('',*,*,#2203,.F.);
#1594=ORIENTED_EDGE('',*,*,#2242,.F.);
#1595=ORIENTED_EDGE('',*,*,#2198,.F.);
#1596=ORIENTED_EDGE('',*,*,#2243,.F.);
#1597=ORIENTED_EDGE('',*,*,#2227,.T.);
#1598=ORIENTED_EDGE('',*,*,#2244,.F.);
#1599=ORIENTED_EDGE('',*,*,#2228,.T.);
#1600=ORIENTED_EDGE('',*,*,#2245,.F.);
#1601=ORIENTED_EDGE('',*,*,#2229,.T.);
#1602=ORIENTED_EDGE('',*,*,#2221,.T.);
#1603=ORIENTED_EDGE('',*,*,#2246,.F.);
#1604=ORIENTED_EDGE('',*,*,#2247,.F.);
#1605=ORIENTED_EDGE('',*,*,#2248,.F.);
#1606=ORIENTED_EDGE('',*,*,#2219,.T.);
#1607=ORIENTED_EDGE('',*,*,#2249,.F.);
#1608=ORIENTED_EDGE('',*,*,#2250,.F.);
#1609=ORIENTED_EDGE('',*,*,#2251,.F.);
#1610=ORIENTED_EDGE('',*,*,#2217,.T.);
#1611=ORIENTED_EDGE('',*,*,#2116,.F.);
#1612=ORIENTED_EDGE('',*,*,#2252,.F.);
#1613=ORIENTED_EDGE('',*,*,#2253,.F.);
#1614=ORIENTED_EDGE('',*,*,#2243,.T.);
#1615=ORIENTED_EDGE('',*,*,#2133,.F.);
#1616=ORIENTED_EDGE('',*,*,#2254,.F.);
#1617=ORIENTED_EDGE('',*,*,#2123,.T.);
#1618=ORIENTED_EDGE('',*,*,#2244,.T.);
#1619=ORIENTED_EDGE('',*,*,#2142,.F.);
#1620=ORIENTED_EDGE('',*,*,#2255,.F.);
#1621=ORIENTED_EDGE('',*,*,#2131,.T.);
#1622=ORIENTED_EDGE('',*,*,#2245,.T.);
#1623=ORIENTED_EDGE('',*,*,#2151,.F.);
#1624=ORIENTED_EDGE('',*,*,#2256,.F.);
#1625=ORIENTED_EDGE('',*,*,#2140,.T.);
#1626=ORIENTED_EDGE('',*,*,#2257,.T.);
#1627=ORIENTED_EDGE('',*,*,#2158,.F.);
#1628=ORIENTED_EDGE('',*,*,#2258,.F.);
#1629=ORIENTED_EDGE('',*,*,#2149,.T.);
#1630=ORIENTED_EDGE('',*,*,#2259,.F.);
#1631=ORIENTED_EDGE('',*,*,#2165,.T.);
#1632=ORIENTED_EDGE('',*,*,#2207,.T.);
#1633=ORIENTED_EDGE('',*,*,#2260,.F.);
#1634=ORIENTED_EDGE('',*,*,#2223,.T.);
#1635=ORIENTED_EDGE('',*,*,#2261,.F.);
#1636=ORIENTED_EDGE('',*,*,#2262,.F.);
#1637=ORIENTED_EDGE('',*,*,#2263,.F.);
#1638=ORIENTED_EDGE('',*,*,#2264,.T.);
#1639=ORIENTED_EDGE('',*,*,#2262,.T.);
#1640=ORIENTED_EDGE('',*,*,#2265,.F.);
#1641=ORIENTED_EDGE('',*,*,#2247,.T.);
#1642=ORIENTED_EDGE('',*,*,#2266,.F.);
#1643=ORIENTED_EDGE('',*,*,#2250,.T.);
#1644=ORIENTED_EDGE('',*,*,#2267,.F.);
#1645=ORIENTED_EDGE('',*,*,#2252,.T.);
#1646=ORIENTED_EDGE('',*,*,#2115,.T.);
#1647=ORIENTED_EDGE('',*,*,#2124,.T.);
#1648=ORIENTED_EDGE('',*,*,#2254,.T.);
#1649=ORIENTED_EDGE('',*,*,#2132,.T.);
#1650=ORIENTED_EDGE('',*,*,#2255,.T.);
#1651=ORIENTED_EDGE('',*,*,#2141,.T.);
#1652=ORIENTED_EDGE('',*,*,#2256,.T.);
#1653=ORIENTED_EDGE('',*,*,#2150,.T.);
#1654=ORIENTED_EDGE('',*,*,#2258,.T.);
#1655=ORIENTED_EDGE('',*,*,#2157,.T.);
#1656=ORIENTED_EDGE('',*,*,#2166,.T.);
#1657=ORIENTED_EDGE('',*,*,#2259,.T.);
#1658=ORIENTED_EDGE('',*,*,#2268,.F.);
#1659=ORIENTED_EDGE('',*,*,#2257,.F.);
#1660=ORIENTED_EDGE('',*,*,#2230,.T.);
#1661=ORIENTED_EDGE('',*,*,#2268,.T.);
#1662=ORIENTED_EDGE('',*,*,#2260,.T.);
#1663=ORIENTED_EDGE('',*,*,#2224,.T.);
#1664=ORIENTED_EDGE('',*,*,#2263,.T.);
#1665=ORIENTED_EDGE('',*,*,#2265,.T.);
#1666=ORIENTED_EDGE('',*,*,#2261,.T.);
#1667=ORIENTED_EDGE('',*,*,#2222,.T.);
#1668=ORIENTED_EDGE('',*,*,#2248,.T.);
#1669=ORIENTED_EDGE('',*,*,#2266,.T.);
#1670=ORIENTED_EDGE('',*,*,#2246,.T.);
#1671=ORIENTED_EDGE('',*,*,#2220,.T.);
#1672=ORIENTED_EDGE('',*,*,#2251,.T.);
#1673=ORIENTED_EDGE('',*,*,#2267,.T.);
#1674=ORIENTED_EDGE('',*,*,#2249,.T.);
#1675=ORIENTED_EDGE('',*,*,#2218,.T.);
#1676=ORIENTED_EDGE('',*,*,#2253,.T.);
#1677=ORIENTED_EDGE('',*,*,#2269,.T.);
#1678=ORIENTED_EDGE('',*,*,#2264,.F.);
#1679=ORIENTED_EDGE('',*,*,#2269,.F.);
#1680=ORIENTED_EDGE('',*,*,#2270,.T.);
#1681=ORIENTED_EDGE('',*,*,#2271,.F.);
#1682=ORIENTED_EDGE('',*,*,#2272,.F.);
#1683=ORIENTED_EDGE('',*,*,#2273,.T.);
#1684=ORIENTED_EDGE('',*,*,#2274,.T.);
#1685=ORIENTED_EDGE('',*,*,#2275,.F.);
#1686=ORIENTED_EDGE('',*,*,#2276,.F.);
#1687=ORIENTED_EDGE('',*,*,#2271,.T.);
#1688=ORIENTED_EDGE('',*,*,#2277,.T.);
#1689=ORIENTED_EDGE('',*,*,#2278,.T.);
#1690=ORIENTED_EDGE('',*,*,#2279,.F.);
#1691=ORIENTED_EDGE('',*,*,#2275,.T.);
#1692=ORIENTED_EDGE('',*,*,#2280,.F.);
#1693=ORIENTED_EDGE('',*,*,#2281,.T.);
#1694=ORIENTED_EDGE('',*,*,#2282,.T.);
#1695=ORIENTED_EDGE('',*,*,#2283,.T.);
#1696=ORIENTED_EDGE('',*,*,#2284,.F.);
#1697=ORIENTED_EDGE('',*,*,#2285,.T.);
#1698=ORIENTED_EDGE('',*,*,#2286,.T.);
#1699=ORIENTED_EDGE('',*,*,#2287,.T.);
#1700=ORIENTED_EDGE('',*,*,#2288,.F.);
#1701=ORIENTED_EDGE('',*,*,#2289,.T.);
#1702=ORIENTED_EDGE('',*,*,#2290,.T.);
#1703=ORIENTED_EDGE('',*,*,#2291,.T.);
#1704=ORIENTED_EDGE('',*,*,#2292,.T.);
#1705=ORIENTED_EDGE('',*,*,#2293,.T.);
#1706=ORIENTED_EDGE('',*,*,#2294,.T.);
#1707=ORIENTED_EDGE('',*,*,#2295,.T.);
#1708=ORIENTED_EDGE('',*,*,#2296,.T.);
#1709=ORIENTED_EDGE('',*,*,#2297,.T.);
#1710=ORIENTED_EDGE('',*,*,#2298,.T.);
#1711=ORIENTED_EDGE('',*,*,#2299,.T.);
#1712=ORIENTED_EDGE('',*,*,#2300,.T.);
#1713=ORIENTED_EDGE('',*,*,#2301,.T.);
#1714=ORIENTED_EDGE('',*,*,#2302,.F.);
#1715=ORIENTED_EDGE('',*,*,#2303,.T.);
#1716=ORIENTED_EDGE('',*,*,#2304,.T.);
#1717=ORIENTED_EDGE('',*,*,#2305,.T.);
#1718=ORIENTED_EDGE('',*,*,#2306,.T.);
#1719=ORIENTED_EDGE('',*,*,#2307,.T.);
#1720=ORIENTED_EDGE('',*,*,#2308,.F.);
#1721=ORIENTED_EDGE('',*,*,#2309,.T.);
#1722=ORIENTED_EDGE('',*,*,#2310,.T.);
#1723=ORIENTED_EDGE('',*,*,#2311,.T.);
#1724=ORIENTED_EDGE('',*,*,#2312,.F.);
#1725=ORIENTED_EDGE('',*,*,#2313,.T.);
#1726=ORIENTED_EDGE('',*,*,#2314,.T.);
#1727=ORIENTED_EDGE('',*,*,#2315,.T.);
#1728=ORIENTED_EDGE('',*,*,#2316,.F.);
#1729=ORIENTED_EDGE('',*,*,#2317,.T.);
#1730=ORIENTED_EDGE('',*,*,#2318,.F.);
#1731=ORIENTED_EDGE('',*,*,#2319,.T.);
#1732=ORIENTED_EDGE('',*,*,#2320,.T.);
#1733=ORIENTED_EDGE('',*,*,#2321,.F.);
#1734=ORIENTED_EDGE('',*,*,#2322,.T.);
#1735=ORIENTED_EDGE('',*,*,#2323,.F.);
#1736=ORIENTED_EDGE('',*,*,#2324,.F.);
#1737=ORIENTED_EDGE('',*,*,#2321,.T.);
#1738=ORIENTED_EDGE('',*,*,#2325,.T.);
#1739=ORIENTED_EDGE('',*,*,#2326,.F.);
#1740=ORIENTED_EDGE('',*,*,#2327,.F.);
#1741=ORIENTED_EDGE('',*,*,#2323,.T.);
#1742=ORIENTED_EDGE('',*,*,#2328,.T.);
#1743=ORIENTED_EDGE('',*,*,#2329,.T.);
#1744=ORIENTED_EDGE('',*,*,#2330,.T.);
#1745=ORIENTED_EDGE('',*,*,#2331,.T.);
#1746=ORIENTED_EDGE('',*,*,#2332,.T.);
#1747=ORIENTED_EDGE('',*,*,#2333,.T.);
#1748=ORIENTED_EDGE('',*,*,#2334,.T.);
#1749=ORIENTED_EDGE('',*,*,#2335,.T.);
#1750=ORIENTED_EDGE('',*,*,#2336,.T.);
#1751=ORIENTED_EDGE('',*,*,#2337,.T.);
#1752=ORIENTED_EDGE('',*,*,#2338,.T.);
#1753=ORIENTED_EDGE('',*,*,#2273,.F.);
#1754=ORIENTED_EDGE('',*,*,#2339,.F.);
#1755=ORIENTED_EDGE('',*,*,#2326,.T.);
#1756=ORIENTED_EDGE('',*,*,#2280,.T.);
#1757=ORIENTED_EDGE('',*,*,#2340,.T.);
#1758=ORIENTED_EDGE('',*,*,#2284,.T.);
#1759=ORIENTED_EDGE('',*,*,#2341,.T.);
#1760=ORIENTED_EDGE('',*,*,#2288,.T.);
#1761=ORIENTED_EDGE('',*,*,#2342,.T.);
#1762=ORIENTED_EDGE('',*,*,#2302,.T.);
#1763=ORIENTED_EDGE('',*,*,#2343,.T.);
#1764=ORIENTED_EDGE('',*,*,#2308,.T.);
#1765=ORIENTED_EDGE('',*,*,#2344,.T.);
#1766=ORIENTED_EDGE('',*,*,#2312,.T.);
#1767=ORIENTED_EDGE('',*,*,#2345,.T.);
#1768=ORIENTED_EDGE('',*,*,#2316,.T.);
#1769=ORIENTED_EDGE('',*,*,#2346,.T.);
#1770=ORIENTED_EDGE('',*,*,#2318,.T.);
#1771=ORIENTED_EDGE('',*,*,#2324,.T.);
#1772=ORIENTED_EDGE('',*,*,#2327,.T.);
#1773=ORIENTED_EDGE('',*,*,#2339,.T.);
#1774=ORIENTED_EDGE('',*,*,#2272,.T.);
#1775=ORIENTED_EDGE('',*,*,#2276,.T.);
#1776=ORIENTED_EDGE('',*,*,#2279,.T.);
#1777=ORIENTED_EDGE('',*,*,#2347,.T.);
#1778=ORIENTED_EDGE('',*,*,#2286,.F.);
#1779=ORIENTED_EDGE('',*,*,#2348,.T.);
#1780=ORIENTED_EDGE('',*,*,#2282,.F.);
#1781=ORIENTED_EDGE('',*,*,#2349,.T.);
#1782=ORIENTED_EDGE('',*,*,#2277,.F.);
#1783=ORIENTED_EDGE('',*,*,#2274,.F.);
#1784=ORIENTED_EDGE('',*,*,#2270,.F.);
#1785=ORIENTED_EDGE('',*,*,#2338,.F.);
#1786=ORIENTED_EDGE('',*,*,#2325,.F.);
#1787=ORIENTED_EDGE('',*,*,#2322,.F.);
#1788=ORIENTED_EDGE('',*,*,#2320,.F.);
#1789=ORIENTED_EDGE('',*,*,#2350,.T.);
#1790=ORIENTED_EDGE('',*,*,#2314,.F.);
#1791=ORIENTED_EDGE('',*,*,#2351,.T.);
#1792=ORIENTED_EDGE('',*,*,#2310,.F.);
#1793=ORIENTED_EDGE('',*,*,#2352,.T.);
#1794=ORIENTED_EDGE('',*,*,#2306,.F.);
#1795=ORIENTED_EDGE('',*,*,#2353,.T.);
#1796=ORIENTED_EDGE('',*,*,#2304,.F.);
#1797=ORIENTED_EDGE('',*,*,#2354,.T.);
#1798=ORIENTED_EDGE('',*,*,#2290,.F.);
#1799=ORIENTED_EDGE('',*,*,#2355,.T.);
#1800=ORIENTED_EDGE('',*,*,#2347,.F.);
#1801=ORIENTED_EDGE('',*,*,#2278,.F.);
#1802=ORIENTED_EDGE('',*,*,#2349,.F.);
#1803=ORIENTED_EDGE('',*,*,#2281,.F.);
#1804=ORIENTED_EDGE('',*,*,#2340,.F.);
#1805=ORIENTED_EDGE('',*,*,#2283,.F.);
#1806=ORIENTED_EDGE('',*,*,#2348,.F.);
#1807=ORIENTED_EDGE('',*,*,#2285,.F.);
#1808=ORIENTED_EDGE('',*,*,#2341,.F.);
#1809=ORIENTED_EDGE('',*,*,#2287,.F.);
#1810=ORIENTED_EDGE('',*,*,#2355,.F.);
#1811=ORIENTED_EDGE('',*,*,#2289,.F.);
#1812=ORIENTED_EDGE('',*,*,#2342,.F.);
#1813=ORIENTED_EDGE('',*,*,#2291,.F.);
#1814=ORIENTED_EDGE('',*,*,#2354,.F.);
#1815=ORIENTED_EDGE('',*,*,#2303,.F.);
#1816=ORIENTED_EDGE('',*,*,#2346,.F.);
#1817=ORIENTED_EDGE('',*,*,#2315,.F.);
#1818=ORIENTED_EDGE('',*,*,#2350,.F.);
#1819=ORIENTED_EDGE('',*,*,#2319,.F.);
#1820=ORIENTED_EDGE('',*,*,#2345,.F.);
#1821=ORIENTED_EDGE('',*,*,#2311,.F.);
#1822=ORIENTED_EDGE('',*,*,#2351,.F.);
#1823=ORIENTED_EDGE('',*,*,#2317,.F.);
#1824=ORIENTED_EDGE('',*,*,#2344,.F.);
#1825=ORIENTED_EDGE('',*,*,#2307,.F.);
#1826=ORIENTED_EDGE('',*,*,#2352,.F.);
#1827=ORIENTED_EDGE('',*,*,#2313,.F.);
#1828=ORIENTED_EDGE('',*,*,#2343,.F.);
#1829=ORIENTED_EDGE('',*,*,#2305,.F.);
#1830=ORIENTED_EDGE('',*,*,#2353,.F.);
#1831=ORIENTED_EDGE('',*,*,#2309,.F.);
#1832=ORIENTED_EDGE('',*,*,#2356,.F.);
#1833=ORIENTED_EDGE('',*,*,#2337,.F.);
#1834=ORIENTED_EDGE('',*,*,#2356,.T.);
#1835=ORIENTED_EDGE('',*,*,#2357,.F.);
#1836=ORIENTED_EDGE('',*,*,#2357,.T.);
#1837=ORIENTED_EDGE('',*,*,#2301,.F.);
#1838=ORIENTED_EDGE('',*,*,#2358,.F.);
#1839=ORIENTED_EDGE('',*,*,#2336,.F.);
#1840=ORIENTED_EDGE('',*,*,#2358,.T.);
#1841=ORIENTED_EDGE('',*,*,#2359,.F.);
#1842=ORIENTED_EDGE('',*,*,#2359,.T.);
#1843=ORIENTED_EDGE('',*,*,#2300,.F.);
#1844=ORIENTED_EDGE('',*,*,#2360,.F.);
#1845=ORIENTED_EDGE('',*,*,#2335,.F.);
#1846=ORIENTED_EDGE('',*,*,#2360,.T.);
#1847=ORIENTED_EDGE('',*,*,#2361,.F.);
#1848=ORIENTED_EDGE('',*,*,#2361,.T.);
#1849=ORIENTED_EDGE('',*,*,#2299,.F.);
#1850=ORIENTED_EDGE('',*,*,#2362,.F.);
#1851=ORIENTED_EDGE('',*,*,#2334,.F.);
#1852=ORIENTED_EDGE('',*,*,#2362,.T.);
#1853=ORIENTED_EDGE('',*,*,#2363,.F.);
#1854=ORIENTED_EDGE('',*,*,#2363,.T.);
#1855=ORIENTED_EDGE('',*,*,#2298,.F.);
#1856=ORIENTED_EDGE('',*,*,#2364,.F.);
#1857=ORIENTED_EDGE('',*,*,#2333,.F.);
#1858=ORIENTED_EDGE('',*,*,#2364,.T.);
#1859=ORIENTED_EDGE('',*,*,#2365,.F.);
#1860=ORIENTED_EDGE('',*,*,#2365,.T.);
#1861=ORIENTED_EDGE('',*,*,#2297,.F.);
#1862=ORIENTED_EDGE('',*,*,#2366,.F.);
#1863=ORIENTED_EDGE('',*,*,#2332,.F.);
#1864=ORIENTED_EDGE('',*,*,#2366,.T.);
#1865=ORIENTED_EDGE('',*,*,#2367,.F.);
#1866=ORIENTED_EDGE('',*,*,#2367,.T.);
#1867=ORIENTED_EDGE('',*,*,#2296,.F.);
#1868=ORIENTED_EDGE('',*,*,#2368,.F.);
#1869=ORIENTED_EDGE('',*,*,#2331,.F.);
#1870=ORIENTED_EDGE('',*,*,#2368,.T.);
#1871=ORIENTED_EDGE('',*,*,#2369,.F.);
#1872=ORIENTED_EDGE('',*,*,#2369,.T.);
#1873=ORIENTED_EDGE('',*,*,#2295,.F.);
#1874=ORIENTED_EDGE('',*,*,#2370,.F.);
#1875=ORIENTED_EDGE('',*,*,#2330,.F.);
#1876=ORIENTED_EDGE('',*,*,#2370,.T.);
#1877=ORIENTED_EDGE('',*,*,#2371,.F.);
#1878=ORIENTED_EDGE('',*,*,#2371,.T.);
#1879=ORIENTED_EDGE('',*,*,#2294,.F.);
#1880=ORIENTED_EDGE('',*,*,#2372,.F.);
#1881=ORIENTED_EDGE('',*,*,#2329,.F.);
#1882=ORIENTED_EDGE('',*,*,#2372,.T.);
#1883=ORIENTED_EDGE('',*,*,#2373,.F.);
#1884=ORIENTED_EDGE('',*,*,#2373,.T.);
#1885=ORIENTED_EDGE('',*,*,#2293,.F.);
#1886=ORIENTED_EDGE('',*,*,#2374,.F.);
#1887=ORIENTED_EDGE('',*,*,#2328,.F.);
#1888=ORIENTED_EDGE('',*,*,#2374,.T.);
#1889=ORIENTED_EDGE('',*,*,#2375,.F.);
#1890=ORIENTED_EDGE('',*,*,#2375,.T.);
#1891=ORIENTED_EDGE('',*,*,#2292,.F.);
#1892=VERTEX_POINT('',#3611);
#1893=VERTEX_POINT('',#3612);
#1894=VERTEX_POINT('',#3616);
#1895=VERTEX_POINT('',#3617);
#1896=VERTEX_POINT('',#3621);
#1897=VERTEX_POINT('',#3622);
#1898=VERTEX_POINT('',#3626);
#1899=VERTEX_POINT('',#3627);
#1900=VERTEX_POINT('',#3629);
#1901=VERTEX_POINT('',#3631);
#1902=VERTEX_POINT('',#3635);
#1903=VERTEX_POINT('',#3636);
#1904=VERTEX_POINT('',#3638);
#1905=VERTEX_POINT('',#3640);
#1906=VERTEX_POINT('',#3644);
#1907=VERTEX_POINT('',#3645);
#1908=VERTEX_POINT('',#3647);
#1909=VERTEX_POINT('',#3649);
#1910=VERTEX_POINT('',#3653);
#1911=VERTEX_POINT('',#3654);
#1912=VERTEX_POINT('',#3656);
#1913=VERTEX_POINT('',#3658);
#1914=VERTEX_POINT('',#3660);
#1915=VERTEX_POINT('',#3662);
#1916=VERTEX_POINT('',#3667);
#1917=VERTEX_POINT('',#3668);
#1918=VERTEX_POINT('',#3670);
#1919=VERTEX_POINT('',#3672);
#1920=VERTEX_POINT('',#3677);
#1921=VERTEX_POINT('',#3679);
#1922=VERTEX_POINT('',#3683);
#1923=VERTEX_POINT('',#3685);
#1924=VERTEX_POINT('',#3687);
#1925=VERTEX_POINT('',#3689);
#1926=VERTEX_POINT('',#3691);
#1927=VERTEX_POINT('',#3696);
#1928=VERTEX_POINT('',#3700);
#1929=VERTEX_POINT('',#3702);
#1930=VERTEX_POINT('',#3704);
#1931=VERTEX_POINT('',#3706);
#1932=VERTEX_POINT('',#3708);
#1933=VERTEX_POINT('',#3713);
#1934=VERTEX_POINT('',#3717);
#1935=VERTEX_POINT('',#3719);
#1936=VERTEX_POINT('',#3721);
#1937=VERTEX_POINT('',#3723);
#1938=VERTEX_POINT('',#3725);
#1939=VERTEX_POINT('',#3730);
#1940=VERTEX_POINT('',#3734);
#1941=VERTEX_POINT('',#3735);
#1942=VERTEX_POINT('',#3737);
#1943=VERTEX_POINT('',#3739);
#1944=VERTEX_POINT('',#3744);
#1945=VERTEX_POINT('',#3745);
#1946=VERTEX_POINT('',#3747);
#1947=VERTEX_POINT('',#3749);
#1948=VERTEX_POINT('',#3751);
#1949=VERTEX_POINT('',#3753);
#1950=VERTEX_POINT('',#3758);
#1951=VERTEX_POINT('',#3760);
#1952=VERTEX_POINT('',#3764);
#1953=VERTEX_POINT('',#3765);
#1954=VERTEX_POINT('',#3767);
#1955=VERTEX_POINT('',#3769);
#1956=VERTEX_POINT('',#3773);
#1957=VERTEX_POINT('',#3790);
#1958=VERTEX_POINT('',#3794);
#1959=VERTEX_POINT('',#3796);
#1960=VERTEX_POINT('',#3798);
#1961=VERTEX_POINT('',#3800);
#1962=VERTEX_POINT('',#3802);
#1963=VERTEX_POINT('',#3804);
#1964=VERTEX_POINT('',#3806);
#1965=VERTEX_POINT('',#3808);
#1966=VERTEX_POINT('',#3810);
#1967=VERTEX_POINT('',#3812);
#1968=VERTEX_POINT('',#3816);
#1969=VERTEX_POINT('',#3818);
#1970=VERTEX_POINT('',#3820);
#1971=VERTEX_POINT('',#3822);
#1972=VERTEX_POINT('',#3826);
#1973=VERTEX_POINT('',#3828);
#1974=VERTEX_POINT('',#3830);
#1975=VERTEX_POINT('',#3831);
#1976=VERTEX_POINT('',#3836);
#1977=VERTEX_POINT('',#3838);
#1978=VERTEX_POINT('',#3840);
#1979=VERTEX_POINT('',#3843);
#1980=VERTEX_POINT('',#3845);
#1981=VERTEX_POINT('',#3848);
#1982=VERTEX_POINT('',#3850);
#1983=VERTEX_POINT('',#3853);
#1984=VERTEX_POINT('',#3855);
#1985=VERTEX_POINT('',#3857);
#1986=VERTEX_POINT('',#3859);
#1987=VERTEX_POINT('',#3861);
#1988=VERTEX_POINT('',#3863);
#1989=VERTEX_POINT('',#3865);
#1990=VERTEX_POINT('',#3890);
#1991=VERTEX_POINT('',#3891);
#1992=VERTEX_POINT('',#3894);
#1993=VERTEX_POINT('',#3897);
#1994=VERTEX_POINT('',#3898);
#1995=VERTEX_POINT('',#3901);
#1996=VERTEX_POINT('',#3904);
#1997=VERTEX_POINT('',#3905);
#1998=VERTEX_POINT('',#3908);
#1999=VERTEX_POINT('',#3911);
#2000=VERTEX_POINT('',#3912);
#2001=VERTEX_POINT('',#3915);
#2002=VERTEX_POINT('',#3930);
#2003=VERTEX_POINT('',#3932);
#2004=VERTEX_POINT('',#3936);
#2005=VERTEX_POINT('',#3938);
#2006=VERTEX_POINT('',#3942);
#2007=VERTEX_POINT('',#3955);
#2008=VERTEX_POINT('',#3959);
#2009=VERTEX_POINT('',#3961);
#2010=VERTEX_POINT('',#3965);
#2011=VERTEX_POINT('',#3977);
#2012=VERTEX_POINT('',#3981);
#2013=VERTEX_POINT('',#3982);
#2014=VERTEX_POINT('',#3984);
#2015=VERTEX_POINT('',#3986);
#2016=VERTEX_POINT('',#3990);
#2017=VERTEX_POINT('',#3992);
#2018=VERTEX_POINT('',#3996);
#2019=VERTEX_POINT('',#3998);
#2020=VERTEX_POINT('',#4002);
#2021=VERTEX_POINT('',#4003);
#2022=VERTEX_POINT('',#4005);
#2023=VERTEX_POINT('',#4007);
#2024=VERTEX_POINT('',#4011);
#2025=VERTEX_POINT('',#4012);
#2026=VERTEX_POINT('',#4014);
#2027=VERTEX_POINT('',#4016);
#2028=VERTEX_POINT('',#4020);
#2029=VERTEX_POINT('',#4021);
#2030=VERTEX_POINT('',#4023);
#2031=VERTEX_POINT('',#4025);
#2032=VERTEX_POINT('',#4029);
#2033=VERTEX_POINT('',#4031);
#2034=VERTEX_POINT('',#4033);
#2035=VERTEX_POINT('',#4035);
#2036=VERTEX_POINT('',#4037);
#2037=VERTEX_POINT('',#4039);
#2038=VERTEX_POINT('',#4041);
#2039=VERTEX_POINT('',#4043);
#2040=VERTEX_POINT('',#4045);
#2041=VERTEX_POINT('',#4047);
#2042=VERTEX_POINT('',#4049);
#2043=VERTEX_POINT('',#4050);
#2044=VERTEX_POINT('',#4052);
#2045=VERTEX_POINT('',#4054);
#2046=VERTEX_POINT('',#4058);
#2047=VERTEX_POINT('',#4059);
#2048=VERTEX_POINT('',#4061);
#2049=VERTEX_POINT('',#4063);
#2050=VERTEX_POINT('',#4067);
#2051=VERTEX_POINT('',#4068);
#2052=VERTEX_POINT('',#4070);
#2053=VERTEX_POINT('',#4072);
#2054=VERTEX_POINT('',#4076);
#2055=VERTEX_POINT('',#4077);
#2056=VERTEX_POINT('',#4079);
#2057=VERTEX_POINT('',#4081);
#2058=VERTEX_POINT('',#4085);
#2059=VERTEX_POINT('',#4086);
#2060=VERTEX_POINT('',#4088);
#2061=VERTEX_POINT('',#4090);
#2062=VERTEX_POINT('',#4094);
#2063=VERTEX_POINT('',#4096);
#2064=VERTEX_POINT('',#4100);
#2065=VERTEX_POINT('',#4102);
#2066=VERTEX_POINT('',#4106);
#2067=VERTEX_POINT('',#4108);
#2068=VERTEX_POINT('',#4110);
#2069=VERTEX_POINT('',#4112);
#2070=VERTEX_POINT('',#4114);
#2071=VERTEX_POINT('',#4116);
#2072=VERTEX_POINT('',#4118);
#2073=VERTEX_POINT('',#4120);
#2074=VERTEX_POINT('',#4122);
#2075=VERTEX_POINT('',#4124);
#2076=VERTEX_POINT('',#4155);
#2077=VERTEX_POINT('',#4158);
#2078=VERTEX_POINT('',#4162);
#2079=VERTEX_POINT('',#4165);
#2080=VERTEX_POINT('',#4169);
#2081=VERTEX_POINT('',#4172);
#2082=VERTEX_POINT('',#4176);
#2083=VERTEX_POINT('',#4179);
#2084=VERTEX_POINT('',#4183);
#2085=VERTEX_POINT('',#4186);
#2086=VERTEX_POINT('',#4190);
#2087=VERTEX_POINT('',#4193);
#2088=VERTEX_POINT('',#4197);
#2089=VERTEX_POINT('',#4200);
#2090=VERTEX_POINT('',#4204);
#2091=VERTEX_POINT('',#4207);
#2092=VERTEX_POINT('',#4211);
#2093=VERTEX_POINT('',#4214);
#2094=VERTEX_POINT('',#4218);
#2095=VERTEX_POINT('',#4221);
#2096=EDGE_CURVE('',#1892,#1893,#2376,.T.);
#2097=EDGE_CURVE('',#1892,#1893,#1236,.T.);
#2098=EDGE_CURVE('',#1894,#1895,#2377,.T.);
#2099=EDGE_CURVE('',#1894,#1895,#1237,.T.);
#2100=EDGE_CURVE('',#1896,#1897,#2378,.T.);
#2101=EDGE_CURVE('',#1896,#1897,#1238,.T.);
#2102=EDGE_CURVE('',#1898,#1899,#2379,.T.);
#2103=EDGE_CURVE('',#1898,#1900,#2380,.T.);
#2104=EDGE_CURVE('',#1900,#1901,#2381,.T.);
#2105=EDGE_CURVE('',#1901,#1899,#2382,.T.);
#2106=EDGE_CURVE('',#1902,#1903,#2383,.T.);
#2107=EDGE_CURVE('',#1902,#1904,#2384,.T.);
#2108=EDGE_CURVE('',#1904,#1905,#2385,.T.);
#2109=EDGE_CURVE('',#1905,#1903,#2386,.T.);
#2110=EDGE_CURVE('',#1906,#1907,#2387,.T.);
#2111=EDGE_CURVE('',#1906,#1908,#2388,.T.);
#2112=EDGE_CURVE('',#1908,#1909,#2389,.T.);
#2113=EDGE_CURVE('',#1909,#1907,#2390,.T.);
#2114=EDGE_CURVE('',#1910,#1911,#2391,.T.);
#2115=EDGE_CURVE('',#1912,#1911,#2392,.T.);
#2116=EDGE_CURVE('',#1912,#1913,#2393,.T.);
#2117=EDGE_CURVE('',#1914,#1913,#2394,.T.);
#2118=EDGE_CURVE('',#1914,#1915,#2395,.T.);
#2119=EDGE_CURVE('',#1915,#1907,#2396,.T.);
#2120=EDGE_CURVE('',#1909,#1910,#2397,.T.);
#2121=EDGE_CURVE('',#1916,#1917,#2398,.T.);
#2122=EDGE_CURVE('',#1918,#1917,#2399,.T.);
#2123=EDGE_CURVE('',#1919,#1918,#2400,.T.);
#2124=EDGE_CURVE('',#1911,#1919,#2401,.T.);
#2125=EDGE_CURVE('',#1910,#1916,#2402,.T.);
#2126=EDGE_CURVE('',#1917,#1920,#1239,.T.);
#2127=EDGE_CURVE('',#1916,#1921,#1240,.T.);
#2128=EDGE_CURVE('',#1921,#1920,#2403,.T.);
#2129=EDGE_CURVE('',#1922,#1896,#2404,.T.);
#2130=EDGE_CURVE('',#1923,#1896,#2405,.T.);
#2131=EDGE_CURVE('',#1924,#1923,#2406,.T.);
#2132=EDGE_CURVE('',#1925,#1924,#2407,.T.);
#2133=EDGE_CURVE('',#1925,#1926,#2408,.T.);
#2134=EDGE_CURVE('',#1926,#1920,#2409,.T.);
#2135=EDGE_CURVE('',#1921,#1922,#2410,.T.);
#2136=EDGE_CURVE('',#1922,#1927,#1241,.T.);
#2137=EDGE_CURVE('',#1927,#1897,#2411,.T.);
#2138=EDGE_CURVE('',#1928,#1894,#2412,.T.);
#2139=EDGE_CURVE('',#1929,#1894,#2413,.T.);
#2140=EDGE_CURVE('',#1930,#1929,#2414,.T.);
#2141=EDGE_CURVE('',#1931,#1930,#2415,.T.);
#2142=EDGE_CURVE('',#1931,#1932,#2416,.T.);
#2143=EDGE_CURVE('',#1932,#1897,#2417,.T.);
#2144=EDGE_CURVE('',#1927,#1928,#2418,.T.);
#2145=EDGE_CURVE('',#1928,#1933,#1242,.T.);
#2146=EDGE_CURVE('',#1933,#1895,#2419,.T.);
#2147=EDGE_CURVE('',#1934,#1892,#2420,.T.);
#2148=EDGE_CURVE('',#1935,#1892,#2421,.T.);
#2149=EDGE_CURVE('',#1936,#1935,#2422,.T.);
#2150=EDGE_CURVE('',#1937,#1936,#2423,.T.);
#2151=EDGE_CURVE('',#1937,#1938,#2424,.T.);
#2152=EDGE_CURVE('',#1938,#1895,#2425,.T.);
#2153=EDGE_CURVE('',#1933,#1934,#2426,.T.);
#2154=EDGE_CURVE('',#1934,#1939,#1243,.T.);
#2155=EDGE_CURVE('',#1939,#1893,#2427,.T.);
#2156=EDGE_CURVE('',#1940,#1941,#2428,.T.);
#2157=EDGE_CURVE('',#1942,#1941,#2429,.T.);
#2158=EDGE_CURVE('',#1942,#1943,#2430,.T.);
#2159=EDGE_CURVE('',#1943,#1893,#2431,.T.);
#2160=EDGE_CURVE('',#1939,#1940,#2432,.T.);
#2161=EDGE_CURVE('',#1944,#1945,#2433,.T.);
#2162=EDGE_CURVE('',#1945,#1946,#2434,.T.);
#2163=EDGE_CURVE('',#1947,#1946,#2435,.T.);
#2164=EDGE_CURVE('',#1948,#1947,#2436,.T.);
#2165=EDGE_CURVE('',#1949,#1948,#2437,.T.);
#2166=EDGE_CURVE('',#1941,#1949,#2438,.T.);
#2167=EDGE_CURVE('',#1940,#1944,#2439,.T.);
#2168=EDGE_CURVE('',#1944,#1950,#2440,.T.);
#2169=EDGE_CURVE('',#1950,#1951,#2441,.T.);
#2170=EDGE_CURVE('',#1945,#1951,#2442,.T.);
#2171=EDGE_CURVE('',#1952,#1953,#2443,.T.);
#2172=EDGE_CURVE('',#1952,#1954,#2444,.T.);
#2173=EDGE_CURVE('',#1954,#1955,#2445,.T.);
#2174=EDGE_CURVE('',#1955,#1953,#2446,.T.);
#2175=EDGE_CURVE('',#1956,#1956,#1244,.T.);
#2176=EDGE_CURVE('',#1954,#1950,#2447,.T.);
#2177=EDGE_CURVE('',#1908,#1905,#2448,.T.);
#2178=EDGE_CURVE('',#1904,#1901,#2449,.T.);
#2179=EDGE_CURVE('',#1900,#1955,#2450,.T.);
#2180=EDGE_CURVE('',#1917,#1920,#2451,.T.);
#2181=EDGE_CURVE('',#1951,#1952,#2452,.T.);
#2182=EDGE_CURVE('',#1953,#1898,#2453,.T.);
#2183=EDGE_CURVE('',#1899,#1902,#2454,.T.);
#2184=EDGE_CURVE('',#1903,#1906,#2455,.T.);
#2185=EDGE_CURVE('',#1957,#1957,#1245,.T.);
#2186=EDGE_CURVE('',#1958,#1915,#2456,.T.);
#2187=EDGE_CURVE('',#1959,#1958,#2457,.T.);
#2188=EDGE_CURVE('',#1959,#1960,#2458,.T.);
#2189=EDGE_CURVE('',#1961,#1960,#2459,.T.);
#2190=EDGE_CURVE('',#1961,#1962,#2460,.T.);
#2191=EDGE_CURVE('',#1962,#1963,#2461,.T.);
#2192=EDGE_CURVE('',#1963,#1964,#2462,.T.);
#2193=EDGE_CURVE('',#1965,#1964,#2463,.T.);
#2194=EDGE_CURVE('',#1965,#1966,#2464,.T.);
#2195=EDGE_CURVE('',#1967,#1966,#2465,.T.);
#2196=EDGE_CURVE('',#1946,#1967,#2466,.T.);
#2197=EDGE_CURVE('',#1968,#1968,#1246,.T.);
#2198=EDGE_CURVE('',#1969,#1969,#1247,.T.);
#2199=EDGE_CURVE('',#1960,#1970,#2467,.T.);
#2200=EDGE_CURVE('',#1971,#1970,#2468,.T.);
#2201=EDGE_CURVE('',#1971,#1961,#2469,.T.);
#2202=EDGE_CURVE('',#1972,#1972,#1248,.T.);
#2203=EDGE_CURVE('',#1973,#1973,#1249,.T.);
#2204=EDGE_CURVE('',#1974,#1975,#2470,.T.);
#2205=EDGE_CURVE('',#1974,#1965,#2471,.T.);
#2206=EDGE_CURVE('',#1975,#1964,#2472,.T.);
#2207=EDGE_CURVE('',#1948,#1976,#2473,.T.);
#2208=EDGE_CURVE('',#1947,#1977,#2474,.T.);
#2209=EDGE_CURVE('',#1977,#1978,#2475,.T.);
#2210=EDGE_CURVE('',#1978,#1974,#2476,.T.);
#2211=EDGE_CURVE('',#1979,#1975,#2477,.T.);
#2212=EDGE_CURVE('',#1980,#1979,#2478,.T.);
#2213=EDGE_CURVE('',#1971,#1980,#2479,.T.);
#2214=EDGE_CURVE('',#1970,#1981,#2480,.T.);
#2215=EDGE_CURVE('',#1981,#1982,#2481,.T.);
#2216=EDGE_CURVE('',#1982,#1914,#2482,.T.);
#2217=EDGE_CURVE('',#1983,#1913,#2483,.T.);
#2218=EDGE_CURVE('',#1984,#1983,#2484,.T.);
#2219=EDGE_CURVE('',#1985,#1984,#2485,.T.);
#2220=EDGE_CURVE('',#1986,#1985,#2486,.T.);
#2221=EDGE_CURVE('',#1987,#1986,#2487,.T.);
#2222=EDGE_CURVE('',#1988,#1987,#2488,.T.);
#2223=EDGE_CURVE('',#1989,#1988,#2489,.T.);
#2224=EDGE_CURVE('',#1976,#1989,#2490,.T.);
#2225=EDGE_CURVE('',#1981,#1959,#2491,.T.);
#2226=EDGE_CURVE('',#1982,#1958,#2492,.T.);
#2227=EDGE_CURVE('',#1918,#1926,#2493,.T.);
#2228=EDGE_CURVE('',#1923,#1932,#2494,.T.);
#2229=EDGE_CURVE('',#1929,#1938,#2495,.T.);
#2230=EDGE_CURVE('',#1935,#1943,#2496,.T.);
#2231=EDGE_CURVE('',#1977,#1967,#2497,.T.);
#2232=EDGE_CURVE('',#1966,#1978,#2498,.T.);
#2233=EDGE_CURVE('',#1980,#1962,#2499,.T.);
#2234=EDGE_CURVE('',#1979,#1963,#2500,.T.);
#2235=EDGE_CURVE('',#1990,#1990,#1250,.T.);
#2236=EDGE_CURVE('',#1992,#1992,#1251,.T.);
#2237=EDGE_CURVE('',#1993,#1993,#1252,.T.);
#2238=EDGE_CURVE('',#1995,#1995,#1253,.T.);
#2239=EDGE_CURVE('',#1996,#1996,#1254,.T.);
#2240=EDGE_CURVE('',#1998,#1998,#1255,.T.);
#2241=EDGE_CURVE('',#1999,#1999,#1256,.T.);
#2242=EDGE_CURVE('',#2001,#2001,#1257,.T.);
#2243=EDGE_CURVE('',#1918,#1926,#1258,.T.);
#2244=EDGE_CURVE('',#1923,#1932,#1259,.T.);
#2245=EDGE_CURVE('',#1929,#1938,#1260,.T.);
#2246=EDGE_CURVE('',#2002,#1986,#2501,.T.);
#2247=EDGE_CURVE('',#2003,#2002,#2502,.T.);
#2248=EDGE_CURVE('',#1987,#2003,#2503,.T.);
#2249=EDGE_CURVE('',#2004,#1984,#2504,.T.);
#2250=EDGE_CURVE('',#2005,#2004,#2505,.T.);
#2251=EDGE_CURVE('',#1985,#2005,#2506,.T.);
#2252=EDGE_CURVE('',#2006,#1912,#2507,.T.);
#2253=EDGE_CURVE('',#1983,#2006,#2508,.T.);
#2254=EDGE_CURVE('',#1919,#1925,#1261,.T.);
#2255=EDGE_CURVE('',#1924,#1931,#1262,.T.);
#2256=EDGE_CURVE('',#1930,#1937,#1263,.T.);
#2257=EDGE_CURVE('',#1935,#1943,#1264,.T.);
#2258=EDGE_CURVE('',#1936,#1942,#1265,.T.);
#2259=EDGE_CURVE('',#1949,#2007,#2509,.T.);
#2260=EDGE_CURVE('',#2007,#1976,#2510,.T.);
#2261=EDGE_CURVE('',#2008,#1988,#2511,.T.);
#2262=EDGE_CURVE('',#2009,#2008,#2512,.T.);
#2263=EDGE_CURVE('',#1989,#2009,#2513,.T.);
#2264=EDGE_CURVE('',#2010,#2010,#1266,.T.);
#2265=EDGE_CURVE('',#2003,#2008,#2514,.T.);
#2266=EDGE_CURVE('',#2005,#2002,#2515,.T.);
#2267=EDGE_CURVE('',#2006,#2004,#2516,.T.);
#2268=EDGE_CURVE('',#2009,#2007,#2517,.T.);
#2269=EDGE_CURVE('',#2011,#2011,#1267,.T.);
#2270=EDGE_CURVE('',#2012,#2013,#2518,.T.);
#2271=EDGE_CURVE('',#2014,#2013,#2519,.T.);
#2272=EDGE_CURVE('',#2015,#2014,#2520,.T.);
#2273=EDGE_CURVE('',#2015,#2012,#2521,.T.);
#2274=EDGE_CURVE('',#2013,#2016,#2522,.T.);
#2275=EDGE_CURVE('',#2017,#2016,#2523,.T.);
#2276=EDGE_CURVE('',#2014,#2017,#2524,.T.);
#2277=EDGE_CURVE('',#2016,#2018,#2525,.T.);
#2278=EDGE_CURVE('',#2018,#2019,#2526,.T.);
#2279=EDGE_CURVE('',#2017,#2019,#2527,.T.);
#2280=EDGE_CURVE('',#2020,#2021,#1268,.T.);
#2281=EDGE_CURVE('',#2020,#2022,#2528,.T.);
#2282=EDGE_CURVE('',#2022,#2023,#1269,.T.);
#2283=EDGE_CURVE('',#2023,#2021,#2529,.T.);
#2284=EDGE_CURVE('',#2024,#2025,#2530,.T.);
#2285=EDGE_CURVE('',#2024,#2026,#2531,.T.);
#2286=EDGE_CURVE('',#2026,#2027,#2532,.T.);
#2287=EDGE_CURVE('',#2027,#2025,#2533,.T.);
#2288=EDGE_CURVE('',#2028,#2029,#1270,.T.);
#2289=EDGE_CURVE('',#2028,#2030,#2534,.T.);
#2290=EDGE_CURVE('',#2030,#2031,#1271,.T.);
#2291=EDGE_CURVE('',#2031,#2029,#2535,.T.);
#2292=EDGE_CURVE('',#2032,#2032,#1272,.T.);
#2293=EDGE_CURVE('',#2033,#2033,#1273,.T.);
#2294=EDGE_CURVE('',#2034,#2034,#1274,.T.);
#2295=EDGE_CURVE('',#2035,#2035,#1275,.T.);
#2296=EDGE_CURVE('',#2036,#2036,#1276,.T.);
#2297=EDGE_CURVE('',#2037,#2037,#1277,.T.);
#2298=EDGE_CURVE('',#2038,#2038,#1278,.T.);
#2299=EDGE_CURVE('',#2039,#2039,#1279,.T.);
#2300=EDGE_CURVE('',#2040,#2040,#1280,.T.);
#2301=EDGE_CURVE('',#2041,#2041,#1281,.T.);
#2302=EDGE_CURVE('',#2042,#2043,#2536,.T.);
#2303=EDGE_CURVE('',#2042,#2044,#2537,.T.);
#2304=EDGE_CURVE('',#2044,#2045,#2538,.T.);
#2305=EDGE_CURVE('',#2045,#2043,#2539,.T.);
#2306=EDGE_CURVE('',#2046,#2047,#1282,.T.);
#2307=EDGE_CURVE('',#2047,#2048,#2540,.T.);
#2308=EDGE_CURVE('',#2049,#2048,#1283,.T.);
#2309=EDGE_CURVE('',#2049,#2046,#2541,.T.);
#2310=EDGE_CURVE('',#2050,#2051,#2542,.T.);
#2311=EDGE_CURVE('',#2051,#2052,#2543,.T.);
#2312=EDGE_CURVE('',#2053,#2052,#2544,.T.);
#2313=EDGE_CURVE('',#2053,#2050,#2545,.T.);
#2314=EDGE_CURVE('',#2054,#2055,#1284,.T.);
#2315=EDGE_CURVE('',#2055,#2056,#2546,.T.);
#2316=EDGE_CURVE('',#2057,#2056,#1285,.T.);
#2317=EDGE_CURVE('',#2057,#2054,#2547,.T.);
#2318=EDGE_CURVE('',#2058,#2059,#2548,.T.);
#2319=EDGE_CURVE('',#2058,#2060,#2549,.T.);
#2320=EDGE_CURVE('',#2060,#2061,#2550,.T.);
#2321=EDGE_CURVE('',#2059,#2061,#2551,.T.);
#2322=EDGE_CURVE('',#2061,#2062,#2552,.T.);
#2323=EDGE_CURVE('',#2063,#2062,#2553,.T.);
#2324=EDGE_CURVE('',#2059,#2063,#2554,.T.);
#2325=EDGE_CURVE('',#2062,#2064,#2555,.T.);
#2326=EDGE_CURVE('',#2065,#2064,#2556,.T.);
#2327=EDGE_CURVE('',#2063,#2065,#2557,.T.);
#2328=EDGE_CURVE('',#2066,#2066,#1286,.T.);
#2329=EDGE_CURVE('',#2067,#2067,#1287,.T.);
#2330=EDGE_CURVE('',#2068,#2068,#1288,.T.);
#2331=EDGE_CURVE('',#2069,#2069,#1289,.T.);
#2332=EDGE_CURVE('',#2070,#2070,#1290,.T.);
#2333=EDGE_CURVE('',#2071,#2071,#1291,.T.);
#2334=EDGE_CURVE('',#2072,#2072,#1292,.T.);
#2335=EDGE_CURVE('',#2073,#2073,#1293,.T.);
#2336=EDGE_CURVE('',#2074,#2074,#1294,.T.);
#2337=EDGE_CURVE('',#2075,#2075,#1295,.T.);
#2338=EDGE_CURVE('',#2064,#2012,#2558,.T.);
#2339=EDGE_CURVE('',#2065,#2015,#2559,.T.);
#2340=EDGE_CURVE('',#2021,#2024,#1296,.T.);
#2341=EDGE_CURVE('',#2025,#2028,#1297,.T.);
#2342=EDGE_CURVE('',#2029,#2042,#1298,.T.);
#2343=EDGE_CURVE('',#2043,#2049,#1299,.T.);
#2344=EDGE_CURVE('',#2048,#2053,#1300,.T.);
#2345=EDGE_CURVE('',#2052,#2057,#1301,.T.);
#2346=EDGE_CURVE('',#2056,#2058,#1302,.T.);
#2347=EDGE_CURVE('',#2019,#2020,#1303,.T.);
#2348=EDGE_CURVE('',#2026,#2023,#1304,.T.);
#2349=EDGE_CURVE('',#2022,#2018,#1305,.T.);
#2350=EDGE_CURVE('',#2060,#2055,#1306,.T.);
#2351=EDGE_CURVE('',#2054,#2051,#1307,.T.);
#2352=EDGE_CURVE('',#2050,#2047,#1308,.T.);
#2353=EDGE_CURVE('',#2046,#2045,#1309,.T.);
#2354=EDGE_CURVE('',#2044,#2031,#1310,.T.);
#2355=EDGE_CURVE('',#2030,#2027,#1311,.T.);
#2356=EDGE_CURVE('',#2076,#2076,#1312,.T.);
#2357=EDGE_CURVE('',#2077,#2077,#1313,.T.);
#2358=EDGE_CURVE('',#2078,#2078,#1314,.T.);
#2359=EDGE_CURVE('',#2079,#2079,#1315,.T.);
#2360=EDGE_CURVE('',#2080,#2080,#1316,.T.);
#2361=EDGE_CURVE('',#2081,#2081,#1317,.T.);
#2362=EDGE_CURVE('',#2082,#2082,#1318,.T.);
#2363=EDGE_CURVE('',#2083,#2083,#1319,.T.);
#2364=EDGE_CURVE('',#2084,#2084,#1320,.T.);
#2365=EDGE_CURVE('',#2085,#2085,#1321,.T.);
#2366=EDGE_CURVE('',#2086,#2086,#1322,.T.);
#2367=EDGE_CURVE('',#2087,#2087,#1323,.T.);
#2368=EDGE_CURVE('',#2088,#2088,#1324,.T.);
#2369=EDGE_CURVE('',#2089,#2089,#1325,.T.);
#2370=EDGE_CURVE('',#2090,#2090,#1326,.T.);
#2371=EDGE_CURVE('',#2091,#2091,#1327,.T.);
#2372=EDGE_CURVE('',#2092,#2092,#1328,.T.);
#2373=EDGE_CURVE('',#2093,#2093,#1329,.T.);
#2374=EDGE_CURVE('',#2094,#2094,#1330,.T.);
#2375=EDGE_CURVE('',#2095,#2095,#1331,.T.);
#2376=LINE('',#3610,#2560);
#2377=LINE('',#3615,#2561);
#2378=LINE('',#3620,#2562);
#2379=LINE('',#3625,#2563);
#2380=LINE('',#3628,#2564);
#2381=LINE('',#3630,#2565);
#2382=LINE('',#3632,#2566);
#2383=LINE('',#3634,#2567);
#2384=LINE('',#3637,#2568);
#2385=LINE('',#3639,#2569);
#2386=LINE('',#3641,#2570);
#2387=LINE('',#3643,#2571);
#2388=LINE('',#3646,#2572);
#2389=LINE('',#3648,#2573);
#2390=LINE('',#3650,#2574);
#2391=LINE('',#3652,#2575);
#2392=LINE('',#3655,#2576);
#2393=LINE('',#3657,#2577);
#2394=LINE('',#3659,#2578);
#2395=LINE('',#3661,#2579);
#2396=LINE('',#3663,#2580);
#2397=LINE('',#3664,#2581);
#2398=LINE('',#3666,#2582);
#2399=LINE('',#3669,#2583);
#2400=LINE('',#3671,#2584);
#2401=LINE('',#3673,#2585);
#2402=LINE('',#3674,#2586);
#2403=LINE('',#3680,#2587);
#2404=LINE('',#3682,#2588);
#2405=LINE('',#3684,#2589);
#2406=LINE('',#3686,#2590);
#2407=LINE('',#3688,#2591);
#2408=LINE('',#3690,#2592);
#2409=LINE('',#3692,#2593);
#2410=LINE('',#3693,#2594);
#2411=LINE('',#3697,#2595);
#2412=LINE('',#3699,#2596);
#2413=LINE('',#3701,#2597);
#2414=LINE('',#3703,#2598);
#2415=LINE('',#3705,#2599);
#2416=LINE('',#3707,#2600);
#2417=LINE('',#3709,#2601);
#2418=LINE('',#3710,#2602);
#2419=LINE('',#3714,#2603);
#2420=LINE('',#3716,#2604);
#2421=LINE('',#3718,#2605);
#2422=LINE('',#3720,#2606);
#2423=LINE('',#3722,#2607);
#2424=LINE('',#3724,#2608);
#2425=LINE('',#3726,#2609);
#2426=LINE('',#3727,#2610);
#2427=LINE('',#3731,#2611);
#2428=LINE('',#3733,#2612);
#2429=LINE('',#3736,#2613);
#2430=LINE('',#3738,#2614);
#2431=LINE('',#3740,#2615);
#2432=LINE('',#3741,#2616);
#2433=LINE('',#3743,#2617);
#2434=LINE('',#3746,#2618);
#2435=LINE('',#3748,#2619);
#2436=LINE('',#3750,#2620);
#2437=LINE('',#3752,#2621);
#2438=LINE('',#3754,#2622);
#2439=LINE('',#3755,#2623);
#2440=LINE('',#3757,#2624);
#2441=LINE('',#3759,#2625);
#2442=LINE('',#3761,#2626);
#2443=LINE('',#3763,#2627);
#2444=LINE('',#3766,#2628);
#2445=LINE('',#3768,#2629);
#2446=LINE('',#3770,#2630);
#2447=LINE('',#3774,#2631);
#2448=LINE('',#3775,#2632);
#2449=LINE('',#3776,#2633);
#2450=LINE('',#3777,#2634);
#2451=LINE('',#3779,#2635);
#2452=LINE('',#3781,#2636);
#2453=LINE('',#3783,#2637);
#2454=LINE('',#3785,#2638);
#2455=LINE('',#3787,#2639);
#2456=LINE('',#3793,#2640);
#2457=LINE('',#3795,#2641);
#2458=LINE('',#3797,#2642);
#2459=LINE('',#3799,#2643);
#2460=LINE('',#3801,#2644);
#2461=LINE('',#3803,#2645);
#2462=LINE('',#3805,#2646);
#2463=LINE('',#3807,#2647);
#2464=LINE('',#3809,#2648);
#2465=LINE('',#3811,#2649);
#2466=LINE('',#3813,#2650);
#2467=LINE('',#3819,#2651);
#2468=LINE('',#3821,#2652);
#2469=LINE('',#3823,#2653);
#2470=LINE('',#3829,#2654);
#2471=LINE('',#3832,#2655);
#2472=LINE('',#3833,#2656);
#2473=LINE('',#3835,#2657);
#2474=LINE('',#3837,#2658);
#2475=LINE('',#3839,#2659);
#2476=LINE('',#3841,#2660);
#2477=LINE('',#3842,#2661);
#2478=LINE('',#3844,#2662);
#2479=LINE('',#3846,#2663);
#2480=LINE('',#3847,#2664);
#2481=LINE('',#3849,#2665);
#2482=LINE('',#3851,#2666);
#2483=LINE('',#3852,#2667);
#2484=LINE('',#3854,#2668);
#2485=LINE('',#3856,#2669);
#2486=LINE('',#3858,#2670);
#2487=LINE('',#3860,#2671);
#2488=LINE('',#3862,#2672);
#2489=LINE('',#3864,#2673);
#2490=LINE('',#3866,#2674);
#2491=LINE('',#3868,#2675);
#2492=LINE('',#3869,#2676);
#2493=LINE('',#3872,#2677);
#2494=LINE('',#3874,#2678);
#2495=LINE('',#3876,#2679);
#2496=LINE('',#3878,#2680);
#2497=LINE('',#3880,#2681);
#2498=LINE('',#3882,#2682);
#2499=LINE('',#3884,#2683);
#2500=LINE('',#3886,#2684);
#2501=LINE('',#3929,#2685);
#2502=LINE('',#3931,#2686);
#2503=LINE('',#3933,#2687);
#2504=LINE('',#3935,#2688);
#2505=LINE('',#3937,#2689);
#2506=LINE('',#3939,#2690);
#2507=LINE('',#3941,#2691);
#2508=LINE('',#3943,#2692);
#2509=LINE('',#3954,#2693);
#2510=LINE('',#3956,#2694);
#2511=LINE('',#3958,#2695);
#2512=LINE('',#3960,#2696);
#2513=LINE('',#3962,#2697);
#2514=LINE('',#3966,#2698);
#2515=LINE('',#3967,#2699);
#2516=LINE('',#3968,#2700);
#2517=LINE('',#3969,#2701);
#2518=LINE('',#3980,#2702);
#2519=LINE('',#3983,#2703);
#2520=LINE('',#3985,#2704);
#2521=LINE('',#3987,#2705);
#2522=LINE('',#3989,#2706);
#2523=LINE('',#3991,#2707);
#2524=LINE('',#3993,#2708);
#2525=LINE('',#3995,#2709);
#2526=LINE('',#3997,#2710);
#2527=LINE('',#3999,#2711);
#2528=LINE('',#4004,#2712);
#2529=LINE('',#4008,#2713);
#2530=LINE('',#4010,#2714);
#2531=LINE('',#4013,#2715);
#2532=LINE('',#4015,#2716);
#2533=LINE('',#4017,#2717);
#2534=LINE('',#4022,#2718);
#2535=LINE('',#4026,#2719);
#2536=LINE('',#4048,#2720);
#2537=LINE('',#4051,#2721);
#2538=LINE('',#4053,#2722);
#2539=LINE('',#4055,#2723);
#2540=LINE('',#4060,#2724);
#2541=LINE('',#4064,#2725);
#2542=LINE('',#4066,#2726);
#2543=LINE('',#4069,#2727);
#2544=LINE('',#4071,#2728);
#2545=LINE('',#4073,#2729);
#2546=LINE('',#4078,#2730);
#2547=LINE('',#4082,#2731);
#2548=LINE('',#4084,#2732);
#2549=LINE('',#4087,#2733);
#2550=LINE('',#4089,#2734);
#2551=LINE('',#4091,#2735);
#2552=LINE('',#4093,#2736);
#2553=LINE('',#4095,#2737);
#2554=LINE('',#4097,#2738);
#2555=LINE('',#4099,#2739);
#2556=LINE('',#4101,#2740);
#2557=LINE('',#4103,#2741);
#2558=LINE('',#4125,#2742);
#2559=LINE('',#4126,#2743);
#2560=VECTOR('',#2973,1.);
#2561=VECTOR('',#2978,1.);
#2562=VECTOR('',#2983,1.);
#2563=VECTOR('',#2988,1.);
#2564=VECTOR('',#2989,1.);
#2565=VECTOR('',#2990,1.);
#2566=VECTOR('',#2991,1.);
#2567=VECTOR('',#2994,1.);
#2568=VECTOR('',#2995,1.);
#2569=VECTOR('',#2996,1.);
#2570=VECTOR('',#2997,1.);
#2571=VECTOR('',#3000,1.);
#2572=VECTOR('',#3001,1.);
#2573=VECTOR('',#3002,1.);
#2574=VECTOR('',#3003,1.);
#2575=VECTOR('',#3006,1.);
#2576=VECTOR('',#3007,1.);
#2577=VECTOR('',#3008,1.);
#2578=VECTOR('',#3009,1.);
#2579=VECTOR('',#3010,1.);
#2580=VECTOR('',#3011,1.);
#2581=VECTOR('',#3012,1.);
#2582=VECTOR('',#3015,1.);
#2583=VECTOR('',#3016,1.);
#2584=VECTOR('',#3017,1.);
#2585=VECTOR('',#3018,1.);
#2586=VECTOR('',#3019,1.);
#2587=VECTOR('',#3026,1.);
#2588=VECTOR('',#3029,1.);
#2589=VECTOR('',#3030,1.);
#2590=VECTOR('',#3031,1.);
#2591=VECTOR('',#3032,1.);
#2592=VECTOR('',#3033,1.);
#2593=VECTOR('',#3034,1.);
#2594=VECTOR('',#3035,1.);
#2595=VECTOR('',#3040,1.);
#2596=VECTOR('',#3043,1.);
#2597=VECTOR('',#3044,1.);
#2598=VECTOR('',#3045,1.);
#2599=VECTOR('',#3046,1.);
#2600=VECTOR('',#3047,1.);
#2601=VECTOR('',#3048,1.);
#2602=VECTOR('',#3049,1.);
#2603=VECTOR('',#3054,1.);
#2604=VECTOR('',#3057,1.);
#2605=VECTOR('',#3058,1.);
#2606=VECTOR('',#3059,1.);
#2607=VECTOR('',#3060,1.);
#2608=VECTOR('',#3061,1.);
#2609=VECTOR('',#3062,1.);
#2610=VECTOR('',#3063,1.);
#2611=VECTOR('',#3068,1.);
#2612=VECTOR('',#3071,1.);
#2613=VECTOR('',#3072,1.);
#2614=VECTOR('',#3073,1.);
#2615=VECTOR('',#3074,1.);
#2616=VECTOR('',#3075,1.);
#2617=VECTOR('',#3078,1.);
#2618=VECTOR('',#3079,1.);
#2619=VECTOR('',#3080,1.);
#2620=VECTOR('',#3081,1.);
#2621=VECTOR('',#3082,1.);
#2622=VECTOR('',#3083,1.);
#2623=VECTOR('',#3084,1.);
#2624=VECTOR('',#3087,1.);
#2625=VECTOR('',#3088,1.);
#2626=VECTOR('',#3089,1.);
#2627=VECTOR('',#3092,1.);
#2628=VECTOR('',#3093,1.);
#2629=VECTOR('',#3094,1.);
#2630=VECTOR('',#3095,1.);
#2631=VECTOR('',#3100,1.);
#2632=VECTOR('',#3101,1.);
#2633=VECTOR('',#3102,1.);
#2634=VECTOR('',#3103,1.);
#2635=VECTOR('',#3106,1.);
#2636=VECTOR('',#3109,1.);
#2637=VECTOR('',#3112,1.);
#2638=VECTOR('',#3115,1.);
#2639=VECTOR('',#3118,1.);
#2640=VECTOR('',#3127,1.);
#2641=VECTOR('',#3128,1.);
#2642=VECTOR('',#3129,1.);
#2643=VECTOR('',#3130,1.);
#2644=VECTOR('',#3131,1.);
#2645=VECTOR('',#3132,1.);
#2646=VECTOR('',#3133,1.);
#2647=VECTOR('',#3134,1.);
#2648=VECTOR('',#3135,1.);
#2649=VECTOR('',#3136,1.);
#2650=VECTOR('',#3137,1.);
#2651=VECTOR('',#3144,1.);
#2652=VECTOR('',#3145,1.);
#2653=VECTOR('',#3146,1.);
#2654=VECTOR('',#3153,1.);
#2655=VECTOR('',#3154,1.);
#2656=VECTOR('',#3155,1.);
#2657=VECTOR('',#3158,1.);
#2658=VECTOR('',#3159,1.);
#2659=VECTOR('',#3160,1.);
#2660=VECTOR('',#3161,1.);
#2661=VECTOR('',#3162,1.);
#2662=VECTOR('',#3163,1.);
#2663=VECTOR('',#3164,1.);
#2664=VECTOR('',#3165,1.);
#2665=VECTOR('',#3166,1.);
#2666=VECTOR('',#3167,1.);
#2667=VECTOR('',#3168,1.);
#2668=VECTOR('',#3169,1.);
#2669=VECTOR('',#3170,1.);
#2670=VECTOR('',#3171,1.);
#2671=VECTOR('',#3172,1.);
#2672=VECTOR('',#3173,1.);
#2673=VECTOR('',#3174,1.);
#2674=VECTOR('',#3175,1.);
#2675=VECTOR('',#3178,1.);
#2676=VECTOR('',#3179,1.);
#2677=VECTOR('',#3184,1.);
#2678=VECTOR('',#3187,1.);
#2679=VECTOR('',#3190,1.);
#2680=VECTOR('',#3193,1.);
#2681=VECTOR('',#3196,1.);
#2682=VECTOR('',#3199,1.);
#2683=VECTOR('',#3202,1.);
#2684=VECTOR('',#3205,1.);
#2685=VECTOR('',#3266,1.);
#2686=VECTOR('',#3267,1.);
#2687=VECTOR('',#3268,1.);
#2688=VECTOR('',#3271,1.);
#2689=VECTOR('',#3272,1.);
#2690=VECTOR('',#3273,1.);
#2691=VECTOR('',#3276,1.);
#2692=VECTOR('',#3277,1.);
#2693=VECTOR('',#3298,1.);
#2694=VECTOR('',#3299,1.);
#2695=VECTOR('',#3302,1.);
#2696=VECTOR('',#3303,1.);
#2697=VECTOR('',#3304,1.);
#2698=VECTOR('',#3309,1.);
#2699=VECTOR('',#3310,1.);
#2700=VECTOR('',#3311,1.);
#2701=VECTOR('',#3312,1.);
#2702=VECTOR('',#3331,1.);
#2703=VECTOR('',#3332,1.);
#2704=VECTOR('',#3333,1.);
#2705=VECTOR('',#3334,1.);
#2706=VECTOR('',#3337,1.);
#2707=VECTOR('',#3338,1.);
#2708=VECTOR('',#3339,1.);
#2709=VECTOR('',#3342,1.);
#2710=VECTOR('',#3343,1.);
#2711=VECTOR('',#3344,1.);
#2712=VECTOR('',#3349,1.);
#2713=VECTOR('',#3352,1.);
#2714=VECTOR('',#3355,1.);
#2715=VECTOR('',#3356,1.);
#2716=VECTOR('',#3357,1.);
#2717=VECTOR('',#3358,1.);
#2718=VECTOR('',#3363,1.);
#2719=VECTOR('',#3366,1.);
#2720=VECTOR('',#3389,1.);
#2721=VECTOR('',#3390,1.);
#2722=VECTOR('',#3391,1.);
#2723=VECTOR('',#3392,1.);
#2724=VECTOR('',#3397,1.);
#2725=VECTOR('',#3400,1.);
#2726=VECTOR('',#3403,1.);
#2727=VECTOR('',#3404,1.);
#2728=VECTOR('',#3405,1.);
#2729=VECTOR('',#3406,1.);
#2730=VECTOR('',#3411,1.);
#2731=VECTOR('',#3414,1.);
#2732=VECTOR('',#3417,1.);
#2733=VECTOR('',#3418,1.);
#2734=VECTOR('',#3419,1.);
#2735=VECTOR('',#3420,1.);
#2736=VECTOR('',#3423,1.);
#2737=VECTOR('',#3424,1.);
#2738=VECTOR('',#3425,1.);
#2739=VECTOR('',#3428,1.);
#2740=VECTOR('',#3429,1.);
#2741=VECTOR('',#3430,1.);
#2742=VECTOR('',#3453,1.);
#2743=VECTOR('',#3454,1.);
#2744=AXIS2_PLACEMENT_3D('',#3609,#2971,#2972);
#2745=AXIS2_PLACEMENT_3D('',#3613,#2974,#2975);
#2746=AXIS2_PLACEMENT_3D('',#3614,#2976,#2977);
#2747=AXIS2_PLACEMENT_3D('',#3618,#2979,#2980);
#2748=AXIS2_PLACEMENT_3D('',#3619,#2981,#2982);
#2749=AXIS2_PLACEMENT_3D('',#3623,#2984,#2985);
#2750=AXIS2_PLACEMENT_3D('',#3624,#2986,#2987);
#2751=AXIS2_PLACEMENT_3D('',#3633,#2992,#2993);
#2752=AXIS2_PLACEMENT_3D('',#3642,#2998,#2999);
#2753=AXIS2_PLACEMENT_3D('',#3651,#3004,#3005);
#2754=AXIS2_PLACEMENT_3D('',#3665,#3013,#3014);
#2755=AXIS2_PLACEMENT_3D('',#3675,#3020,#3021);
#2756=AXIS2_PLACEMENT_3D('',#3676,#3022,#3023);
#2757=AXIS2_PLACEMENT_3D('',#3678,#3024,#3025);
#2758=AXIS2_PLACEMENT_3D('',#3681,#3027,#3028);
#2759=AXIS2_PLACEMENT_3D('',#3694,#3036,#3037);
#2760=AXIS2_PLACEMENT_3D('',#3695,#3038,#3039);
#2761=AXIS2_PLACEMENT_3D('',#3698,#3041,#3042);
#2762=AXIS2_PLACEMENT_3D('',#3711,#3050,#3051);
#2763=AXIS2_PLACEMENT_3D('',#3712,#3052,#3053);
#2764=AXIS2_PLACEMENT_3D('',#3715,#3055,#3056);
#2765=AXIS2_PLACEMENT_3D('',#3728,#3064,#3065);
#2766=AXIS2_PLACEMENT_3D('',#3729,#3066,#3067);
#2767=AXIS2_PLACEMENT_3D('',#3732,#3069,#3070);
#2768=AXIS2_PLACEMENT_3D('',#3742,#3076,#3077);
#2769=AXIS2_PLACEMENT_3D('',#3756,#3085,#3086);
#2770=AXIS2_PLACEMENT_3D('',#3762,#3090,#3091);
#2771=AXIS2_PLACEMENT_3D('',#3771,#3096,#3097);
#2772=AXIS2_PLACEMENT_3D('',#3772,#3098,#3099);
#2773=AXIS2_PLACEMENT_3D('',#3778,#3104,#3105);
#2774=AXIS2_PLACEMENT_3D('',#3780,#3107,#3108);
#2775=AXIS2_PLACEMENT_3D('',#3782,#3110,#3111);
#2776=AXIS2_PLACEMENT_3D('',#3784,#3113,#3114);
#2777=AXIS2_PLACEMENT_3D('',#3786,#3116,#3117);
#2778=AXIS2_PLACEMENT_3D('',#3788,#3119,#3120);
#2779=AXIS2_PLACEMENT_3D('',#3789,#3121,#3122);
#2780=AXIS2_PLACEMENT_3D('',#3791,#3123,#3124);
#2781=AXIS2_PLACEMENT_3D('',#3792,#3125,#3126);
#2782=AXIS2_PLACEMENT_3D('',#3814,#3138,#3139);
#2783=AXIS2_PLACEMENT_3D('',#3815,#3140,#3141);
#2784=AXIS2_PLACEMENT_3D('',#3817,#3142,#3143);
#2785=AXIS2_PLACEMENT_3D('',#3824,#3147,#3148);
#2786=AXIS2_PLACEMENT_3D('',#3825,#3149,#3150);
#2787=AXIS2_PLACEMENT_3D('',#3827,#3151,#3152);
#2788=AXIS2_PLACEMENT_3D('',#3834,#3156,#3157);
#2789=AXIS2_PLACEMENT_3D('',#3867,#3176,#3177);
#2790=AXIS2_PLACEMENT_3D('',#3870,#3180,#3181);
#2791=AXIS2_PLACEMENT_3D('',#3871,#3182,#3183);
#2792=AXIS2_PLACEMENT_3D('',#3873,#3185,#3186);
#2793=AXIS2_PLACEMENT_3D('',#3875,#3188,#3189);
#2794=AXIS2_PLACEMENT_3D('',#3877,#3191,#3192);
#2795=AXIS2_PLACEMENT_3D('',#3879,#3194,#3195);
#2796=AXIS2_PLACEMENT_3D('',#3881,#3197,#3198);
#2797=AXIS2_PLACEMENT_3D('',#3883,#3200,#3201);
#2798=AXIS2_PLACEMENT_3D('',#3885,#3203,#3204);
#2799=AXIS2_PLACEMENT_3D('',#3887,#3206,#3207);
#2800=AXIS2_PLACEMENT_3D('',#3888,#3208,#3209);
#2801=AXIS2_PLACEMENT_3D('',#3889,#3210,#3211);
#2802=AXIS2_PLACEMENT_3D('',#3892,#3212,#3213);
#2803=AXIS2_PLACEMENT_3D('',#3893,#3214,#3215);
#2804=AXIS2_PLACEMENT_3D('',#3895,#3216,#3217);
#2805=AXIS2_PLACEMENT_3D('',#3896,#3218,#3219);
#2806=AXIS2_PLACEMENT_3D('',#3899,#3220,#3221);
#2807=AXIS2_PLACEMENT_3D('',#3900,#3222,#3223);
#2808=AXIS2_PLACEMENT_3D('',#3902,#3224,#3225);
#2809=AXIS2_PLACEMENT_3D('',#3903,#3226,#3227);
#2810=AXIS2_PLACEMENT_3D('',#3906,#3228,#3229);
#2811=AXIS2_PLACEMENT_3D('',#3907,#3230,#3231);
#2812=AXIS2_PLACEMENT_3D('',#3909,#3232,#3233);
#2813=AXIS2_PLACEMENT_3D('',#3910,#3234,#3235);
#2814=AXIS2_PLACEMENT_3D('',#3913,#3236,#3237);
#2815=AXIS2_PLACEMENT_3D('',#3914,#3238,#3239);
#2816=AXIS2_PLACEMENT_3D('',#3916,#3240,#3241);
#2817=AXIS2_PLACEMENT_3D('',#3917,#3242,#3243);
#2818=AXIS2_PLACEMENT_3D('',#3918,#3244,#3245);
#2819=AXIS2_PLACEMENT_3D('',#3919,#3246,#3247);
#2820=AXIS2_PLACEMENT_3D('',#3920,#3248,#3249);
#2821=AXIS2_PLACEMENT_3D('',#3921,#3250,#3251);
#2822=AXIS2_PLACEMENT_3D('',#3922,#3252,#3253);
#2823=AXIS2_PLACEMENT_3D('',#3923,#3254,#3255);
#2824=AXIS2_PLACEMENT_3D('',#3924,#3256,#3257);
#2825=AXIS2_PLACEMENT_3D('',#3925,#3258,#3259);
#2826=AXIS2_PLACEMENT_3D('',#3926,#3260,#3261);
#2827=AXIS2_PLACEMENT_3D('',#3927,#3262,#3263);
#2828=AXIS2_PLACEMENT_3D('',#3928,#3264,#3265);
#2829=AXIS2_PLACEMENT_3D('',#3934,#3269,#3270);
#2830=AXIS2_PLACEMENT_3D('',#3940,#3274,#3275);
#2831=AXIS2_PLACEMENT_3D('',#3944,#3278,#3279);
#2832=AXIS2_PLACEMENT_3D('',#3945,#3280,#3281);
#2833=AXIS2_PLACEMENT_3D('',#3946,#3282,#3283);
#2834=AXIS2_PLACEMENT_3D('',#3947,#3284,#3285);
#2835=AXIS2_PLACEMENT_3D('',#3948,#3286,#3287);
#2836=AXIS2_PLACEMENT_3D('',#3949,#3288,#3289);
#2837=AXIS2_PLACEMENT_3D('',#3950,#3290,#3291);
#2838=AXIS2_PLACEMENT_3D('',#3951,#3292,#3293);
#2839=AXIS2_PLACEMENT_3D('',#3952,#3294,#3295);
#2840=AXIS2_PLACEMENT_3D('',#3953,#3296,#3297);
#2841=AXIS2_PLACEMENT_3D('',#3957,#3300,#3301);
#2842=AXIS2_PLACEMENT_3D('',#3963,#3305,#3306);
#2843=AXIS2_PLACEMENT_3D('',#3964,#3307,#3308);
#2844=AXIS2_PLACEMENT_3D('',#3970,#3313,#3314);
#2845=AXIS2_PLACEMENT_3D('',#3971,#3315,#3316);
#2846=AXIS2_PLACEMENT_3D('',#3972,#3317,#3318);
#2847=AXIS2_PLACEMENT_3D('',#3973,#3319,#3320);
#2848=AXIS2_PLACEMENT_3D('',#3974,#3321,#3322);
#2849=AXIS2_PLACEMENT_3D('',#3975,#3323,#3324);
#2850=AXIS2_PLACEMENT_3D('',#3976,#3325,#3326);
#2851=AXIS2_PLACEMENT_3D('',#3978,#3327,#3328);
#2852=AXIS2_PLACEMENT_3D('',#3979,#3329,#3330);
#2853=AXIS2_PLACEMENT_3D('',#3988,#3335,#3336);
#2854=AXIS2_PLACEMENT_3D('',#3994,#3340,#3341);
#2855=AXIS2_PLACEMENT_3D('',#4000,#3345,#3346);
#2856=AXIS2_PLACEMENT_3D('',#4001,#3347,#3348);
#2857=AXIS2_PLACEMENT_3D('',#4006,#3350,#3351);
#2858=AXIS2_PLACEMENT_3D('',#4009,#3353,#3354);
#2859=AXIS2_PLACEMENT_3D('',#4018,#3359,#3360);
#2860=AXIS2_PLACEMENT_3D('',#4019,#3361,#3362);
#2861=AXIS2_PLACEMENT_3D('',#4024,#3364,#3365);
#2862=AXIS2_PLACEMENT_3D('',#4027,#3367,#3368);
#2863=AXIS2_PLACEMENT_3D('',#4028,#3369,#3370);
#2864=AXIS2_PLACEMENT_3D('',#4030,#3371,#3372);
#2865=AXIS2_PLACEMENT_3D('',#4032,#3373,#3374);
#2866=AXIS2_PLACEMENT_3D('',#4034,#3375,#3376);
#2867=AXIS2_PLACEMENT_3D('',#4036,#3377,#3378);
#2868=AXIS2_PLACEMENT_3D('',#4038,#3379,#3380);
#2869=AXIS2_PLACEMENT_3D('',#4040,#3381,#3382);
#2870=AXIS2_PLACEMENT_3D('',#4042,#3383,#3384);
#2871=AXIS2_PLACEMENT_3D('',#4044,#3385,#3386);
#2872=AXIS2_PLACEMENT_3D('',#4046,#3387,#3388);
#2873=AXIS2_PLACEMENT_3D('',#4056,#3393,#3394);
#2874=AXIS2_PLACEMENT_3D('',#4057,#3395,#3396);
#2875=AXIS2_PLACEMENT_3D('',#4062,#3398,#3399);
#2876=AXIS2_PLACEMENT_3D('',#4065,#3401,#3402);
#2877=AXIS2_PLACEMENT_3D('',#4074,#3407,#3408);
#2878=AXIS2_PLACEMENT_3D('',#4075,#3409,#3410);
#2879=AXIS2_PLACEMENT_3D('',#4080,#3412,#3413);
#2880=AXIS2_PLACEMENT_3D('',#4083,#3415,#3416);
#2881=AXIS2_PLACEMENT_3D('',#4092,#3421,#3422);
#2882=AXIS2_PLACEMENT_3D('',#4098,#3426,#3427);
#2883=AXIS2_PLACEMENT_3D('',#4104,#3431,#3432);
#2884=AXIS2_PLACEMENT_3D('',#4105,#3433,#3434);
#2885=AXIS2_PLACEMENT_3D('',#4107,#3435,#3436);
#2886=AXIS2_PLACEMENT_3D('',#4109,#3437,#3438);
#2887=AXIS2_PLACEMENT_3D('',#4111,#3439,#3440);
#2888=AXIS2_PLACEMENT_3D('',#4113,#3441,#3442);
#2889=AXIS2_PLACEMENT_3D('',#4115,#3443,#3444);
#2890=AXIS2_PLACEMENT_3D('',#4117,#3445,#3446);
#2891=AXIS2_PLACEMENT_3D('',#4119,#3447,#3448);
#2892=AXIS2_PLACEMENT_3D('',#4121,#3449,#3450);
#2893=AXIS2_PLACEMENT_3D('',#4123,#3451,#3452);
#2894=AXIS2_PLACEMENT_3D('',#4127,#3455,#3456);
#2895=AXIS2_PLACEMENT_3D('',#4128,#3457,#3458);
#2896=AXIS2_PLACEMENT_3D('',#4129,#3459,#3460);
#2897=AXIS2_PLACEMENT_3D('',#4130,#3461,#3462);
#2898=AXIS2_PLACEMENT_3D('',#4131,#3463,#3464);
#2899=AXIS2_PLACEMENT_3D('',#4132,#3465,#3466);
#2900=AXIS2_PLACEMENT_3D('',#4133,#3467,#3468);
#2901=AXIS2_PLACEMENT_3D('',#4134,#3469,#3470);
#2902=AXIS2_PLACEMENT_3D('',#4135,#3471,#3472);
#2903=AXIS2_PLACEMENT_3D('',#4136,#3473,#3474);
#2904=AXIS2_PLACEMENT_3D('',#4137,#3475,#3476);
#2905=AXIS2_PLACEMENT_3D('',#4138,#3477,#3478);
#2906=AXIS2_PLACEMENT_3D('',#4139,#3479,#3480);
#2907=AXIS2_PLACEMENT_3D('',#4140,#3481,#3482);
#2908=AXIS2_PLACEMENT_3D('',#4141,#3483,#3484);
#2909=AXIS2_PLACEMENT_3D('',#4142,#3485,#3486);
#2910=AXIS2_PLACEMENT_3D('',#4143,#3487,#3488);
#2911=AXIS2_PLACEMENT_3D('',#4144,#3489,#3490);
#2912=AXIS2_PLACEMENT_3D('',#4145,#3491,#3492);
#2913=AXIS2_PLACEMENT_3D('',#4146,#3493,#3494);
#2914=AXIS2_PLACEMENT_3D('',#4147,#3495,#3496);
#2915=AXIS2_PLACEMENT_3D('',#4148,#3497,#3498);
#2916=AXIS2_PLACEMENT_3D('',#4149,#3499,#3500);
#2917=AXIS2_PLACEMENT_3D('',#4150,#3501,#3502);
#2918=AXIS2_PLACEMENT_3D('',#4151,#3503,#3504);
#2919=AXIS2_PLACEMENT_3D('',#4152,#3505,#3506);
#2920=AXIS2_PLACEMENT_3D('',#4153,#3507,#3508);
#2921=AXIS2_PLACEMENT_3D('',#4154,#3509,#3510);
#2922=AXIS2_PLACEMENT_3D('',#4156,#3511,#3512);
#2923=AXIS2_PLACEMENT_3D('',#4157,#3513,#3514);
#2924=AXIS2_PLACEMENT_3D('',#4159,#3515,#3516);
#2925=AXIS2_PLACEMENT_3D('',#4160,#3517,#3518);
#2926=AXIS2_PLACEMENT_3D('',#4161,#3519,#3520);
#2927=AXIS2_PLACEMENT_3D('',#4163,#3521,#3522);
#2928=AXIS2_PLACEMENT_3D('',#4164,#3523,#3524);
#2929=AXIS2_PLACEMENT_3D('',#4166,#3525,#3526);
#2930=AXIS2_PLACEMENT_3D('',#4167,#3527,#3528);
#2931=AXIS2_PLACEMENT_3D('',#4168,#3529,#3530);
#2932=AXIS2_PLACEMENT_3D('',#4170,#3531,#3532);
#2933=AXIS2_PLACEMENT_3D('',#4171,#3533,#3534);
#2934=AXIS2_PLACEMENT_3D('',#4173,#3535,#3536);
#2935=AXIS2_PLACEMENT_3D('',#4174,#3537,#3538);
#2936=AXIS2_PLACEMENT_3D('',#4175,#3539,#3540);
#2937=AXIS2_PLACEMENT_3D('',#4177,#3541,#3542);
#2938=AXIS2_PLACEMENT_3D('',#4178,#3543,#3544);
#2939=AXIS2_PLACEMENT_3D('',#4180,#3545,#3546);
#2940=AXIS2_PLACEMENT_3D('',#4181,#3547,#3548);
#2941=AXIS2_PLACEMENT_3D('',#4182,#3549,#3550);
#2942=AXIS2_PLACEMENT_3D('',#4184,#3551,#3552);
#2943=AXIS2_PLACEMENT_3D('',#4185,#3553,#3554);
#2944=AXIS2_PLACEMENT_3D('',#4187,#3555,#3556);
#2945=AXIS2_PLACEMENT_3D('',#4188,#3557,#3558);
#2946=AXIS2_PLACEMENT_3D('',#4189,#3559,#3560);
#2947=AXIS2_PLACEMENT_3D('',#4191,#3561,#3562);
#2948=AXIS2_PLACEMENT_3D('',#4192,#3563,#3564);
#2949=AXIS2_PLACEMENT_3D('',#4194,#3565,#3566);
#2950=AXIS2_PLACEMENT_3D('',#4195,#3567,#3568);
#2951=AXIS2_PLACEMENT_3D('',#4196,#3569,#3570);
#2952=AXIS2_PLACEMENT_3D('',#4198,#3571,#3572);
#2953=AXIS2_PLACEMENT_3D('',#4199,#3573,#3574);
#2954=AXIS2_PLACEMENT_3D('',#4201,#3575,#3576);
#2955=AXIS2_PLACEMENT_3D('',#4202,#3577,#3578);
#2956=AXIS2_PLACEMENT_3D('',#4203,#3579,#3580);
#2957=AXIS2_PLACEMENT_3D('',#4205,#3581,#3582);
#2958=AXIS2_PLACEMENT_3D('',#4206,#3583,#3584);
#2959=AXIS2_PLACEMENT_3D('',#4208,#3585,#3586);
#2960=AXIS2_PLACEMENT_3D('',#4209,#3587,#3588);
#2961=AXIS2_PLACEMENT_3D('',#4210,#3589,#3590);
#2962=AXIS2_PLACEMENT_3D('',#4212,#3591,#3592);
#2963=AXIS2_PLACEMENT_3D('',#4213,#3593,#3594);
#2964=AXIS2_PLACEMENT_3D('',#4215,#3595,#3596);
#2965=AXIS2_PLACEMENT_3D('',#4216,#3597,#3598);
#2966=AXIS2_PLACEMENT_3D('',#4217,#3599,#3600);
#2967=AXIS2_PLACEMENT_3D('',#4219,#3601,#3602);
#2968=AXIS2_PLACEMENT_3D('',#4220,#3603,#3604);
#2969=AXIS2_PLACEMENT_3D('',#4222,#3605,#3606);
#2970=AXIS2_PLACEMENT_3D('',#4223,#3607,#3608);
#2971=DIRECTION('',(0.,0.,1.));
#2972=DIRECTION('',(1.,0.,0.));
#2973=DIRECTION('',(0.,-0.766044443118978,-0.642787609686539));
#2974=DIRECTION('',(1.,0.,0.));
#2975=DIRECTION('',(0.,-1.,0.));
#2976=DIRECTION('',(1.,0.,0.));
#2977=DIRECTION('',(0.,0.,-1.));
#2978=DIRECTION('',(0.,0.64278760968654,-0.766044443118978));
#2979=DIRECTION('',(1.,0.,0.));
#2980=DIRECTION('',(0.,-1.,0.));
#2981=DIRECTION('',(1.,0.,0.));
#2982=DIRECTION('',(0.,0.,-1.));
#2983=DIRECTION('',(0.,0.64278760968654,0.766044443118978));
#2984=DIRECTION('',(1.,0.,0.));
#2985=DIRECTION('',(0.,1.,0.));
#2986=DIRECTION('',(1.,0.,0.));
#2987=DIRECTION('',(0.,0.,-1.));
#2988=DIRECTION('',(0.,-1.,0.));
#2989=DIRECTION('',(-1.,0.,0.));
#2990=DIRECTION('',(0.,-1.,0.));
#2991=DIRECTION('',(1.,0.,0.));
#2992=DIRECTION('',(0.,0.,1.));
#2993=DIRECTION('',(1.,0.,0.));
#2994=DIRECTION('',(0.,0.,-1.));
#2995=DIRECTION('',(-1.,0.,0.));
#2996=DIRECTION('',(0.,0.,-1.));
#2997=DIRECTION('',(1.,0.,0.));
#2998=DIRECTION('',(0.,-1.,0.));
#2999=DIRECTION('',(0.,0.,-1.));
#3000=DIRECTION('',(0.,1.,1.24483345004818E-016));
#3001=DIRECTION('',(-1.,0.,0.));
#3002=DIRECTION('',(0.,1.,1.24483345004818E-016));
#3003=DIRECTION('',(1.,0.,0.));
#3004=DIRECTION('',(0.,1.24483345004818E-016,-1.));
#3005=DIRECTION('',(0.,1.,1.2490009027033E-016));
#3006=DIRECTION('',(1.,0.,0.));
#3007=DIRECTION('',(0.,0.766044443118978,0.642787609686539));
#3008=DIRECTION('',(-1.,0.,0.));
#3009=DIRECTION('',(0.,0.766044443118978,0.64278760968654));
#3010=DIRECTION('',(-1.,0.,0.));
#3011=DIRECTION('',(0.,0.766044443118978,0.64278760968654));
#3012=DIRECTION('',(0.,0.766044443118978,0.642787609686539));
#3013=DIRECTION('',(0.,0.642787609686539,-0.766044443118978));
#3014=DIRECTION('',(0.,0.766044443118978,0.64278760968654));
#3015=DIRECTION('',(1.,0.,0.));
#3016=DIRECTION('',(-1.,0.,0.));
#3017=DIRECTION('',(-1.,0.,0.));
#3018=DIRECTION('',(0.,0.,1.));
#3019=DIRECTION('',(0.,0.,1.));
#3020=DIRECTION('',(0.,1.,0.));
#3021=DIRECTION('',(0.,0.,1.));
#3022=DIRECTION('',(1.,0.,0.));
#3023=DIRECTION('',(0.,1.,0.));
#3024=DIRECTION('',(1.,0.,0.));
#3025=DIRECTION('',(0.,1.,0.));
#3026=DIRECTION('',(1.,0.,0.));
#3027=DIRECTION('',(1.,0.,0.));
#3028=DIRECTION('',(0.,0.,-1.));
#3029=DIRECTION('',(1.,0.,0.));
#3030=DIRECTION('',(-1.,0.,0.));
#3031=DIRECTION('',(-1.,0.,0.));
#3032=DIRECTION('',(0.,0.,1.));
#3033=DIRECTION('',(-1.,0.,0.));
#3034=DIRECTION('',(-1.,0.,0.));
#3035=DIRECTION('',(0.,0.,1.));
#3036=DIRECTION('',(0.,1.,0.));
#3037=DIRECTION('',(0.,0.,1.));
#3038=DIRECTION('',(1.,0.,0.));
#3039=DIRECTION('',(0.,1.,0.));
#3040=DIRECTION('',(1.,0.,0.));
#3041=DIRECTION('',(1.,0.,0.));
#3042=DIRECTION('',(0.,0.,-1.));
#3043=DIRECTION('',(1.,0.,0.));
#3044=DIRECTION('',(-1.,0.,0.));
#3045=DIRECTION('',(-1.,0.,0.));
#3046=DIRECTION('',(0.,1.,0.));
#3047=DIRECTION('',(-1.,0.,0.));
#3048=DIRECTION('',(-1.,0.,0.));
#3049=DIRECTION('',(0.,1.,0.));
#3050=DIRECTION('',(0.,0.,-1.));
#3051=DIRECTION('',(-1.,0.,0.));
#3052=DIRECTION('',(1.,0.,0.));
#3053=DIRECTION('',(0.,-1.,0.));
#3054=DIRECTION('',(1.,0.,0.));
#3055=DIRECTION('',(1.,0.,0.));
#3056=DIRECTION('',(0.,0.,-1.));
#3057=DIRECTION('',(1.,0.,0.));
#3058=DIRECTION('',(-1.,0.,0.));
#3059=DIRECTION('',(-1.,0.,0.));
#3060=DIRECTION('',(0.,4.32177840424681E-016,-1.));
#3061=DIRECTION('',(-1.,0.,0.));
#3062=DIRECTION('',(-1.,0.,0.));
#3063=DIRECTION('',(0.,4.32177840424681E-016,-1.));
#3064=DIRECTION('',(0.,-1.,-4.32177840424681E-016));
#3065=DIRECTION('',(0.,4.31946145518225E-016,-1.));
#3066=DIRECTION('',(1.,0.,0.));
#3067=DIRECTION('',(0.,-1.,0.));
#3068=DIRECTION('',(1.,0.,0.));
#3069=DIRECTION('',(1.,0.,0.));
#3070=DIRECTION('',(0.,0.,-1.));
#3071=DIRECTION('',(1.,0.,0.));
#3072=DIRECTION('',(0.,0.,-1.));
#3073=DIRECTION('',(-1.,0.,0.));
#3074=DIRECTION('',(-1.,0.,0.));
#3075=DIRECTION('',(0.,0.,-1.));
#3076=DIRECTION('',(0.,-1.,0.));
#3077=DIRECTION('',(0.,0.,-1.));
#3078=DIRECTION('',(1.,0.,0.));
#3079=DIRECTION('',(0.,0.766044443118978,-0.64278760968654));
#3080=DIRECTION('',(-1.,0.,0.));
#3081=DIRECTION('',(0.,0.766044443118978,-0.64278760968654));
#3082=DIRECTION('',(-1.,0.,0.));
#3083=DIRECTION('',(0.,0.766044443118978,-0.64278760968654));
#3084=DIRECTION('',(0.,0.766044443118978,-0.64278760968654));
#3085=DIRECTION('',(0.,-0.64278760968654,-0.766044443118978));
#3086=DIRECTION('',(0.,0.766044443118978,-0.64278760968654));
#3087=DIRECTION('',(0.,1.,-1.24483345004818E-016));
#3088=DIRECTION('',(1.,0.,0.));
#3089=DIRECTION('',(0.,1.,-1.24483345004818E-016));
#3090=DIRECTION('',(0.,-1.24483345004818E-016,-1.));
#3091=DIRECTION('',(0.,1.,-1.2490009027033E-016));
#3092=DIRECTION('',(0.,0.,1.));
#3093=DIRECTION('',(-1.,0.,0.));
#3094=DIRECTION('',(0.,0.,1.));
#3095=DIRECTION('',(1.,0.,0.));
#3096=DIRECTION('',(0.,1.,0.));
#3097=DIRECTION('',(0.,0.,1.));
#3098=DIRECTION('',(-1.,0.,0.));
#3099=DIRECTION('',(0.,1.,0.));
#3100=DIRECTION('',(0.,-0.707106781186548,-0.707106781186547));
#3101=DIRECTION('',(0.,-0.707106781186547,0.707106781186548));
#3102=DIRECTION('',(0.,0.707106781186549,0.707106781186546));
#3103=DIRECTION('',(0.,0.707106781186548,-0.707106781186548));
#3104=DIRECTION('',(1.,0.,0.));
#3105=DIRECTION('',(0.,0.,-1.));
#3106=DIRECTION('',(0.,-0.766044443118978,0.64278760968654));
#3107=DIRECTION('',(1.,0.,0.));
#3108=DIRECTION('',(0.,0.,-1.));
#3109=DIRECTION('',(0.,0.707106781186548,0.707106781186547));
#3110=DIRECTION('',(0.,-0.707106781186547,0.707106781186548));
#3111=DIRECTION('',(0.,-0.707106781186548,-0.707106781186547));
#3112=DIRECTION('',(0.,-0.707106781186548,0.707106781186548));
#3113=DIRECTION('',(0.,-0.707106781186548,-0.707106781186548));
#3114=DIRECTION('',(0.,0.707106781186548,-0.707106781186548));
#3115=DIRECTION('',(0.,-0.707106781186549,-0.707106781186546));
#3116=DIRECTION('',(0.,0.707106781186546,-0.707106781186549));
#3117=DIRECTION('',(0.,0.707106781186549,0.707106781186546));
#3118=DIRECTION('',(0.,0.707106781186547,-0.707106781186548));
#3119=DIRECTION('',(0.,0.707106781186548,0.707106781186547));
#3120=DIRECTION('',(0.,-0.707106781186547,0.707106781186548));
#3121=DIRECTION('',(-1.,0.,0.));
#3122=DIRECTION('',(0.,1.,0.));
#3123=DIRECTION('',(-1.,0.,0.));
#3124=DIRECTION('',(0.,0.,0.999999999999999));
#3125=DIRECTION('',(-1.,0.,0.));
#3126=DIRECTION('',(0.,0.,1.));
#3127=DIRECTION('',(0.,1.,1.24826873361236E-016));
#3128=DIRECTION('',(0.,0.,-1.));
#3129=DIRECTION('',(0.,0.707106781186548,0.707106781186548));
#3130=DIRECTION('',(0.,-1.,0.));
#3131=DIRECTION('',(0.,0.64278760968654,-0.766044443118978));
#3132=DIRECTION('',(0.,1.,0.));
#3133=DIRECTION('',(0.,0.642787609686538,0.766044443118979));
#3134=DIRECTION('',(0.,-1.,0.));
#3135=DIRECTION('',(0.,0.707106781186543,-0.707106781186553));
#3136=DIRECTION('',(0.,-1.01445817308585E-016,1.));
#3137=DIRECTION('',(0.,1.,1.24826873361236E-016));
#3138=DIRECTION('',(1.,0.,0.));
#3139=DIRECTION('',(0.,0.,-1.));
#3140=DIRECTION('',(0.,0.,-1.));
#3141=DIRECTION('',(-1.,0.,0.));
#3142=DIRECTION('',(0.,0.,-1.));
#3143=DIRECTION('',(-1.,0.,0.));
#3144=DIRECTION('',(1.,0.,0.));
#3145=DIRECTION('',(0.,-1.,0.));
#3146=DIRECTION('',(-1.,0.,0.));
#3147=DIRECTION('',(0.,0.,-1.));
#3148=DIRECTION('',(-1.,0.,0.));
#3149=DIRECTION('',(0.,0.,-1.));
#3150=DIRECTION('',(-1.,0.,0.));
#3151=DIRECTION('',(0.,0.,-1.));
#3152=DIRECTION('',(-1.,0.,0.));
#3153=DIRECTION('',(0.,-1.,0.));
#3154=DIRECTION('',(-1.,0.,0.));
#3155=DIRECTION('',(-1.,0.,0.));
#3156=DIRECTION('',(0.,0.,-1.));
#3157=DIRECTION('',(-1.,0.,0.));
#3158=DIRECTION('',(0.,1.,-1.24483345004818E-016));
#3159=DIRECTION('',(0.,1.,1.24826873361236E-016));
#3160=DIRECTION('',(0.,-1.01445817308585E-016,1.));
#3161=DIRECTION('',(0.,-0.707106781186543,0.707106781186553));
#3162=DIRECTION('',(0.,0.642787609686538,0.766044443118979));
#3163=DIRECTION('',(0.,1.,0.));
#3164=DIRECTION('',(0.,0.64278760968654,-0.766044443118978));
#3165=DIRECTION('',(0.,-0.707106781186548,-0.707106781186548));
#3166=DIRECTION('',(0.,0.,-1.));
#3167=DIRECTION('',(0.,1.,1.24826873361236E-016));
#3168=DIRECTION('',(0.,1.,1.24483345004818E-016));
#3169=DIRECTION('',(0.,0.707106781186547,-0.707106781186548));
#3170=DIRECTION('',(0.,0.,-1.));
#3171=DIRECTION('',(0.,-0.707106781186549,-0.707106781186546));
#3172=DIRECTION('',(0.,-1.,0.));
#3173=DIRECTION('',(0.,-0.707106781186548,0.707106781186548));
#3174=DIRECTION('',(0.,0.,1.));
#3175=DIRECTION('',(0.,0.707106781186548,0.707106781186547));
#3176=DIRECTION('',(1.,0.,0.));
#3177=DIRECTION('',(0.,0.,-1.));
#3178=DIRECTION('',(-1.,0.,0.));
#3179=DIRECTION('',(-1.,0.,0.));
#3180=DIRECTION('',(0.,1.,0.));
#3181=DIRECTION('',(0.,0.,1.));
#3182=DIRECTION('',(0.,-1.24826873361236E-016,1.));
#3183=DIRECTION('',(0.,-1.,-1.2490009027033E-016));
#3184=DIRECTION('',(0.,-0.766044443118978,0.64278760968654));
#3185=DIRECTION('',(0.,-0.64278760968654,-0.766044443118978));
#3186=DIRECTION('',(0.,0.766044443118978,-0.64278760968654));
#3187=DIRECTION('',(0.,0.64278760968654,0.766044443118978));
#3188=DIRECTION('',(0.,-0.766044443118978,0.64278760968654));
#3189=DIRECTION('',(0.,-0.64278760968654,-0.766044443118978));
#3190=DIRECTION('',(0.,0.64278760968654,-0.766044443118978));
#3191=DIRECTION('',(0.,0.766044443118978,0.642787609686539));
#3192=DIRECTION('',(0.,-0.64278760968654,0.766044443118978));
#3193=DIRECTION('',(0.,-0.766044443118978,-0.642787609686539));
#3194=DIRECTION('',(0.,0.642787609686539,-0.766044443118978));
#3195=DIRECTION('',(0.,0.766044443118978,0.642787609686539));
#3196=DIRECTION('',(-1.,0.,0.));
#3197=DIRECTION('',(0.,-1.24826873361236E-016,1.));
#3198=DIRECTION('',(0.,-1.,-1.2490009027033E-016));
#3199=DIRECTION('',(1.,0.,0.));
#3200=DIRECTION('',(0.,-1.,-1.01445817308585E-016));
#3201=DIRECTION('',(0.,1.00613961606655E-016,-1.));
#3202=DIRECTION('',(-1.,0.,0.));
#3203=DIRECTION('',(0.,0.766044443118977,0.64278760968654));
#3204=DIRECTION('',(0.,-0.64278760968654,0.766044443118978));
#3205=DIRECTION('',(-1.,0.,0.));
#3206=DIRECTION('',(0.,0.,1.));
#3207=DIRECTION('',(1.,0.,0.));
#3208=DIRECTION('',(0.,-0.766044443118979,0.642787609686538));
#3209=DIRECTION('',(0.,-0.642787609686538,-0.766044443118979));
#3210=DIRECTION('',(0.,0.,-1.));
#3211=DIRECTION('',(-1.,0.,0.));
#3212=DIRECTION('',(0.,0.,1.));
#3213=DIRECTION('',(1.,0.,1.66522181905477E-017));
#3214=DIRECTION('',(0.,0.,1.));
#3215=DIRECTION('',(-1.,0.,0.));
#3216=DIRECTION('',(0.,0.,-1.));
#3217=DIRECTION('',(-1.,0.,0.));
#3218=DIRECTION('',(0.,0.,-1.));
#3219=DIRECTION('',(-0.999999999999999,0.,0.));
#3220=DIRECTION('',(0.,0.,1.));
#3221=DIRECTION('',(1.,0.,1.66522181905477E-017));
#3222=DIRECTION('',(0.,0.,1.));
#3223=DIRECTION('',(-0.999999999999999,0.,0.));
#3224=DIRECTION('',(0.,0.,-1.));
#3225=DIRECTION('',(-0.999999999999999,0.,0.));
#3226=DIRECTION('',(0.,0.,-1.));
#3227=DIRECTION('',(-1.,0.,0.));
#3228=DIRECTION('',(0.,0.,1.));
#3229=DIRECTION('',(1.,0.,1.66522181905477E-017));
#3230=DIRECTION('',(0.,0.,1.));
#3231=DIRECTION('',(-1.,0.,0.));
#3232=DIRECTION('',(0.,0.,-1.));
#3233=DIRECTION('',(-1.,0.,0.));
#3234=DIRECTION('',(0.,0.,-1.));
#3235=DIRECTION('',(-0.999999999999999,0.,0.));
#3236=DIRECTION('',(0.,0.,1.));
#3237=DIRECTION('',(1.,0.,1.66522181905477E-017));
#3238=DIRECTION('',(0.,0.,1.));
#3239=DIRECTION('',(-0.999999999999999,0.,0.));
#3240=DIRECTION('',(0.,0.,-1.));
#3241=DIRECTION('',(-0.999999999999999,0.,0.));
#3242=DIRECTION('',(0.,0.707106781186548,-0.707106781186548));
#3243=DIRECTION('',(0.,0.707106781186548,0.707106781186548));
#3244=DIRECTION('',(0.,-0.707106781186552,-0.707106781186543));
#3245=DIRECTION('',(0.,0.707106781186543,-0.707106781186553));
#3246=DIRECTION('',(0.,0.,1.));
#3247=DIRECTION('',(1.,0.,3.4601046693467E-017));
#3248=DIRECTION('',(0.,0.,1.));
#3249=DIRECTION('',(1.,0.,3.4601046693467E-017));
#3250=DIRECTION('',(0.,0.,1.));
#3251=DIRECTION('',(1.,0.,3.4601046693467E-017));
#3252=DIRECTION('',(0.,0.,1.));
#3253=DIRECTION('',(1.,0.,3.4601046693467E-017));
#3254=DIRECTION('',(1.,0.,0.));
#3255=DIRECTION('',(0.,1.,0.));
#3256=DIRECTION('',(-1.,0.,0.));
#3257=DIRECTION('',(0.,0.,-1.));
#3258=DIRECTION('',(1.,0.,0.));
#3259=DIRECTION('',(0.,1.,0.));
#3260=DIRECTION('',(-1.,0.,0.));
#3261=DIRECTION('',(0.,0.,-1.));
#3262=DIRECTION('',(1.,0.,0.));
#3263=DIRECTION('',(0.,-1.,0.));
#3264=DIRECTION('',(-1.,0.,0.));
#3265=DIRECTION('',(0.,0.,-1.));
#3266=DIRECTION('',(-1.,0.,0.));
#3267=DIRECTION('',(0.,-1.,0.));
#3268=DIRECTION('',(1.,0.,0.));
#3269=DIRECTION('',(0.,0.,1.));
#3270=DIRECTION('',(-1.,0.,0.));
#3271=DIRECTION('',(-1.,0.,0.));
#3272=DIRECTION('',(0.,0.,-1.));
#3273=DIRECTION('',(1.,0.,0.));
#3274=DIRECTION('',(0.,-1.,0.));
#3275=DIRECTION('',(0.,0.,-1.));
#3276=DIRECTION('',(0.,1.,1.24483345004818E-016));
#3277=DIRECTION('',(1.,0.,0.));
#3278=DIRECTION('',(0.,1.24483345004818E-016,-1.));
#3279=DIRECTION('',(0.,1.,1.2490009027033E-016));
#3280=DIRECTION('',(1.,0.,0.));
#3281=DIRECTION('',(0.,1.,0.));
#3282=DIRECTION('',(-1.,0.,0.));
#3283=DIRECTION('',(0.,0.,-1.));
#3284=DIRECTION('',(1.,0.,0.));
#3285=DIRECTION('',(0.,1.,0.));
#3286=DIRECTION('',(-1.,0.,0.));
#3287=DIRECTION('',(0.,0.,-1.));
#3288=DIRECTION('',(1.,0.,0.));
#3289=DIRECTION('',(0.,-1.,0.));
#3290=DIRECTION('',(-1.,0.,0.));
#3291=DIRECTION('',(0.,0.,-1.));
#3292=DIRECTION('',(1.,0.,0.));
#3293=DIRECTION('',(0.,-1.,0.));
#3294=DIRECTION('',(1.,0.,0.));
#3295=DIRECTION('',(0.,-1.,0.));
#3296=DIRECTION('',(-1.,0.,0.));
#3297=DIRECTION('',(0.,0.,-1.));
#3298=DIRECTION('',(0.,1.,-1.24483345004818E-016));
#3299=DIRECTION('',(-1.,0.,0.));
#3300=DIRECTION('',(0.,-1.24483345004818E-016,-1.));
#3301=DIRECTION('',(0.,1.,-1.2490009027033E-016));
#3302=DIRECTION('',(-1.,0.,0.));
#3303=DIRECTION('',(0.,0.,1.));
#3304=DIRECTION('',(1.,0.,0.));
#3305=DIRECTION('',(0.,1.,0.));
#3306=DIRECTION('',(0.,0.,1.));
#3307=DIRECTION('',(-1.,0.,0.));
#3308=DIRECTION('',(0.,1.,0.));
#3309=DIRECTION('',(0.,0.707106781186548,-0.707106781186548));
#3310=DIRECTION('',(0.,0.707106781186549,0.707106781186546));
#3311=DIRECTION('',(0.,-0.707106781186547,0.707106781186548));
#3312=DIRECTION('',(0.,-0.707106781186548,-0.707106781186547));
#3313=DIRECTION('',(-1.,0.,0.));
#3314=DIRECTION('',(0.,0.,-1.));
#3315=DIRECTION('',(-1.,0.,0.));
#3316=DIRECTION('',(0.,0.,-1.));
#3317=DIRECTION('',(0.,-0.707106781186547,0.707106781186548));
#3318=DIRECTION('',(0.,-0.707106781186548,-0.707106781186547));
#3319=DIRECTION('',(0.,-0.707106781186548,-0.707106781186548));
#3320=DIRECTION('',(0.,0.707106781186548,-0.707106781186548));
#3321=DIRECTION('',(0.,0.707106781186546,-0.707106781186549));
#3322=DIRECTION('',(0.,0.707106781186549,0.707106781186546));
#3323=DIRECTION('',(0.,0.707106781186548,0.707106781186547));
#3324=DIRECTION('',(0.,-0.707106781186547,0.707106781186548));
#3325=DIRECTION('',(-1.,0.,0.));
#3326=DIRECTION('',(0.,1.,0.));
#3327=DIRECTION('',(1.,0.,0.));
#3328=DIRECTION('',(0.,0.,0.999999999999999));
#3329=DIRECTION('',(1.,0.,0.));
#3330=DIRECTION('',(0.,0.,1.));
#3331=DIRECTION('',(0.,3.97264918162628E-016,1.));
#3332=DIRECTION('',(-1.,0.,0.));
#3333=DIRECTION('',(0.,3.97264918162628E-016,1.));
#3334=DIRECTION('',(-1.,0.,0.));
#3335=DIRECTION('',(0.,-1.,3.97264918162628E-016));
#3336=DIRECTION('',(0.,-3.97251675998689E-016,-1.));
#3337=DIRECTION('',(0.,-0.766044443118978,0.64278760968654));
#3338=DIRECTION('',(-1.,0.,0.));
#3339=DIRECTION('',(0.,-0.766044443118978,0.64278760968654));
#3340=DIRECTION('',(0.,-0.64278760968654,-0.766044443118978));
#3341=DIRECTION('',(0.,0.766044443118978,-0.64278760968654));
#3342=DIRECTION('',(0.,-3.90312782094782E-016,1.));
#3343=DIRECTION('',(1.,0.,0.));
#3344=DIRECTION('',(0.,-3.90312782094782E-016,1.));
#3345=DIRECTION('',(0.,-1.,-3.90312782094782E-016));
#3346=DIRECTION('',(0.,3.90312782094782E-016,-1.));
#3347=DIRECTION('',(-1.,0.,0.));
#3348=DIRECTION('',(0.,-1.,0.));
#3349=DIRECTION('',(-1.,0.,0.));
#3350=DIRECTION('',(-1.,0.,0.));
#3351=DIRECTION('',(0.,-1.,0.));
#3352=DIRECTION('',(1.,0.,0.));
#3353=DIRECTION('',(-1.,0.,0.));
#3354=DIRECTION('',(0.,0.,1.));
#3355=DIRECTION('',(0.,0.,1.));
#3356=DIRECTION('',(-1.,0.,0.));
#3357=DIRECTION('',(0.,0.,1.));
#3358=DIRECTION('',(1.,0.,0.));
#3359=DIRECTION('',(0.,-1.,0.));
#3360=DIRECTION('',(0.,0.,-1.));
#3361=DIRECTION('',(-1.,0.,0.));
#3362=DIRECTION('',(0.,-1.,0.));
#3363=DIRECTION('',(-1.,0.,0.));
#3364=DIRECTION('',(-1.,0.,0.));
#3365=DIRECTION('',(0.,-1.,0.));
#3366=DIRECTION('',(1.,0.,0.));
#3367=DIRECTION('',(-1.,0.,0.));
#3368=DIRECTION('',(0.,0.,1.));
#3369=DIRECTION('',(0.,0.,-1.));
#3370=DIRECTION('',(-1.,0.,0.));
#3371=DIRECTION('',(0.,0.,-1.));
#3372=DIRECTION('',(-1.,0.,0.));
#3373=DIRECTION('',(0.,0.,-1.));
#3374=DIRECTION('',(-1.,0.,0.));
#3375=DIRECTION('',(0.,0.,-1.));
#3376=DIRECTION('',(-1.,0.,0.));
#3377=DIRECTION('',(0.,0.,-1.));
#3378=DIRECTION('',(-1.,0.,0.));
#3379=DIRECTION('',(0.,0.,-1.));
#3380=DIRECTION('',(-1.,0.,0.));
#3381=DIRECTION('',(0.,0.,-1.));
#3382=DIRECTION('',(-1.,0.,0.));
#3383=DIRECTION('',(0.,0.,-1.));
#3384=DIRECTION('',(-1.,0.,0.));
#3385=DIRECTION('',(0.,0.,-1.));
#3386=DIRECTION('',(-1.,0.,0.));
#3387=DIRECTION('',(0.,0.,-1.));
#3388=DIRECTION('',(-1.,0.,0.));
#3389=DIRECTION('',(0.,-1.,0.));
#3390=DIRECTION('',(-1.,0.,0.));
#3391=DIRECTION('',(0.,-1.,0.));
#3392=DIRECTION('',(1.,0.,0.));
#3393=DIRECTION('',(0.,0.,-1.));
#3394=DIRECTION('',(-1.,0.,0.));
#3395=DIRECTION('',(-1.,0.,0.));
#3396=DIRECTION('',(0.,1.,0.));
#3397=DIRECTION('',(1.,0.,0.));
#3398=DIRECTION('',(-1.,0.,0.));
#3399=DIRECTION('',(0.,1.,0.));
#3400=DIRECTION('',(-1.,0.,0.));
#3401=DIRECTION('',(-1.,0.,0.));
#3402=DIRECTION('',(0.,0.,1.));
#3403=DIRECTION('',(0.,0.,-1.));
#3404=DIRECTION('',(1.,0.,0.));
#3405=DIRECTION('',(0.,0.,-1.));
#3406=DIRECTION('',(-1.,0.,0.));
#3407=DIRECTION('',(0.,1.,0.));
#3408=DIRECTION('',(0.,0.,1.));
#3409=DIRECTION('',(-1.,0.,0.));
#3410=DIRECTION('',(0.,1.,0.));
#3411=DIRECTION('',(1.,0.,0.));
#3412=DIRECTION('',(-1.,0.,0.));
#3413=DIRECTION('',(0.,1.,0.));
#3414=DIRECTION('',(-1.,0.,0.));
#3415=DIRECTION('',(-1.,0.,0.));
#3416=DIRECTION('',(0.,0.,1.));
#3417=DIRECTION('',(0.,-3.90312782094782E-016,-1.));
#3418=DIRECTION('',(-1.,0.,0.));
#3419=DIRECTION('',(0.,-3.90312782094782E-016,-1.));
#3420=DIRECTION('',(-1.,0.,0.));
#3421=DIRECTION('',(0.,1.,-3.90312782094782E-016));
#3422=DIRECTION('',(0.,3.90312782094782E-016,1.));
#3423=DIRECTION('',(0.,-0.766044443118978,-0.64278760968654));
#3424=DIRECTION('',(-1.,0.,0.));
#3425=DIRECTION('',(0.,-0.766044443118978,-0.64278760968654));
#3426=DIRECTION('',(0.,0.64278760968654,-0.766044443118978));
#3427=DIRECTION('',(0.,0.766044443118978,0.64278760968654));
#3428=DIRECTION('',(0.,3.97264918162628E-016,-1.));
#3429=DIRECTION('',(-1.,0.,0.));
#3430=DIRECTION('',(0.,3.97264918162628E-016,-1.));
#3431=DIRECTION('',(0.,1.,3.97264918162628E-016));
#3432=DIRECTION('',(0.,-3.97251675998689E-016,1.));
#3433=DIRECTION('',(0.,1.69961747217211E-015,1.));
#3434=DIRECTION('',(0.,-1.,1.69961747217211E-015));
#3435=DIRECTION('',(0.,1.69961747217211E-015,1.));
#3436=DIRECTION('',(0.,-1.,1.69961747217211E-015));
#3437=DIRECTION('',(0.,1.69961747217211E-015,1.));
#3438=DIRECTION('',(0.,-1.,1.69961747217211E-015));
#3439=DIRECTION('',(0.,1.69961747217211E-015,1.));
#3440=DIRECTION('',(0.,-1.,1.69961747217211E-015));
#3441=DIRECTION('',(0.,1.69961747217211E-015,1.));
#3442=DIRECTION('',(0.,-1.,1.69961747217211E-015));
#3443=DIRECTION('',(0.,1.69961747217211E-015,1.));
#3444=DIRECTION('',(0.,-1.,1.69961747217211E-015));
#3445=DIRECTION('',(0.,1.69961747217211E-015,1.));
#3446=DIRECTION('',(0.,-1.,1.69961747217211E-015));
#3447=DIRECTION('',(0.,1.69961747217211E-015,1.));
#3448=DIRECTION('',(0.,-1.,1.69961747217211E-015));
#3449=DIRECTION('',(0.,1.69961747217211E-015,1.));
#3450=DIRECTION('',(0.,-1.,1.69961747217211E-015));
#3451=DIRECTION('',(0.,1.69961747217211E-015,1.));
#3452=DIRECTION('',(0.,-1.,1.69961747217211E-015));
#3453=DIRECTION('',(0.,1.,-1.69961747217211E-015));
#3454=DIRECTION('',(0.,1.,1.69961747217211E-015));
#3455=DIRECTION('',(0.,1.69961747217211E-015,1.));
#3456=DIRECTION('',(0.,-1.,1.69961747217211E-015));
#3457=DIRECTION('',(1.,0.,0.));
#3458=DIRECTION('',(0.,0.,1.));
#3459=DIRECTION('',(1.,0.,0.));
#3460=DIRECTION('',(0.,0.,0.999999999999994));
#3461=DIRECTION('',(1.,0.,0.));
#3462=DIRECTION('',(0.,0.,0.999999999999994));
#3463=DIRECTION('',(1.,0.,0.));
#3464=DIRECTION('',(0.,0.,0.999999999999994));
#3465=DIRECTION('',(1.,0.,0.));
#3466=DIRECTION('',(0.,0.,0.999999999999994));
#3467=DIRECTION('',(1.,0.,0.));
#3468=DIRECTION('',(0.,0.,1.));
#3469=DIRECTION('',(-1.,0.,0.));
#3470=DIRECTION('',(0.,0.,1.));
#3471=DIRECTION('',(-1.,0.,0.));
#3472=DIRECTION('',(0.,0.,1.));
#3473=DIRECTION('',(-1.,0.,0.));
#3474=DIRECTION('',(0.,0.,1.));
#3475=DIRECTION('',(-1.,0.,0.));
#3476=DIRECTION('',(0.,0.,1.));
#3477=DIRECTION('',(1.,0.,0.));
#3478=DIRECTION('',(0.,0.,1.));
#3479=DIRECTION('',(1.,0.,0.));
#3480=DIRECTION('',(0.,0.,1.));
#3481=DIRECTION('',(-1.,0.,0.));
#3482=DIRECTION('',(0.,0.,1.));
#3483=DIRECTION('',(-1.,0.,0.));
#3484=DIRECTION('',(0.,0.,0.999999999999994));
#3485=DIRECTION('',(-1.,0.,0.));
#3486=DIRECTION('',(0.,0.,0.999999999999994));
#3487=DIRECTION('',(-1.,0.,0.));
#3488=DIRECTION('',(0.,0.,0.999999999999994));
#3489=DIRECTION('',(-1.,0.,0.));
#3490=DIRECTION('',(0.,0.,0.999999999999994));
#3491=DIRECTION('',(-1.,0.,0.));
#3492=DIRECTION('',(0.,0.,1.));
#3493=DIRECTION('',(-1.,0.,0.));
#3494=DIRECTION('',(0.,0.,1.));
#3495=DIRECTION('',(-1.,0.,0.));
#3496=DIRECTION('',(0.,0.,1.));
#3497=DIRECTION('',(-1.,0.,0.));
#3498=DIRECTION('',(0.,0.,0.999999999999994));
#3499=DIRECTION('',(-1.,0.,0.));
#3500=DIRECTION('',(0.,0.,0.999999999999994));
#3501=DIRECTION('',(-1.,0.,0.));
#3502=DIRECTION('',(0.,0.,1.));
#3503=DIRECTION('',(-1.,0.,0.));
#3504=DIRECTION('',(0.,0.,1.));
#3505=DIRECTION('',(-1.,0.,0.));
#3506=DIRECTION('',(0.,0.,0.999999999999994));
#3507=DIRECTION('',(-1.,0.,0.));
#3508=DIRECTION('',(0.,0.,0.999999999999994));
#3509=DIRECTION('',(0.,0.,-1.));
#3510=DIRECTION('',(-1.,0.,0.));
#3511=DIRECTION('',(0.,0.,-1.));
#3512=DIRECTION('',(-1.,0.,0.));
#3513=DIRECTION('',(0.,0.,-1.));
#3514=DIRECTION('',(-1.,0.,0.));
#3515=DIRECTION('',(0.,0.,-1.));
#3516=DIRECTION('',(-1.,0.,0.));
#3517=DIRECTION('',(0.,0.,-1.));
#3518=DIRECTION('',(-1.,0.,0.));
#3519=DIRECTION('',(0.,0.,-1.));
#3520=DIRECTION('',(-1.,0.,0.));
#3521=DIRECTION('',(0.,0.,-1.));
#3522=DIRECTION('',(-1.,0.,0.));
#3523=DIRECTION('',(0.,0.,-1.));
#3524=DIRECTION('',(-1.,0.,0.));
#3525=DIRECTION('',(0.,0.,-1.));
#3526=DIRECTION('',(-1.,0.,0.));
#3527=DIRECTION('',(0.,0.,-1.));
#3528=DIRECTION('',(-1.,0.,0.));
#3529=DIRECTION('',(0.,0.,-1.));
#3530=DIRECTION('',(-1.,0.,0.));
#3531=DIRECTION('',(0.,0.,-1.));
#3532=DIRECTION('',(-1.,0.,0.));
#3533=DIRECTION('',(0.,0.,-1.));
#3534=DIRECTION('',(-1.,0.,0.));
#3535=DIRECTION('',(0.,0.,-1.));
#3536=DIRECTION('',(-1.,0.,0.));
#3537=DIRECTION('',(0.,0.,-1.));
#3538=DIRECTION('',(-1.,0.,0.));
#3539=DIRECTION('',(0.,0.,-1.));
#3540=DIRECTION('',(-1.,0.,0.));
#3541=DIRECTION('',(0.,0.,-1.));
#3542=DIRECTION('',(-1.,0.,0.));
#3543=DIRECTION('',(0.,0.,-1.));
#3544=DIRECTION('',(-1.,0.,0.));
#3545=DIRECTION('',(0.,0.,-1.));
#3546=DIRECTION('',(-1.,0.,0.));
#3547=DIRECTION('',(0.,0.,-1.));
#3548=DIRECTION('',(-1.,0.,0.));
#3549=DIRECTION('',(0.,0.,-1.));
#3550=DIRECTION('',(-1.,0.,0.));
#3551=DIRECTION('',(0.,0.,-1.));
#3552=DIRECTION('',(-1.,0.,0.));
#3553=DIRECTION('',(0.,0.,-1.));
#3554=DIRECTION('',(-1.,0.,0.));
#3555=DIRECTION('',(0.,0.,-1.));
#3556=DIRECTION('',(-1.,0.,0.));
#3557=DIRECTION('',(0.,0.,-1.));
#3558=DIRECTION('',(-1.,0.,0.));
#3559=DIRECTION('',(0.,0.,-1.));
#3560=DIRECTION('',(-1.,0.,0.));
#3561=DIRECTION('',(0.,0.,-1.));
#3562=DIRECTION('',(-1.,0.,0.));
#3563=DIRECTION('',(0.,0.,-1.));
#3564=DIRECTION('',(-1.,0.,0.));
#3565=DIRECTION('',(0.,0.,-1.));
#3566=DIRECTION('',(-1.,0.,0.));
#3567=DIRECTION('',(0.,0.,-1.));
#3568=DIRECTION('',(-1.,0.,0.));
#3569=DIRECTION('',(0.,0.,-1.));
#3570=DIRECTION('',(-1.,0.,0.));
#3571=DIRECTION('',(0.,0.,-1.));
#3572=DIRECTION('',(-1.,0.,0.));
#3573=DIRECTION('',(0.,0.,-1.));
#3574=DIRECTION('',(-1.,0.,0.));
#3575=DIRECTION('',(0.,0.,-1.));
#3576=DIRECTION('',(-1.,0.,0.));
#3577=DIRECTION('',(0.,0.,-1.));
#3578=DIRECTION('',(-1.,0.,0.));
#3579=DIRECTION('',(0.,0.,-1.));
#3580=DIRECTION('',(-1.,0.,0.));
#3581=DIRECTION('',(0.,0.,-1.));
#3582=DIRECTION('',(-1.,0.,0.));
#3583=DIRECTION('',(0.,0.,-1.));
#3584=DIRECTION('',(-1.,0.,0.));
#3585=DIRECTION('',(0.,0.,-1.));
#3586=DIRECTION('',(-1.,0.,0.));
#3587=DIRECTION('',(0.,0.,-1.));
#3588=DIRECTION('',(-1.,0.,0.));
#3589=DIRECTION('',(0.,0.,-1.));
#3590=DIRECTION('',(-1.,0.,0.));
#3591=DIRECTION('',(0.,0.,-1.));
#3592=DIRECTION('',(-1.,0.,0.));
#3593=DIRECTION('',(0.,0.,-1.));
#3594=DIRECTION('',(-1.,0.,0.));
#3595=DIRECTION('',(0.,0.,-1.));
#3596=DIRECTION('',(-1.,0.,0.));
#3597=DIRECTION('',(0.,0.,-1.));
#3598=DIRECTION('',(-1.,0.,0.));
#3599=DIRECTION('',(0.,0.,-1.));
#3600=DIRECTION('',(-1.,0.,0.));
#3601=DIRECTION('',(0.,0.,-1.));
#3602=DIRECTION('',(-1.,0.,0.));
#3603=DIRECTION('',(0.,0.,-1.));
#3604=DIRECTION('',(-1.,0.,0.));
#3605=DIRECTION('',(0.,0.,-1.));
#3606=DIRECTION('',(-1.,0.,0.));
#3607=DIRECTION('',(0.,0.,-1.));
#3608=DIRECTION('',(-1.,0.,0.));
#3609=CARTESIAN_POINT('',(0.,0.,0.));
#3610=CARTESIAN_POINT('',(-29.5,11.7,13.3178495794801));
#3611=CARTESIAN_POINT('',(-29.5,11.7,13.3178495794801));
#3612=CARTESIAN_POINT('',(-29.5,8.95896673703332,11.0178495794801));
#3613=CARTESIAN_POINT('',(-29.5,12.7499645454235,9.28323244109467));
#3614=CARTESIAN_POINT('',(-29.5,-12.7499645454235,9.28323244109467));
#3615=CARTESIAN_POINT('',(-29.5,9.293261531631,20.2));
#3616=CARTESIAN_POINT('',(-29.5,9.293261531631,20.2));
#3617=CARTESIAN_POINT('',(-29.5,11.7,17.3317607838866));
#3618=CARTESIAN_POINT('',(-29.5,13.3501606538711,21.1602762685641));
#3619=CARTESIAN_POINT('',(-29.5,-12.7499645454235,9.28323244109467));
#3620=CARTESIAN_POINT('',(-29.5,-11.7,17.3317607838866));
#3621=CARTESIAN_POINT('',(-29.5,-11.7,17.3317607838866));
#3622=CARTESIAN_POINT('',(-29.5,-9.293261531631,20.2));
#3623=CARTESIAN_POINT('',(-29.5,-13.3501606538711,21.1602762685641));
#3624=CARTESIAN_POINT('',(-29.5,-12.7499645454235,9.28323244109467));
#3625=CARTESIAN_POINT('',(-29.5,23.8,37.));
#3626=CARTESIAN_POINT('',(-29.5,22.8,37.));
#3627=CARTESIAN_POINT('',(-29.5,-22.8,37.));
#3628=CARTESIAN_POINT('',(-44.7,22.8,37.));
#3629=CARTESIAN_POINT('',(-44.7,22.8,37.));
#3630=CARTESIAN_POINT('',(-44.7,23.8,37.));
#3631=CARTESIAN_POINT('',(-44.7,-22.8,37.));
#3632=CARTESIAN_POINT('',(-44.7,-22.8,37.));
#3633=CARTESIAN_POINT('',(-44.7,23.8,37.));
#3634=CARTESIAN_POINT('',(-29.5,-23.8,37.));
#3635=CARTESIAN_POINT('',(-29.5,-23.8,36.));
#3636=CARTESIAN_POINT('',(-29.5,-23.8,7.));
#3637=CARTESIAN_POINT('',(-44.7,-23.8,36.));
#3638=CARTESIAN_POINT('',(-44.7,-23.8,36.));
#3639=CARTESIAN_POINT('',(-44.7,-23.8,37.));
#3640=CARTESIAN_POINT('',(-44.7,-23.8,7.));
#3641=CARTESIAN_POINT('',(-44.7,-23.8,7.));
#3642=CARTESIAN_POINT('',(-44.7,-23.8,37.));
#3643=CARTESIAN_POINT('',(-29.5,-23.8,6.));
#3644=CARTESIAN_POINT('',(-29.5,-22.8,6.));
#3645=CARTESIAN_POINT('',(-29.5,-9.8646138974682,6.));
#3646=CARTESIAN_POINT('',(-44.7,-22.8,6.));
#3647=CARTESIAN_POINT('',(-44.7,-22.8,6.));
#3648=CARTESIAN_POINT('',(-44.7,-23.8,6.));
#3649=CARTESIAN_POINT('',(-44.7,-9.8646138974682,6.));
#3650=CARTESIAN_POINT('',(-44.7,-9.8646138974682,6.));
#3651=CARTESIAN_POINT('',(-44.7,-23.8,6.));
#3652=CARTESIAN_POINT('',(-44.7,-8.95896673703332,6.75992819829767));
#3653=CARTESIAN_POINT('',(-44.7,-8.95896673703332,6.75992819829767));
#3654=CARTESIAN_POINT('',(44.7,-8.95896673703332,6.75992819829767));
#3655=CARTESIAN_POINT('',(44.7,-9.86461389746821,6.));
#3656=CARTESIAN_POINT('',(44.7,-9.8646138974682,6.));
#3657=CARTESIAN_POINT('',(44.7,-9.8646138974682,6.));
#3658=CARTESIAN_POINT('',(29.5,-9.86461389746821,6.));
#3659=CARTESIAN_POINT('',(29.5,-10.102964615987,5.8));
#3660=CARTESIAN_POINT('',(29.5,-10.102964615987,5.8));
#3661=CARTESIAN_POINT('',(29.5,-10.102964615987,5.8));
#3662=CARTESIAN_POINT('',(-29.5,-10.102964615987,5.8));
#3663=CARTESIAN_POINT('',(-29.5,-10.102964615987,5.8));
#3664=CARTESIAN_POINT('',(-44.7,-9.86461389746821,6.));
#3665=CARTESIAN_POINT('',(-44.7,-9.86461389746821,6.));
#3666=CARTESIAN_POINT('',(-44.7,-8.95896673703332,11.0178495794801));
#3667=CARTESIAN_POINT('',(-44.7,-8.95896673703332,11.0178495794801));
#3668=CARTESIAN_POINT('',(-29.5,-8.95896673703332,11.0178495794801));
#3669=CARTESIAN_POINT('',(29.5,-8.95896673703332,11.0178495794801));
#3670=CARTESIAN_POINT('',(29.5,-8.95896673703332,11.0178495794801));
#3671=CARTESIAN_POINT('',(44.7,-8.95896673703332,11.0178495794801));
#3672=CARTESIAN_POINT('',(44.7,-8.95896673703332,11.0178495794801));
#3673=CARTESIAN_POINT('',(44.7,-8.95896673703332,6.75992819829767));
#3674=CARTESIAN_POINT('',(-44.7,-8.95896673703332,6.75992819829767));
#3675=CARTESIAN_POINT('',(-44.7,-8.95896673703332,6.75992819829767));
#3676=CARTESIAN_POINT('',(-29.5,-12.7499645454235,9.28323244109467));
#3677=CARTESIAN_POINT('',(-29.5,-11.7,13.3178495794801));
#3678=CARTESIAN_POINT('',(-44.7,-12.7499645454235,9.28323244109467));
#3679=CARTESIAN_POINT('',(-44.7,-11.7,13.3178495794801));
#3680=CARTESIAN_POINT('',(-44.7,-11.7,13.3178495794801));
#3681=CARTESIAN_POINT('',(-44.7,-12.7499645454235,9.28323244109467));
#3682=CARTESIAN_POINT('',(-44.7,-11.7,17.3317607838866));
#3683=CARTESIAN_POINT('',(-44.7,-11.7,17.3317607838866));
#3684=CARTESIAN_POINT('',(29.5,-11.7,17.3317607838866));
#3685=CARTESIAN_POINT('',(29.5,-11.7,17.3317607838866));
#3686=CARTESIAN_POINT('',(44.7,-11.7,17.3317607838866));
#3687=CARTESIAN_POINT('',(44.7,-11.7,17.3317607838866));
#3688=CARTESIAN_POINT('',(44.7,-11.7,13.3178495794801));
#3689=CARTESIAN_POINT('',(44.7,-11.7,13.3178495794801));
#3690=CARTESIAN_POINT('',(44.7,-11.7,13.3178495794801));
#3691=CARTESIAN_POINT('',(29.5,-11.7,13.3178495794801));
#3692=CARTESIAN_POINT('',(29.5,-11.7,13.3178495794801));
#3693=CARTESIAN_POINT('',(-44.7,-11.7,13.3178495794801));
#3694=CARTESIAN_POINT('',(-44.7,-11.7,13.3178495794801));
#3695=CARTESIAN_POINT('',(-44.7,-13.3501606538711,21.1602762685641));
#3696=CARTESIAN_POINT('',(-44.7,-9.293261531631,20.2));
#3697=CARTESIAN_POINT('',(-44.7,-9.293261531631,20.2));
#3698=CARTESIAN_POINT('',(-44.7,-13.3501606538711,21.1602762685641));
#3699=CARTESIAN_POINT('',(-44.7,9.293261531631,20.2));
#3700=CARTESIAN_POINT('',(-44.7,9.293261531631,20.2));
#3701=CARTESIAN_POINT('',(29.5,9.293261531631,20.2));
#3702=CARTESIAN_POINT('',(29.5,9.293261531631,20.2));
#3703=CARTESIAN_POINT('',(44.7,9.293261531631,20.2));
#3704=CARTESIAN_POINT('',(44.7,9.293261531631,20.2));
#3705=CARTESIAN_POINT('',(44.7,-9.293261531631,20.2));
#3706=CARTESIAN_POINT('',(44.7,-9.293261531631,20.2));
#3707=CARTESIAN_POINT('',(44.7,-9.293261531631,20.2));
#3708=CARTESIAN_POINT('',(29.5,-9.293261531631,20.2));
#3709=CARTESIAN_POINT('',(29.5,-9.293261531631,20.2));
#3710=CARTESIAN_POINT('',(-44.7,-9.293261531631,20.2));
#3711=CARTESIAN_POINT('',(-44.7,-1.77635683940025E-015,20.2));
#3712=CARTESIAN_POINT('',(-44.7,13.3501606538711,21.1602762685641));
#3713=CARTESIAN_POINT('',(-44.7,11.7,17.3317607838866));
#3714=CARTESIAN_POINT('',(-44.7,11.7,17.3317607838866));
#3715=CARTESIAN_POINT('',(-44.7,13.3501606538711,21.1602762685641));
#3716=CARTESIAN_POINT('',(-44.7,11.7,13.3178495794801));
#3717=CARTESIAN_POINT('',(-44.7,11.7,13.3178495794801));
#3718=CARTESIAN_POINT('',(29.5,11.7,13.3178495794801));
#3719=CARTESIAN_POINT('',(29.5,11.7,13.3178495794801));
#3720=CARTESIAN_POINT('',(44.7,11.7,13.3178495794801));
#3721=CARTESIAN_POINT('',(44.7,11.7,13.3178495794801));
#3722=CARTESIAN_POINT('',(44.7,11.7,17.3317607838866));
#3723=CARTESIAN_POINT('',(44.7,11.7,17.3317607838866));
#3724=CARTESIAN_POINT('',(44.7,11.7,17.3317607838866));
#3725=CARTESIAN_POINT('',(29.5,11.7,17.3317607838866));
#3726=CARTESIAN_POINT('',(29.5,11.7,17.3317607838866));
#3727=CARTESIAN_POINT('',(-44.7,11.7,17.3317607838866));
#3728=CARTESIAN_POINT('',(-44.7,11.7,17.3317607838866));
#3729=CARTESIAN_POINT('',(-44.7,12.7499645454235,9.28323244109467));
#3730=CARTESIAN_POINT('',(-44.7,8.95896673703332,11.0178495794801));
#3731=CARTESIAN_POINT('',(-44.7,8.95896673703332,11.0178495794801));
#3732=CARTESIAN_POINT('',(-44.7,12.7499645454235,9.28323244109467));
#3733=CARTESIAN_POINT('',(-44.7,8.95896673703332,6.75992819829767));
#3734=CARTESIAN_POINT('',(-44.7,8.95896673703332,6.75992819829767));
#3735=CARTESIAN_POINT('',(44.7,8.95896673703332,6.75992819829767));
#3736=CARTESIAN_POINT('',(44.7,8.95896673703332,11.0178495794801));
#3737=CARTESIAN_POINT('',(44.7,8.95896673703332,11.0178495794801));
#3738=CARTESIAN_POINT('',(44.7,8.95896673703332,11.0178495794801));
#3739=CARTESIAN_POINT('',(29.5,8.95896673703332,11.0178495794801));
#3740=CARTESIAN_POINT('',(29.5,8.95896673703332,11.0178495794801));
#3741=CARTESIAN_POINT('',(-44.7,8.95896673703332,11.0178495794801));
#3742=CARTESIAN_POINT('',(-44.7,8.95896673703332,11.0178495794801));
#3743=CARTESIAN_POINT('',(-44.7,9.8646138974682,6.));
#3744=CARTESIAN_POINT('',(-44.7,9.8646138974682,6.));
#3745=CARTESIAN_POINT('',(-29.5,9.8646138974682,6.));
#3746=CARTESIAN_POINT('',(-29.5,8.95896673703332,6.75992819829767));
#3747=CARTESIAN_POINT('',(-29.5,10.102964615987,5.8));
#3748=CARTESIAN_POINT('',(29.5,10.102964615987,5.8));
#3749=CARTESIAN_POINT('',(29.5,10.102964615987,5.8));
#3750=CARTESIAN_POINT('',(29.5,8.95896673703332,6.75992819829767));
#3751=CARTESIAN_POINT('',(29.5,9.8646138974682,6.));
#3752=CARTESIAN_POINT('',(44.7,9.8646138974682,6.));
#3753=CARTESIAN_POINT('',(44.7,9.8646138974682,6.));
#3754=CARTESIAN_POINT('',(44.7,8.95896673703332,6.75992819829767));
#3755=CARTESIAN_POINT('',(-44.7,8.95896673703332,6.75992819829767));
#3756=CARTESIAN_POINT('',(-44.7,8.95896673703332,6.75992819829767));
#3757=CARTESIAN_POINT('',(-44.7,9.8646138974682,6.));
#3758=CARTESIAN_POINT('',(-44.7,22.8,6.));
#3759=CARTESIAN_POINT('',(-44.7,22.8,6.));
#3760=CARTESIAN_POINT('',(-29.5,22.8,6.));
#3761=CARTESIAN_POINT('',(-29.5,9.8646138974682,6.));
#3762=CARTESIAN_POINT('',(-44.7,9.8646138974682,6.));
#3763=CARTESIAN_POINT('',(-29.5,23.8,6.));
#3764=CARTESIAN_POINT('',(-29.5,23.8,7.));
#3765=CARTESIAN_POINT('',(-29.5,23.8,36.));
#3766=CARTESIAN_POINT('',(-44.7,23.8,7.));
#3767=CARTESIAN_POINT('',(-44.7,23.8,7.));
#3768=CARTESIAN_POINT('',(-44.7,23.8,6.));
#3769=CARTESIAN_POINT('',(-44.7,23.8,36.));
#3770=CARTESIAN_POINT('',(-44.7,23.8,36.));
#3771=CARTESIAN_POINT('',(-44.7,23.8,6.));
#3772=CARTESIAN_POINT('',(-44.7,0.,28.5));
#3773=CARTESIAN_POINT('',(-44.7,2.5,28.5));
#3774=CARTESIAN_POINT('',(-44.7,22.8,6.));
#3775=CARTESIAN_POINT('',(-44.7,-23.8,7.));
#3776=CARTESIAN_POINT('',(-44.7,-22.8,37.));
#3777=CARTESIAN_POINT('',(-44.7,23.8,36.));
#3778=CARTESIAN_POINT('',(-44.7,-12.7499645454235,9.28323244109467));
#3779=CARTESIAN_POINT('',(-29.5,-8.95896673703332,11.0178495794801));
#3780=CARTESIAN_POINT('',(-29.5,-12.7499645454235,9.28323244109467));
#3781=CARTESIAN_POINT('',(-29.5,6.66663394783553,-10.1333660521644));
#3782=CARTESIAN_POINT('',(-44.7,22.8,6.));
#3783=CARTESIAN_POINT('',(-29.5,18.8834015067409,40.9165984932591));
#3784=CARTESIAN_POINT('',(-44.7,23.8,36.));
#3785=CARTESIAN_POINT('',(-29.5,-31.6333660521644,28.1666339478356));
#3786=CARTESIAN_POINT('',(-44.7,-22.8,37.));
#3787=CARTESIAN_POINT('',(-29.5,-19.4165984932591,2.6165984932591));
#3788=CARTESIAN_POINT('',(-44.7,-23.8,7.));
#3789=CARTESIAN_POINT('',(-37.1,0.,28.5));
#3790=CARTESIAN_POINT('',(-37.1,2.5,28.5));
#3791=CARTESIAN_POINT('',(-37.1,0.,28.5));
#3792=CARTESIAN_POINT('',(-37.1,0.,28.5));
#3793=CARTESIAN_POINT('',(-29.5,-24.,5.8));
#3794=CARTESIAN_POINT('',(-29.5,-24.,5.8));
#3795=CARTESIAN_POINT('',(-29.5,-24.,40.));
#3796=CARTESIAN_POINT('',(-29.5,-24.,39.5));
#3797=CARTESIAN_POINT('',(-29.5,-24.,39.5));
#3798=CARTESIAN_POINT('',(-29.5,-23.5,40.));
#3799=CARTESIAN_POINT('',(-29.5,24.,40.));
#3800=CARTESIAN_POINT('',(-29.5,-8.62932472338296,40.));
#3801=CARTESIAN_POINT('',(-29.5,-8.62932472338296,40.));
#3802=CARTESIAN_POINT('',(-29.5,-8.,39.25));
#3803=CARTESIAN_POINT('',(-29.5,-8.,39.25));
#3804=CARTESIAN_POINT('',(-29.5,8.,39.25));
#3805=CARTESIAN_POINT('',(-29.5,8.,39.25));
#3806=CARTESIAN_POINT('',(-29.5,8.62932472338296,40.));
#3807=CARTESIAN_POINT('',(-29.5,24.,40.));
#3808=CARTESIAN_POINT('',(-29.5,23.5,40.));
#3809=CARTESIAN_POINT('',(-29.5,23.5,40.));
#3810=CARTESIAN_POINT('',(-29.5,24.,39.5));
#3811=CARTESIAN_POINT('',(-29.5,24.,5.8));
#3812=CARTESIAN_POINT('',(-29.5,24.,5.8));
#3813=CARTESIAN_POINT('',(-29.5,10.102964615987,5.8));
#3814=CARTESIAN_POINT('',(-29.5,-24.,40.));
#3815=CARTESIAN_POINT('',(17.5,-17.5,40.));
#3816=CARTESIAN_POINT('',(14.8,-17.5,40.));
#3817=CARTESIAN_POINT('',(-17.5,-17.5,40.));
#3818=CARTESIAN_POINT('',(-20.2,-17.5,40.));
#3819=CARTESIAN_POINT('',(29.5,-23.5,40.));
#3820=CARTESIAN_POINT('',(29.5,-23.5,40.));
#3821=CARTESIAN_POINT('',(29.5,24.,40.));
#3822=CARTESIAN_POINT('',(29.5,-8.62932472338296,40.));
#3823=CARTESIAN_POINT('',(29.5,-8.62932472338296,40.));
#3824=CARTESIAN_POINT('',(29.5,24.,40.));
#3825=CARTESIAN_POINT('',(-17.5,17.5,40.));
#3826=CARTESIAN_POINT('',(-20.2,17.5,40.));
#3827=CARTESIAN_POINT('',(17.5,17.5,40.));
#3828=CARTESIAN_POINT('',(14.8,17.5,40.));
#3829=CARTESIAN_POINT('',(29.5,24.,40.));
#3830=CARTESIAN_POINT('',(29.5,23.5,40.));
#3831=CARTESIAN_POINT('',(29.5,8.62932472338296,40.));
#3832=CARTESIAN_POINT('',(29.5,23.5,40.));
#3833=CARTESIAN_POINT('',(29.5,8.62932472338296,40.));
#3834=CARTESIAN_POINT('',(29.5,24.,40.));
#3835=CARTESIAN_POINT('',(29.5,9.8646138974682,6.));
#3836=CARTESIAN_POINT('',(29.5,22.8,6.));
#3837=CARTESIAN_POINT('',(29.5,10.102964615987,5.8));
#3838=CARTESIAN_POINT('',(29.5,24.,5.8));
#3839=CARTESIAN_POINT('',(29.5,24.,5.8));
#3840=CARTESIAN_POINT('',(29.5,24.,39.5));
#3841=CARTESIAN_POINT('',(29.5,-0.249999999999667,63.75));
#3842=CARTESIAN_POINT('',(29.5,8.,39.25));
#3843=CARTESIAN_POINT('',(29.5,8.,39.25));
#3844=CARTESIAN_POINT('',(29.5,-8.,39.25));
#3845=CARTESIAN_POINT('',(29.5,-8.,39.25));
#3846=CARTESIAN_POINT('',(29.5,-8.62932472338296,40.));
#3847=CARTESIAN_POINT('',(29.5,-23.75,39.75));
#3848=CARTESIAN_POINT('',(29.5,-24.,39.5));
#3849=CARTESIAN_POINT('',(29.5,-24.,40.));
#3850=CARTESIAN_POINT('',(29.5,-24.,5.8));
#3851=CARTESIAN_POINT('',(29.5,-24.,5.8));
#3852=CARTESIAN_POINT('',(29.5,-23.8,6.));
#3853=CARTESIAN_POINT('',(29.5,-22.8,6.));
#3854=CARTESIAN_POINT('',(29.5,-19.4165984932591,2.6165984932591));
#3855=CARTESIAN_POINT('',(29.5,-23.8,7.));
#3856=CARTESIAN_POINT('',(29.5,-23.8,37.));
#3857=CARTESIAN_POINT('',(29.5,-23.8,36.));
#3858=CARTESIAN_POINT('',(29.5,-31.6333660521644,28.1666339478356));
#3859=CARTESIAN_POINT('',(29.5,-22.8,37.));
#3860=CARTESIAN_POINT('',(29.5,23.8,37.));
#3861=CARTESIAN_POINT('',(29.5,22.8,37.));
#3862=CARTESIAN_POINT('',(29.5,18.8834015067409,40.9165984932591));
#3863=CARTESIAN_POINT('',(29.5,23.8,36.));
#3864=CARTESIAN_POINT('',(29.5,23.8,6.));
#3865=CARTESIAN_POINT('',(29.5,23.8,7.));
#3866=CARTESIAN_POINT('',(29.5,6.66663394783553,-10.1333660521644));
#3867=CARTESIAN_POINT('',(29.5,-24.,40.));
#3868=CARTESIAN_POINT('',(29.5,-24.,39.5));
#3869=CARTESIAN_POINT('',(29.5,-24.,5.8));
#3870=CARTESIAN_POINT('',(29.5,-24.,40.));
#3871=CARTESIAN_POINT('',(29.5,-24.,5.8));
#3872=CARTESIAN_POINT('',(29.5,-8.95896673703332,11.0178495794801));
#3873=CARTESIAN_POINT('',(29.5,-8.95896673703332,11.0178495794801));
#3874=CARTESIAN_POINT('',(29.5,-11.7,17.3317607838866));
#3875=CARTESIAN_POINT('',(29.5,-11.7,17.3317607838866));
#3876=CARTESIAN_POINT('',(29.5,9.293261531631,20.2));
#3877=CARTESIAN_POINT('',(29.5,9.293261531631,20.2));
#3878=CARTESIAN_POINT('',(29.5,11.7,13.3178495794801));
#3879=CARTESIAN_POINT('',(29.5,11.7,13.3178495794801));
#3880=CARTESIAN_POINT('',(29.5,24.,5.8));
#3881=CARTESIAN_POINT('',(29.5,10.102964615987,5.8));
#3882=CARTESIAN_POINT('',(29.5,24.,39.5));
#3883=CARTESIAN_POINT('',(29.5,24.,5.8));
#3884=CARTESIAN_POINT('',(29.5,-8.,39.25));
#3885=CARTESIAN_POINT('',(29.5,-8.62932472338296,40.));
#3886=CARTESIAN_POINT('',(29.5,8.,39.25));
#3887=CARTESIAN_POINT('',(29.5,-8.,39.25));
#3888=CARTESIAN_POINT('',(29.5,8.,39.25));
#3889=CARTESIAN_POINT('',(17.5,17.5,32.));
#3890=CARTESIAN_POINT('',(15.,17.5,32.));
#3891=CARTESIAN_POINT('',(17.5,17.5,30.4978484524311));
#3892=CARTESIAN_POINT('',(17.5,17.5,32.));
#3893=CARTESIAN_POINT('',(17.5,17.5,39.8));
#3894=CARTESIAN_POINT('',(15.,17.5,39.8));
#3895=CARTESIAN_POINT('',(17.5,17.5,40.));
#3896=CARTESIAN_POINT('',(-17.5,17.5,32.));
#3897=CARTESIAN_POINT('',(-20.,17.5,32.));
#3898=CARTESIAN_POINT('',(-17.5,17.5,30.4978484524311));
#3899=CARTESIAN_POINT('',(-17.5,17.5,32.));
#3900=CARTESIAN_POINT('',(-17.5,17.5,39.8));
#3901=CARTESIAN_POINT('',(-20.,17.5,39.8));
#3902=CARTESIAN_POINT('',(-17.5,17.5,40.));
#3903=CARTESIAN_POINT('',(17.5,-17.5,32.));
#3904=CARTESIAN_POINT('',(15.,-17.5,32.));
#3905=CARTESIAN_POINT('',(17.5,-17.5,30.4978484524311));
#3906=CARTESIAN_POINT('',(17.5,-17.5,32.));
#3907=CARTESIAN_POINT('',(17.5,-17.5,39.8));
#3908=CARTESIAN_POINT('',(15.,-17.5,39.8));
#3909=CARTESIAN_POINT('',(17.5,-17.5,40.));
#3910=CARTESIAN_POINT('',(-17.5,-17.5,32.));
#3911=CARTESIAN_POINT('',(-20.,-17.5,32.));
#3912=CARTESIAN_POINT('',(-17.5,-17.5,30.4978484524311));
#3913=CARTESIAN_POINT('',(-17.5,-17.5,32.));
#3914=CARTESIAN_POINT('',(-17.5,-17.5,39.8));
#3915=CARTESIAN_POINT('',(-20.,-17.5,39.8));
#3916=CARTESIAN_POINT('',(-17.5,-17.5,40.));
#3917=CARTESIAN_POINT('',(29.5,-24.,39.5));
#3918=CARTESIAN_POINT('',(29.5,23.5,40.));
#3919=CARTESIAN_POINT('',(17.5,-17.5,40.));
#3920=CARTESIAN_POINT('',(-17.5,17.5,40.));
#3921=CARTESIAN_POINT('',(17.5,17.5,40.));
#3922=CARTESIAN_POINT('',(-17.5,-17.5,40.));
#3923=CARTESIAN_POINT('',(29.5,-12.7499645454235,9.28323244109467));
#3924=CARTESIAN_POINT('',(29.5,-12.7499645454235,9.28323244109467));
#3925=CARTESIAN_POINT('',(29.5,-13.3501606538711,21.1602762685641));
#3926=CARTESIAN_POINT('',(29.5,-12.7499645454235,9.28323244109467));
#3927=CARTESIAN_POINT('',(29.5,13.3501606538711,21.1602762685641));
#3928=CARTESIAN_POINT('',(29.5,-12.7499645454235,9.28323244109467));
#3929=CARTESIAN_POINT('',(44.7,-22.8,37.));
#3930=CARTESIAN_POINT('',(44.7,-22.8,37.));
#3931=CARTESIAN_POINT('',(44.7,23.8,37.));
#3932=CARTESIAN_POINT('',(44.7,22.8,37.));
#3933=CARTESIAN_POINT('',(44.7,22.8,37.));
#3934=CARTESIAN_POINT('',(44.7,23.8,37.));
#3935=CARTESIAN_POINT('',(44.7,-23.8,7.));
#3936=CARTESIAN_POINT('',(44.7,-23.8,7.));
#3937=CARTESIAN_POINT('',(44.7,-23.8,37.));
#3938=CARTESIAN_POINT('',(44.7,-23.8,36.));
#3939=CARTESIAN_POINT('',(44.7,-23.8,36.));
#3940=CARTESIAN_POINT('',(44.7,-23.8,37.));
#3941=CARTESIAN_POINT('',(44.7,-23.8,6.));
#3942=CARTESIAN_POINT('',(44.7,-22.8,6.));
#3943=CARTESIAN_POINT('',(44.7,-22.8,6.));
#3944=CARTESIAN_POINT('',(44.7,-23.8,6.));
#3945=CARTESIAN_POINT('',(44.7,-12.7499645454235,9.28323244109467));
#3946=CARTESIAN_POINT('',(44.7,-12.7499645454235,9.28323244109467));
#3947=CARTESIAN_POINT('',(44.7,-13.3501606538711,21.1602762685641));
#3948=CARTESIAN_POINT('',(44.7,-13.3501606538711,21.1602762685641));
#3949=CARTESIAN_POINT('',(44.7,13.3501606538711,21.1602762685641));
#3950=CARTESIAN_POINT('',(44.7,13.3501606538711,21.1602762685641));
#3951=CARTESIAN_POINT('',(29.5,12.7499645454235,9.28323244109467));
#3952=CARTESIAN_POINT('',(44.7,12.7499645454235,9.28323244109467));
#3953=CARTESIAN_POINT('',(44.7,12.7499645454235,9.28323244109467));
#3954=CARTESIAN_POINT('',(44.7,9.8646138974682,6.));
#3955=CARTESIAN_POINT('',(44.7,22.8,6.));
#3956=CARTESIAN_POINT('',(44.7,22.8,6.));
#3957=CARTESIAN_POINT('',(44.7,9.8646138974682,6.));
#3958=CARTESIAN_POINT('',(44.7,23.8,36.));
#3959=CARTESIAN_POINT('',(44.7,23.8,36.));
#3960=CARTESIAN_POINT('',(44.7,23.8,6.));
#3961=CARTESIAN_POINT('',(44.7,23.8,7.));
#3962=CARTESIAN_POINT('',(44.7,23.8,7.));
#3963=CARTESIAN_POINT('',(44.7,23.8,6.));
#3964=CARTESIAN_POINT('',(44.7,0.,28.5));
#3965=CARTESIAN_POINT('',(44.7,2.5,28.5));
#3966=CARTESIAN_POINT('',(44.7,23.8,36.));
#3967=CARTESIAN_POINT('',(44.7,-22.8,37.));
#3968=CARTESIAN_POINT('',(44.7,-23.8,7.));
#3969=CARTESIAN_POINT('',(44.7,22.8,6.));
#3970=CARTESIAN_POINT('',(44.7,-12.7499645454235,9.28323244109467));
#3971=CARTESIAN_POINT('',(29.5,-12.7499645454235,9.28323244109467));
#3972=CARTESIAN_POINT('',(44.7,22.8,6.));
#3973=CARTESIAN_POINT('',(44.7,23.8,36.));
#3974=CARTESIAN_POINT('',(44.7,-22.8,37.));
#3975=CARTESIAN_POINT('',(44.7,-23.8,7.));
#3976=CARTESIAN_POINT('',(37.1,0.,28.5));
#3977=CARTESIAN_POINT('',(37.1,2.5,28.5));
#3978=CARTESIAN_POINT('',(37.1,0.,28.5));
#3979=CARTESIAN_POINT('',(37.1,0.,28.5));
#3980=CARTESIAN_POINT('',(-300.,11.5,-1.97380079523514E-015));
#3981=CARTESIAN_POINT('',(-300.,11.5,-1.97380079523514E-015));
#3982=CARTESIAN_POINT('',(-300.,11.5,4.36666666666666));
#3983=CARTESIAN_POINT('',(300.,11.5,4.36666666666666));
#3984=CARTESIAN_POINT('',(300.,11.5,4.36666666666666));
#3985=CARTESIAN_POINT('',(300.,11.5,-1.97380079523514E-015));
#3986=CARTESIAN_POINT('',(300.,11.5,-1.97380079523514E-015));
#3987=CARTESIAN_POINT('',(300.,11.5,-1.97380079523514E-015));
#3988=CARTESIAN_POINT('',(300.,11.5,-1.97380079523514E-015));
#3989=CARTESIAN_POINT('',(-300.,11.5,4.36666666666666));
#3990=CARTESIAN_POINT('',(-300.,8.75896673703332,6.66666666666667));
#3991=CARTESIAN_POINT('',(300.,8.75896673703332,6.66666666666667));
#3992=CARTESIAN_POINT('',(300.,8.75896673703332,6.66666666666667));
#3993=CARTESIAN_POINT('',(300.,11.5,4.36666666666666));
#3994=CARTESIAN_POINT('',(300.,11.5,4.36666666666666));
#3995=CARTESIAN_POINT('',(-300.,8.75896673703332,6.66666666666667));
#3996=CARTESIAN_POINT('',(-300.,8.75896673703332,11.0694899491518));
#3997=CARTESIAN_POINT('',(300.,8.75896673703332,11.0694899491518));
#3998=CARTESIAN_POINT('',(300.,8.75896673703332,11.0694899491518));
#3999=CARTESIAN_POINT('',(300.,8.75896673703332,6.66666666666667));
#4000=CARTESIAN_POINT('',(300.,8.75896673703332,6.66666666666667));
#4001=CARTESIAN_POINT('',(300.,12.4068160220273,9.54709173975768));
#4002=CARTESIAN_POINT('',(300.,8.7760084305863,11.1502752083396));
#4003=CARTESIAN_POINT('',(300.,11.353097434494,13.3736617624133));
#4004=CARTESIAN_POINT('',(300.,8.7760084305863,11.1502752083396));
#4005=CARTESIAN_POINT('',(-300.,8.7760084305863,11.1502752083396));
#4006=CARTESIAN_POINT('',(-300.,12.4068160220273,9.54709173975768));
#4007=CARTESIAN_POINT('',(-300.,11.353097434494,13.3736617624133));
#4008=CARTESIAN_POINT('',(300.,11.353097434494,13.3736617624133));
#4009=CARTESIAN_POINT('',(300.,12.4068160220273,9.54709173975768));
#4010=CARTESIAN_POINT('',(300.,11.5,13.4111111111111));
#4011=CARTESIAN_POINT('',(300.,11.5,13.566484640854));
#4012=CARTESIAN_POINT('',(300.,11.5,17.1294099467569));
#4013=CARTESIAN_POINT('',(300.,11.5,13.566484640854));
#4014=CARTESIAN_POINT('',(-300.,11.5,13.566484640854));
#4015=CARTESIAN_POINT('',(-300.,11.5,13.4111111111111));
#4016=CARTESIAN_POINT('',(-300.,11.5,17.1294099467569));
#4017=CARTESIAN_POINT('',(300.,11.5,17.1294099467569));
#4018=CARTESIAN_POINT('',(300.,11.5,13.4111111111111));
#4019=CARTESIAN_POINT('',(300.,13.0640193713534,20.9068160220273));
#4020=CARTESIAN_POINT('',(300.,11.3846255395228,17.3106239585233));
#4021=CARTESIAN_POINT('',(300.,9.23744934869779,19.853097434494));
#4022=CARTESIAN_POINT('',(300.,11.3846255395228,17.3106239585233));
#4023=CARTESIAN_POINT('',(-300.,11.3846255395228,17.3106239585233));
#4024=CARTESIAN_POINT('',(-300.,13.0640193713534,20.9068160220273));
#4025=CARTESIAN_POINT('',(-300.,9.23744934869779,19.853097434494));
#4026=CARTESIAN_POINT('',(300.,9.23744934869779,19.853097434494));
#4027=CARTESIAN_POINT('',(300.,13.0640193713534,20.9068160220273));
#4028=CARTESIAN_POINT('',(260.,0.,20.));
#4029=CARTESIAN_POINT('',(254.5,0.,20.));
#4030=CARTESIAN_POINT('',(200.,0.,20.));
#4031=CARTESIAN_POINT('',(194.5,0.,20.));
#4032=CARTESIAN_POINT('',(140.,0.,20.));
#4033=CARTESIAN_POINT('',(134.5,0.,20.));
#4034=CARTESIAN_POINT('',(80.,0.,20.));
#4035=CARTESIAN_POINT('',(74.5,0.,20.));
#4036=CARTESIAN_POINT('',(20.,0.,20.));
#4037=CARTESIAN_POINT('',(14.5,0.,20.));
#4038=CARTESIAN_POINT('',(-40.,0.,20.));
#4039=CARTESIAN_POINT('',(-45.5,0.,20.));
#4040=CARTESIAN_POINT('',(-100.,0.,20.));
#4041=CARTESIAN_POINT('',(-105.5,0.,20.));
#4042=CARTESIAN_POINT('',(-160.,0.,20.));
#4043=CARTESIAN_POINT('',(-165.5,0.,20.));
#4044=CARTESIAN_POINT('',(-220.,0.,20.));
#4045=CARTESIAN_POINT('',(-225.5,0.,20.));
#4046=CARTESIAN_POINT('',(-280.,0.,20.));
#4047=CARTESIAN_POINT('',(-285.5,0.,20.));
#4048=CARTESIAN_POINT('',(300.,9.2,20.));
#4049=CARTESIAN_POINT('',(300.,9.04462647025709,20.));
#4050=CARTESIAN_POINT('',(300.,-9.04462647025709,20.));
#4051=CARTESIAN_POINT('',(300.,9.04462647025709,20.));
#4052=CARTESIAN_POINT('',(-300.,9.04462647025709,20.));
#4053=CARTESIAN_POINT('',(-300.,-1.77635683940025E-015,20.));
#4054=CARTESIAN_POINT('',(-300.,-9.04462647025709,20.));
#4055=CARTESIAN_POINT('',(300.,-9.04462647025709,20.));
#4056=CARTESIAN_POINT('',(300.,-1.77635683940025E-015,20.));
#4057=CARTESIAN_POINT('',(-300.,-13.0640193713534,20.9068160220273));
#4058=CARTESIAN_POINT('',(-300.,-9.23744934869778,19.853097434494));
#4059=CARTESIAN_POINT('',(-300.,-11.3846255395228,17.3106239585233));
#4060=CARTESIAN_POINT('',(300.,-11.3846255395228,17.3106239585233));
#4061=CARTESIAN_POINT('',(300.,-11.3846255395228,17.3106239585233));
#4062=CARTESIAN_POINT('',(300.,-13.0640193713534,20.9068160220273));
#4063=CARTESIAN_POINT('',(300.,-9.23744934869778,19.853097434494));
#4064=CARTESIAN_POINT('',(300.,-9.23744934869778,19.853097434494));
#4065=CARTESIAN_POINT('',(300.,-13.0640193713534,20.9068160220273));
#4066=CARTESIAN_POINT('',(-300.,-11.5,17.2589667370333));
#4067=CARTESIAN_POINT('',(-300.,-11.5,17.1294099467569));
#4068=CARTESIAN_POINT('',(-300.,-11.5,13.566484640854));
#4069=CARTESIAN_POINT('',(300.,-11.5,13.566484640854));
#4070=CARTESIAN_POINT('',(300.,-11.5,13.566484640854));
#4071=CARTESIAN_POINT('',(300.,-11.5,17.2589667370333));
#4072=CARTESIAN_POINT('',(300.,-11.5,17.1294099467569));
#4073=CARTESIAN_POINT('',(300.,-11.5,17.1294099467569));
#4074=CARTESIAN_POINT('',(300.,-11.5,17.2589667370333));
#4075=CARTESIAN_POINT('',(-300.,-12.4068160220273,9.54709173975768));
#4076=CARTESIAN_POINT('',(-300.,-11.353097434494,13.3736617624133));
#4077=CARTESIAN_POINT('',(-300.,-8.7760084305863,11.1502752083396));
#4078=CARTESIAN_POINT('',(300.,-8.7760084305863,11.1502752083396));
#4079=CARTESIAN_POINT('',(300.,-8.7760084305863,11.1502752083396));
#4080=CARTESIAN_POINT('',(300.,-12.4068160220273,9.54709173975768));
#4081=CARTESIAN_POINT('',(300.,-11.353097434494,13.3736617624133));
#4082=CARTESIAN_POINT('',(300.,-11.353097434494,13.3736617624133));
#4083=CARTESIAN_POINT('',(300.,-12.4068160220273,9.54709173975768));
#4084=CARTESIAN_POINT('',(300.,-8.75896673703332,11.1111111111111));
#4085=CARTESIAN_POINT('',(300.,-8.75896673703332,11.0694899491518));
#4086=CARTESIAN_POINT('',(300.,-8.75896673703332,6.66666666666667));
#4087=CARTESIAN_POINT('',(-300.,-8.75896673703332,11.0694899491518));
#4088=CARTESIAN_POINT('',(-300.,-8.75896673703332,11.0694899491518));
#4089=CARTESIAN_POINT('',(-300.,-8.75896673703332,11.1111111111111));
#4090=CARTESIAN_POINT('',(-300.,-8.75896673703332,6.66666666666667));
#4091=CARTESIAN_POINT('',(300.,-8.75896673703332,6.66666666666667));
#4092=CARTESIAN_POINT('',(300.,-8.75896673703332,11.1111111111111));
#4093=CARTESIAN_POINT('',(-300.,-8.75896673703332,6.66666666666667));
#4094=CARTESIAN_POINT('',(-300.,-11.5,4.36666666666666));
#4095=CARTESIAN_POINT('',(300.,-11.5,4.36666666666666));
#4096=CARTESIAN_POINT('',(300.,-11.5,4.36666666666666));
#4097=CARTESIAN_POINT('',(300.,-8.75896673703332,6.66666666666667));
#4098=CARTESIAN_POINT('',(300.,-8.75896673703332,6.66666666666667));
#4099=CARTESIAN_POINT('',(-300.,-11.5,4.36666666666666));
#4100=CARTESIAN_POINT('',(-300.,-11.5,-1.7347234759768E-015));
#4101=CARTESIAN_POINT('',(300.,-11.5,-1.7347234759768E-015));
#4102=CARTESIAN_POINT('',(300.,-11.5,-1.7347234759768E-015));
#4103=CARTESIAN_POINT('',(300.,-11.5,4.36666666666666));
#4104=CARTESIAN_POINT('',(300.,-11.5,4.36666666666666));
#4105=CARTESIAN_POINT('',(260.,0.,2.77555756156289E-014));
#4106=CARTESIAN_POINT('',(260.,-3.5,3.37042367682313E-014));
#4107=CARTESIAN_POINT('',(200.,0.,2.77555756156289E-014));
#4108=CARTESIAN_POINT('',(200.,-3.5,3.37042367682313E-014));
#4109=CARTESIAN_POINT('',(140.,0.,2.77555756156289E-014));
#4110=CARTESIAN_POINT('',(140.,-3.5,3.37042367682313E-014));
#4111=CARTESIAN_POINT('',(80.,0.,2.77555756156289E-014));
#4112=CARTESIAN_POINT('',(80.,-3.5,3.37042367682313E-014));
#4113=CARTESIAN_POINT('',(20.,0.,2.77555756156289E-014));
#4114=CARTESIAN_POINT('',(20.,-3.5,3.37042367682313E-014));
#4115=CARTESIAN_POINT('',(-40.,0.,2.77555756156289E-014));
#4116=CARTESIAN_POINT('',(-40.,-3.5,3.37042367682313E-014));
#4117=CARTESIAN_POINT('',(-100.,0.,2.77555756156289E-014));
#4118=CARTESIAN_POINT('',(-100.,-3.5,3.37042367682313E-014));
#4119=CARTESIAN_POINT('',(-160.,0.,2.77555756156289E-014));
#4120=CARTESIAN_POINT('',(-160.,-3.5,3.37042367682313E-014));
#4121=CARTESIAN_POINT('',(-220.,0.,2.77555756156289E-014));
#4122=CARTESIAN_POINT('',(-220.,-3.5,3.37042367682313E-014));
#4123=CARTESIAN_POINT('',(-280.,0.,2.77555756156289E-014));
#4124=CARTESIAN_POINT('',(-280.,-3.5,3.37042367682313E-014));
#4125=CARTESIAN_POINT('',(-300.,0.,1.75718001347442E-014));
#4126=CARTESIAN_POINT('',(300.,-11.5,-1.97380079523514E-015));
#4127=CARTESIAN_POINT('',(300.,0.,1.75718001347442E-014));
#4128=CARTESIAN_POINT('',(300.,11.3,13.566484640854));
#4129=CARTESIAN_POINT('',(300.,11.3,17.1294099467569));
#4130=CARTESIAN_POINT('',(300.,9.04462647025709,19.8));
#4131=CARTESIAN_POINT('',(300.,-9.04462647025709,19.8));
#4132=CARTESIAN_POINT('',(300.,-11.3,17.1294099467569));
#4133=CARTESIAN_POINT('',(300.,-11.3,13.566484640854));
#4134=CARTESIAN_POINT('',(300.,-8.95896673703332,11.0694899491518));
#4135=CARTESIAN_POINT('',(300.,8.95896673703332,11.0694899491518));
#4136=CARTESIAN_POINT('',(300.,12.4068160220273,9.54709173975768));
#4137=CARTESIAN_POINT('',(-300.,11.3,13.566484640854));
#4138=CARTESIAN_POINT('',(-300.,8.95896673703332,11.0694899491518));
#4139=CARTESIAN_POINT('',(-300.,-8.95896673703332,11.0694899491518));
#4140=CARTESIAN_POINT('',(-300.,-11.3,13.566484640854));
#4141=CARTESIAN_POINT('',(-300.,-11.3,17.1294099467569));
#4142=CARTESIAN_POINT('',(-300.,-9.04462647025709,19.8));
#4143=CARTESIAN_POINT('',(-300.,9.04462647025709,19.8));
#4144=CARTESIAN_POINT('',(-300.,11.3,17.1294099467569));
#4145=CARTESIAN_POINT('',(-300.,12.4068160220273,9.54709173975768));
#4146=CARTESIAN_POINT('',(300.,8.95896673703332,11.0694899491518));
#4147=CARTESIAN_POINT('',(300.,11.3,13.566484640854));
#4148=CARTESIAN_POINT('',(300.,11.3,17.1294099467569));
#4149=CARTESIAN_POINT('',(300.,9.04462647025709,19.8));
#4150=CARTESIAN_POINT('',(300.,-8.95896673703332,11.0694899491518));
#4151=CARTESIAN_POINT('',(300.,-11.3,13.566484640854));
#4152=CARTESIAN_POINT('',(300.,-11.3,17.1294099467569));
#4153=CARTESIAN_POINT('',(300.,-9.04462647025709,19.8));
#4154=CARTESIAN_POINT('',(-280.,0.,11.));
#4155=CARTESIAN_POINT('',(-283.5,0.,11.));
#4156=CARTESIAN_POINT('',(-280.,0.,-165.445212245875));
#4157=CARTESIAN_POINT('',(-280.,0.,11.));
#4158=CARTESIAN_POINT('',(-285.5,0.,11.));
#4159=CARTESIAN_POINT('',(-280.,0.,11.));
#4160=CARTESIAN_POINT('',(-280.,0.,20.));
#4161=CARTESIAN_POINT('',(-220.,0.,11.));
#4162=CARTESIAN_POINT('',(-223.5,0.,11.));
#4163=CARTESIAN_POINT('',(-220.,0.,-165.445212245875));
#4164=CARTESIAN_POINT('',(-220.,0.,11.));
#4165=CARTESIAN_POINT('',(-225.5,0.,11.));
#4166=CARTESIAN_POINT('',(-220.,0.,11.));
#4167=CARTESIAN_POINT('',(-220.,0.,20.));
#4168=CARTESIAN_POINT('',(-160.,0.,11.));
#4169=CARTESIAN_POINT('',(-163.5,0.,11.));
#4170=CARTESIAN_POINT('',(-160.,0.,-165.445212245875));
#4171=CARTESIAN_POINT('',(-160.,0.,11.));
#4172=CARTESIAN_POINT('',(-165.5,0.,11.));
#4173=CARTESIAN_POINT('',(-160.,0.,11.));
#4174=CARTESIAN_POINT('',(-160.,0.,20.));
#4175=CARTESIAN_POINT('',(-100.,0.,11.));
#4176=CARTESIAN_POINT('',(-103.5,0.,11.));
#4177=CARTESIAN_POINT('',(-100.,0.,-165.445212245875));
#4178=CARTESIAN_POINT('',(-100.,0.,11.));
#4179=CARTESIAN_POINT('',(-105.5,0.,11.));
#4180=CARTESIAN_POINT('',(-100.,0.,11.));
#4181=CARTESIAN_POINT('',(-100.,0.,20.));
#4182=CARTESIAN_POINT('',(-40.,0.,11.));
#4183=CARTESIAN_POINT('',(-43.5,0.,11.));
#4184=CARTESIAN_POINT('',(-40.,0.,-165.445212245875));
#4185=CARTESIAN_POINT('',(-40.,0.,11.));
#4186=CARTESIAN_POINT('',(-45.5,0.,11.));
#4187=CARTESIAN_POINT('',(-40.,0.,11.));
#4188=CARTESIAN_POINT('',(-40.,0.,20.));
#4189=CARTESIAN_POINT('',(20.,0.,11.));
#4190=CARTESIAN_POINT('',(16.5,0.,11.));
#4191=CARTESIAN_POINT('',(20.,0.,-165.445212245875));
#4192=CARTESIAN_POINT('',(20.,0.,11.));
#4193=CARTESIAN_POINT('',(14.5,0.,11.));
#4194=CARTESIAN_POINT('',(20.,0.,11.));
#4195=CARTESIAN_POINT('',(20.,0.,20.));
#4196=CARTESIAN_POINT('',(80.,0.,11.));
#4197=CARTESIAN_POINT('',(76.5,0.,11.));
#4198=CARTESIAN_POINT('',(80.,0.,-165.445212245875));
#4199=CARTESIAN_POINT('',(80.,0.,11.));
#4200=CARTESIAN_POINT('',(74.5,0.,11.));
#4201=CARTESIAN_POINT('',(80.,0.,11.));
#4202=CARTESIAN_POINT('',(80.,0.,20.));
#4203=CARTESIAN_POINT('',(140.,0.,11.));
#4204=CARTESIAN_POINT('',(136.5,0.,11.));
#4205=CARTESIAN_POINT('',(140.,0.,-165.445212245875));
#4206=CARTESIAN_POINT('',(140.,0.,11.));
#4207=CARTESIAN_POINT('',(134.5,0.,11.));
#4208=CARTESIAN_POINT('',(140.,0.,11.));
#4209=CARTESIAN_POINT('',(140.,0.,20.));
#4210=CARTESIAN_POINT('',(200.,0.,11.));
#4211=CARTESIAN_POINT('',(196.5,0.,11.));
#4212=CARTESIAN_POINT('',(200.,0.,-165.445212245875));
#4213=CARTESIAN_POINT('',(200.,0.,11.));
#4214=CARTESIAN_POINT('',(194.5,0.,11.));
#4215=CARTESIAN_POINT('',(200.,0.,11.));
#4216=CARTESIAN_POINT('',(200.,0.,20.));
#4217=CARTESIAN_POINT('',(260.,0.,11.));
#4218=CARTESIAN_POINT('',(256.5,0.,11.));
#4219=CARTESIAN_POINT('',(260.,0.,-165.445212245875));
#4220=CARTESIAN_POINT('',(260.,0.,11.));
#4221=CARTESIAN_POINT('',(254.5,0.,11.));
#4222=CARTESIAN_POINT('',(260.,0.,11.));
#4223=CARTESIAN_POINT('',(260.,0.,20.));
#4224=MECHANICAL_DESIGN_GEOMETRIC_PRESENTATION_REPRESENTATION('',(#100,#23,
#24,#25,#26,#27,#28,#29,#30,#31,#32,#33,#34,#35,#36,#37,#38,#39,#40,#41,
#42,#43,#44,#45,#46,#47,#48,#49,#50,#51,#52,#53,#54,#55,#56,#57,#58,#59,
#60,#61,#62,#63,#64,#65,#66,#67,#68,#69,#70,#71,#72,#73,#74,#75,#76,#77,
#78,#79,#80,#81,#82,#83,#84,#85,#86,#87,#88,#89,#90,#91,#92,#93,#94,#95,
#96,#97,#98,#101),#4225);
#4225=(
GEOMETRIC_REPRESENTATION_CONTEXT(3)
GLOBAL_UNCERTAINTY_ASSIGNED_CONTEXT((#4226))
GLOBAL_UNIT_ASSIGNED_CONTEXT((#4232,#4228,#4227))
REPRESENTATION_CONTEXT('TRH25VN-ZN','TOP_LEVEL_ASSEMBLY_PART')
);
#4226=UNCERTAINTY_MEASURE_WITH_UNIT(LENGTH_MEASURE(2.E-005),#4232,
'DISTANCE_ACCURACY_VALUE','Maximum Tolerance applied to model');
#4227=(
NAMED_UNIT(*)
SI_UNIT($,.STERADIAN.)
SOLID_ANGLE_UNIT()
);
#4228=(
CONVERSION_BASED_UNIT('DEGREE',#4230)
NAMED_UNIT(#4229)
PLANE_ANGLE_UNIT()
);
#4229=DIMENSIONAL_EXPONENTS(0.,0.,0.,0.,0.,0.,0.);
#4230=PLANE_ANGLE_MEASURE_WITH_UNIT(PLANE_ANGLE_MEASURE(0.0174532925),#4231);
#4231=(
NAMED_UNIT(*)
PLANE_ANGLE_UNIT()
SI_UNIT($,.RADIAN.)
);
#4232=(
LENGTH_UNIT()
NAMED_UNIT(*)
SI_UNIT(.MILLI.,.METRE.)
);
ENDSEC;
END-ISO-10303-21;
