ISO-10303-21;
HEADER;
/* Generated by software containing ST-Developer
 * from STEP Tools, Inc. (www.steptools.com) 
 */
/* OPTION: using custom schema-name function */

FILE_DESCRIPTION(
/* description */ (''),
/* implementation_level */ '2;1');

FILE_NAME(
/* name */ 'TRH65FL-ZN.stp',
/* time_stamp */ '2017-10-25T13:13:08+08:00',
/* author */ (''),
/* organization */ (''),
/* preprocessor_version */ 'ST-DEVELOPER v11',
/* originating_system */ 'SIEMENS UGS NX 6.0',
/* authorisation */ '');

FILE_SCHEMA (('AUTOMOTIVE_DESIGN { 1 0 10303 214 1 1 1 1 }'));
ENDSEC;

DATA;
#10=SHAPE_REPRESENTATION_RELATIONSHIP('None',
'relationship between TRH65FL-ZN-None and TRH65FL-ZN-None',#22,#11);
#11=ADVANCED_BREP_SHAPE_REPRESENTATION('TRH65FL-ZN-None',(#39,#40),#3892);
#12=SHAPE_DEFINITION_REPRESENTATION(#13,#22);
#13=PRODUCT_DEFINITION_SHAPE('','',#14);
#14=PRODUCT_DEFINITION(' ','',#16,#15);
#15=PRODUCT_DEFINITION_CONTEXT('part definition',#21,'design');
#16=PRODUCT_DEFINITION_FORMATION_WITH_SPECIFIED_SOURCE(' ',' ',#18,.NOT_KNOWN.);
#17=PRODUCT_RELATED_PRODUCT_CATEGORY('part','',(#18));
#18=PRODUCT('TRH65FL-ZN','TRH65FL-ZN',' ',(#19));
#19=PRODUCT_CONTEXT(' ',#21,'mechanical');
#20=APPLICATION_PROTOCOL_DEFINITION('international standard',
'automotive_design',2001,#21);
#21=APPLICATION_CONTEXT(
'core data for automotive mechanical design processes');
#22=SHAPE_REPRESENTATION('TRH65FL-ZN-None',(#2277),#3892);
#23=PRESENTATION_LAYER_ASSIGNMENT('1','Layer 1',(#39,#40));
#24=STYLED_ITEM('',(#26),#39);
#25=STYLED_ITEM('',(#27),#40);
#26=PRESENTATION_STYLE_ASSIGNMENT((#28));
#27=PRESENTATION_STYLE_ASSIGNMENT((#29));
#28=SURFACE_STYLE_USAGE(.BOTH.,#30);
#29=SURFACE_STYLE_USAGE(.BOTH.,#31);
#30=SURFACE_SIDE_STYLE('',(#32));
#31=SURFACE_SIDE_STYLE('',(#33));
#32=SURFACE_STYLE_FILL_AREA(#34);
#33=SURFACE_STYLE_FILL_AREA(#35);
#34=FILL_AREA_STYLE('',(#36));
#35=FILL_AREA_STYLE('',(#37));
#36=FILL_AREA_STYLE_COLOUR('',#38);
#37=FILL_AREA_STYLE_COLOUR('',#38);
#38=COLOUR_RGB('Medium Steel',0.596063172350652,0.666666666666667,0.686259250782025);
#39=MANIFOLD_SOLID_BREP('',#41);
#40=MANIFOLD_SOLID_BREP('',#42);
#41=CLOSED_SHELL('',(#180,#181,#182,#183,#184,#185,#186,#187,#188,#189,#190,
#191,#192,#193,#194,#195,#196,#197,#198,#199,#200,#201,#202,#203,#204,#205,
#206,#207,#208,#209,#210,#211,#212,#213,#214,#215,#216,#217,#218,#219,#220,
#221,#222,#223,#224,#225,#226,#227,#228,#229,#230,#231,#232,#233,#234,#235,
#236,#237,#238,#239,#240,#241,#242,#243,#244,#245,#246,#247,#248,#249,#250,
#251,#252,#253,#254,#255,#256,#257,#258,#259,#260,#261,#262,#263,#264,#265,
#266,#267,#268,#269,#270,#271,#272,#273,#274,#275));
#42=CLOSED_SHELL('',(#276,#277,#278,#279,#280,#281,#282,#283,#284,#285,#286,
#287,#288,#289,#290,#291,#292,#293,#294,#295,#296,#297,#298,#299,#300,#301,
#302,#303,#304,#305,#306,#307,#308,#309,#310,#311));
#43=SPHERICAL_SURFACE('',#2318,0.85);
#44=SPHERICAL_SURFACE('',#2324,0.85);
#45=SPHERICAL_SURFACE('',#2407,0.85);
#46=SPHERICAL_SURFACE('',#2413,0.85);
#47=FACE_BOUND('',#512,.T.);
#48=FACE_BOUND('',#513,.T.);
#49=FACE_BOUND('',#530,.T.);
#50=FACE_BOUND('',#531,.T.);
#51=FACE_BOUND('',#532,.T.);
#52=FACE_BOUND('',#540,.T.);
#53=FACE_BOUND('',#541,.T.);
#54=FACE_BOUND('',#542,.T.);
#55=FACE_BOUND('',#555,.T.);
#56=FACE_BOUND('',#556,.T.);
#57=FACE_BOUND('',#557,.T.);
#58=FACE_BOUND('',#558,.T.);
#59=FACE_BOUND('',#559,.T.);
#60=FACE_BOUND('',#560,.T.);
#61=FACE_BOUND('',#561,.T.);
#62=FACE_BOUND('',#562,.T.);
#63=FACE_BOUND('',#563,.T.);
#64=FACE_BOUND('',#564,.T.);
#65=FACE_BOUND('',#565,.T.);
#66=FACE_BOUND('',#566,.T.);
#67=FACE_BOUND('',#567,.T.);
#68=FACE_BOUND('',#568,.T.);
#69=FACE_BOUND('',#569,.T.);
#70=FACE_BOUND('',#570,.T.);
#71=FACE_BOUND('',#571,.T.);
#72=FACE_BOUND('',#572,.T.);
#73=FACE_BOUND('',#594,.T.);
#74=FACE_BOUND('',#595,.T.);
#75=FACE_BOUND('',#597,.T.);
#76=FACE_BOUND('',#598,.T.);
#77=FACE_BOUND('',#599,.T.);
#78=FACE_BOUND('',#600,.T.);
#79=FACE_BOUND('',#601,.T.);
#80=FACE_BOUND('',#602,.T.);
#81=FACE_BOUND('',#603,.T.);
#82=FACE_BOUND('',#604,.T.);
#83=FACE_BOUND('',#605,.T.);
#84=FACE_BOUND('',#606,.T.);
#85=FACE_BOUND('',#607,.T.);
#86=FACE_BOUND('',#608,.T.);
#87=FACE_BOUND('',#615,.T.);
#88=FACE_BOUND('',#616,.T.);
#89=FACE_BOUND('',#617,.T.);
#90=FACE_BOUND('',#618,.T.);
#91=FACE_BOUND('',#619,.T.);
#92=FACE_BOUND('',#626,.T.);
#93=FACE_BOUND('',#627,.T.);
#94=FACE_BOUND('',#628,.T.);
#95=FACE_BOUND('',#629,.T.);
#96=FACE_BOUND('',#630,.T.);
#97=FACE_BOUND('',#641,.T.);
#98=FACE_BOUND('',#642,.T.);
#99=FACE_BOUND('',#643,.T.);
#100=FACE_BOUND('',#644,.T.);
#101=FACE_BOUND('',#645,.T.);
#102=FACE_BOUND('',#646,.T.);
#103=FACE_BOUND('',#647,.T.);
#104=FACE_BOUND('',#648,.T.);
#105=FACE_BOUND('',#649,.T.);
#106=FACE_BOUND('',#650,.T.);
#107=FACE_BOUND('',#651,.T.);
#108=FACE_BOUND('',#652,.T.);
#109=FACE_BOUND('',#653,.T.);
#110=FACE_BOUND('',#654,.T.);
#111=FACE_BOUND('',#655,.T.);
#112=FACE_BOUND('',#656,.T.);
#113=FACE_BOUND('',#657,.T.);
#114=FACE_BOUND('',#658,.T.);
#115=FACE_BOUND('',#659,.T.);
#116=FACE_BOUND('',#660,.T.);
#117=FACE_BOUND('',#661,.T.);
#118=FACE_BOUND('',#662,.T.);
#119=FACE_BOUND('',#663,.T.);
#120=FACE_BOUND('',#664,.T.);
#121=ELLIPSE('',#2293,1.20208152801713,0.85);
#122=ELLIPSE('',#2298,1.20208152801713,0.85);
#123=ELLIPSE('',#2388,1.20208152801713,0.85);
#124=ELLIPSE('',#2393,1.20208152801713,0.85);
#125=B_SPLINE_CURVE_WITH_KNOTS('',3,(#3234,#3235,#3236,#3237),.UNSPECIFIED.,
 .F.,.F.,(4,4),(0.,1.),.UNSPECIFIED.);
#126=B_SPLINE_CURVE_WITH_KNOTS('',3,(#3523,#3524,#3525,#3526,#3527,#3528,
#3529,#3530,#3531,#3532,#3533,#3534,#3535,#3536,#3537,#3538,#3539,#3540,
#3541,#3542,#3543,#3544),.UNSPECIFIED.,.T.,.F.,(2,2,2,2,2,2,2,2,2,2,2,2,
2),(-0.125,0.,0.125000000000001,0.1875,0.25,0.3125,0.374999999999999,0.499999999999999,
0.625,0.75,0.875,1.,1.125),.UNSPECIFIED.);
#127=B_SPLINE_CURVE_WITH_KNOTS('',3,(#3546,#3547,#3548,#3549,#3550,#3551,
#3552,#3553,#3554,#3555,#3556,#3557,#3558,#3559,#3560,#3561,#3562,#3563,
#3564,#3565,#3566,#3567),.UNSPECIFIED.,.T.,.F.,(2,2,2,2,2,2,2,2,2,2,2,2,
2),(-0.125,0.,0.125000000000001,0.1875,0.25,0.3125,0.374999999999999,0.499999999999999,
0.625,0.75,0.875,1.,1.125),.UNSPECIFIED.);
#128=B_SPLINE_CURVE_WITH_KNOTS('',3,(#3570,#3571,#3572,#3573,#3574,#3575,
#3576,#3577,#3578,#3579,#3580,#3581,#3582,#3583,#3584,#3585,#3586,#3587,
#3588,#3589,#3590,#3591),.UNSPECIFIED.,.T.,.F.,(2,2,2,2,2,2,2,2,2,2,2,2,
2),(-0.125,0.,0.125,0.25,0.375,0.5,0.625,0.6875,0.75,0.8125,0.875,1.,1.125),
 .UNSPECIFIED.);
#129=B_SPLINE_CURVE_WITH_KNOTS('',3,(#3593,#3594,#3595,#3596,#3597,#3598,
#3599,#3600,#3601,#3602,#3603,#3604,#3605,#3606,#3607,#3608,#3609,#3610,
#3611,#3612,#3613,#3614),.UNSPECIFIED.,.T.,.F.,(2,2,2,2,2,2,2,2,2,2,2,2,
2),(-0.125,0.,0.125,0.25,0.375,0.5,0.625,0.6875,0.75,0.8125,0.875,1.,1.125),
 .UNSPECIFIED.);
#130=B_SPLINE_CURVE_WITH_KNOTS('',3,(#3641,#3642,#3643,#3644),.UNSPECIFIED.,
 .F.,.F.,(4,4),(0.,1.),.UNSPECIFIED.);
#131=CYLINDRICAL_SURFACE('',#2285,16.525);
#132=CYLINDRICAL_SURFACE('',#2289,16.525);
#133=CYLINDRICAL_SURFACE('',#2304,16.525);
#134=CYLINDRICAL_SURFACE('',#2307,16.525);
#135=CYLINDRICAL_SURFACE('',#2313,0.85);
#136=CYLINDRICAL_SURFACE('',#2316,0.85);
#137=CYLINDRICAL_SURFACE('',#2320,0.85);
#138=CYLINDRICAL_SURFACE('',#2322,0.85);
#139=CYLINDRICAL_SURFACE('',#2326,0.85);
#140=CYLINDRICAL_SURFACE('',#2366,13.);
#141=CYLINDRICAL_SURFACE('',#2367,13.);
#142=CYLINDRICAL_SURFACE('',#2371,7.);
#143=CYLINDRICAL_SURFACE('',#2375,7.);
#144=CYLINDRICAL_SURFACE('',#2376,2.5);
#145=CYLINDRICAL_SURFACE('',#2377,2.5);
#146=CYLINDRICAL_SURFACE('',#2385,16.525);
#147=CYLINDRICAL_SURFACE('',#2387,16.525);
#148=CYLINDRICAL_SURFACE('',#2397,16.525);
#149=CYLINDRICAL_SURFACE('',#2399,16.525);
#150=CYLINDRICAL_SURFACE('',#2403,0.85);
#151=CYLINDRICAL_SURFACE('',#2405,0.85);
#152=CYLINDRICAL_SURFACE('',#2409,0.85);
#153=CYLINDRICAL_SURFACE('',#2411,0.85);
#154=CYLINDRICAL_SURFACE('',#2414,0.85);
#155=CYLINDRICAL_SURFACE('',#2416,4.864);
#156=CYLINDRICAL_SURFACE('',#2421,7.);
#157=CYLINDRICAL_SURFACE('',#2425,7.);
#158=CYLINDRICAL_SURFACE('',#2426,2.5);
#159=CYLINDRICAL_SURFACE('',#2427,2.5);
#160=CYLINDRICAL_SURFACE('',#2433,11.9);
#161=CYLINDRICAL_SURFACE('',#2437,11.9);
#162=CYLINDRICAL_SURFACE('',#2445,11.9);
#163=CYLINDRICAL_SURFACE('',#2449,11.9);
#164=CYLINDRICAL_SURFACE('',#2476,0.45);
#165=CYLINDRICAL_SURFACE('',#2477,0.45);
#166=CYLINDRICAL_SURFACE('',#2478,0.45);
#167=CYLINDRICAL_SURFACE('',#2479,0.45);
#168=CYLINDRICAL_SURFACE('',#2480,0.45);
#169=CYLINDRICAL_SURFACE('',#2481,0.45);
#170=CYLINDRICAL_SURFACE('',#2482,0.45);
#171=CYLINDRICAL_SURFACE('',#2483,0.45);
#172=CYLINDRICAL_SURFACE('',#2485,9.);
#173=CYLINDRICAL_SURFACE('',#2488,13.);
#174=CYLINDRICAL_SURFACE('',#2490,9.);
#175=CYLINDRICAL_SURFACE('',#2493,13.);
#176=CYLINDRICAL_SURFACE('',#2495,9.);
#177=CYLINDRICAL_SURFACE('',#2498,13.);
#178=CYLINDRICAL_SURFACE('',#2500,9.);
#179=CYLINDRICAL_SURFACE('',#2503,13.);
#180=ADVANCED_FACE('',(#391),#312,.F.);
#181=ADVANCED_FACE('',(#392),#313,.F.);
#182=ADVANCED_FACE('',(#393),#314,.F.);
#183=ADVANCED_FACE('',(#394),#131,.T.);
#184=ADVANCED_FACE('',(#395),#315,.F.);
#185=ADVANCED_FACE('',(#396),#132,.T.);
#186=ADVANCED_FACE('',(#397),#316,.F.);
#187=ADVANCED_FACE('',(#398),#317,.F.);
#188=ADVANCED_FACE('',(#399),#318,.F.);
#189=ADVANCED_FACE('',(#400),#319,.F.);
#190=ADVANCED_FACE('',(#401),#320,.F.);
#191=ADVANCED_FACE('',(#402),#321,.F.);
#192=ADVANCED_FACE('',(#403),#322,.F.);
#193=ADVANCED_FACE('',(#404),#323,.F.);
#194=ADVANCED_FACE('',(#405),#324,.F.);
#195=ADVANCED_FACE('',(#406),#325,.F.);
#196=ADVANCED_FACE('',(#407),#326,.F.);
#197=ADVANCED_FACE('',(#408),#133,.T.);
#198=ADVANCED_FACE('',(#409),#327,.F.);
#199=ADVANCED_FACE('',(#410),#134,.T.);
#200=ADVANCED_FACE('',(#411),#328,.F.);
#201=ADVANCED_FACE('',(#47,#48),#329,.T.);
#202=ADVANCED_FACE('',(#412),#330,.F.);
#203=ADVANCED_FACE('',(#413),#135,.T.);
#204=ADVANCED_FACE('',(#414),#136,.T.);
#205=ADVANCED_FACE('',(#415),#43,.T.);
#206=ADVANCED_FACE('',(#416),#137,.T.);
#207=ADVANCED_FACE('',(#417),#138,.T.);
#208=ADVANCED_FACE('',(#418),#44,.T.);
#209=ADVANCED_FACE('',(#419),#139,.T.);
#210=ADVANCED_FACE('',(#420),#331,.T.);
#211=ADVANCED_FACE('',(#421),#332,.T.);
#212=ADVANCED_FACE('',(#422),#333,.T.);
#213=ADVANCED_FACE('',(#423),#334,.F.);
#214=ADVANCED_FACE('',(#424),#335,.F.);
#215=ADVANCED_FACE('',(#425),#336,.T.);
#216=ADVANCED_FACE('',(#426),#337,.T.);
#217=ADVANCED_FACE('',(#427),#338,.T.);
#218=ADVANCED_FACE('',(#49,#50,#51),#339,.T.);
#219=ADVANCED_FACE('',(#428),#340,.T.);
#220=ADVANCED_FACE('',(#429),#341,.T.);
#221=ADVANCED_FACE('',(#430),#342,.T.);
#222=ADVANCED_FACE('',(#431),#343,.T.);
#223=ADVANCED_FACE('',(#432),#344,.T.);
#224=ADVANCED_FACE('',(#433),#345,.T.);
#225=ADVANCED_FACE('',(#434),#346,.T.);
#226=ADVANCED_FACE('',(#52,#53,#54),#347,.T.);
#227=ADVANCED_FACE('',(#435),#348,.T.);
#228=ADVANCED_FACE('',(#436),#349,.T.);
#229=ADVANCED_FACE('',(#437),#350,.T.);
#230=ADVANCED_FACE('',(#438),#351,.T.);
#231=ADVANCED_FACE('',(#439),#352,.T.);
#232=ADVANCED_FACE('',(#440),#353,.T.);
#233=ADVANCED_FACE('',(#441),#354,.T.);
#234=ADVANCED_FACE('',(#442),#355,.F.);
#235=ADVANCED_FACE('',(#443),#356,.F.);
#236=ADVANCED_FACE('',(#444),#357,.F.);
#237=ADVANCED_FACE('',(#445),#358,.F.);
#238=ADVANCED_FACE('',(#446),#359,.F.);
#239=ADVANCED_FACE('',(#55,#56,#57),#140,.F.);
#240=ADVANCED_FACE('',(#58,#59,#60),#141,.F.);
#241=ADVANCED_FACE('',(#61,#62),#360,.F.);
#242=ADVANCED_FACE('',(#63,#64),#142,.F.);
#243=ADVANCED_FACE('',(#65,#66),#361,.F.);
#244=ADVANCED_FACE('',(#67,#68),#143,.F.);
#245=ADVANCED_FACE('',(#69,#70),#144,.F.);
#246=ADVANCED_FACE('',(#71,#72),#145,.F.);
#247=ADVANCED_FACE('',(#447),#362,.F.);
#248=ADVANCED_FACE('',(#448),#363,.F.);
#249=ADVANCED_FACE('',(#449),#364,.F.);
#250=ADVANCED_FACE('',(#450),#146,.T.);
#251=ADVANCED_FACE('',(#451),#147,.T.);
#252=ADVANCED_FACE('',(#452),#365,.F.);
#253=ADVANCED_FACE('',(#453),#366,.F.);
#254=ADVANCED_FACE('',(#454),#367,.F.);
#255=ADVANCED_FACE('',(#455),#368,.F.);
#256=ADVANCED_FACE('',(#456),#369,.F.);
#257=ADVANCED_FACE('',(#457),#148,.T.);
#258=ADVANCED_FACE('',(#458),#149,.T.);
#259=ADVANCED_FACE('',(#459),#370,.T.);
#260=ADVANCED_FACE('',(#460),#371,.F.);
#261=ADVANCED_FACE('',(#461),#150,.T.);
#262=ADVANCED_FACE('',(#462),#151,.T.);
#263=ADVANCED_FACE('',(#463),#45,.T.);
#264=ADVANCED_FACE('',(#464),#152,.T.);
#265=ADVANCED_FACE('',(#465),#153,.T.);
#266=ADVANCED_FACE('',(#466),#46,.T.);
#267=ADVANCED_FACE('',(#467),#154,.T.);
#268=ADVANCED_FACE('',(#73,#74),#155,.F.);
#269=ADVANCED_FACE('',(#468),#372,.T.);
#270=ADVANCED_FACE('',(#75,#76),#373,.F.);
#271=ADVANCED_FACE('',(#77,#78),#156,.F.);
#272=ADVANCED_FACE('',(#79,#80),#374,.F.);
#273=ADVANCED_FACE('',(#81,#82),#157,.F.);
#274=ADVANCED_FACE('',(#83,#84),#158,.F.);
#275=ADVANCED_FACE('',(#85,#86),#159,.F.);
#276=ADVANCED_FACE('',(#469),#375,.F.);
#277=ADVANCED_FACE('',(#470),#376,.F.);
#278=ADVANCED_FACE('',(#471),#377,.F.);
#279=ADVANCED_FACE('',(#472),#160,.F.);
#280=ADVANCED_FACE('',(#473),#378,.F.);
#281=ADVANCED_FACE('',(#474),#161,.F.);
#282=ADVANCED_FACE('',(#87,#88,#89,#90,#91),#379,.F.);
#283=ADVANCED_FACE('',(#475),#162,.F.);
#284=ADVANCED_FACE('',(#476),#380,.F.);
#285=ADVANCED_FACE('',(#477),#163,.F.);
#286=ADVANCED_FACE('',(#478),#381,.F.);
#287=ADVANCED_FACE('',(#479),#382,.F.);
#288=ADVANCED_FACE('',(#480),#383,.F.);
#289=ADVANCED_FACE('',(#92,#93,#94,#95,#96),#384,.F.);
#290=ADVANCED_FACE('',(#481),#385,.F.);
#291=ADVANCED_FACE('',(#482),#386,.T.);
#292=ADVANCED_FACE('',(#483),#164,.F.);
#293=ADVANCED_FACE('',(#484),#165,.T.);
#294=ADVANCED_FACE('',(#485),#166,.T.);
#295=ADVANCED_FACE('',(#486),#167,.T.);
#296=ADVANCED_FACE('',(#487),#168,.F.);
#297=ADVANCED_FACE('',(#488),#169,.T.);
#298=ADVANCED_FACE('',(#489),#170,.T.);
#299=ADVANCED_FACE('',(#490),#171,.T.);
#300=ADVANCED_FACE('',(#97,#98),#172,.F.);
#301=ADVANCED_FACE('',(#99,#100),#387,.F.);
#302=ADVANCED_FACE('',(#101,#102),#173,.F.);
#303=ADVANCED_FACE('',(#103,#104),#174,.F.);
#304=ADVANCED_FACE('',(#105,#106),#388,.F.);
#305=ADVANCED_FACE('',(#107,#108),#175,.F.);
#306=ADVANCED_FACE('',(#109,#110),#176,.F.);
#307=ADVANCED_FACE('',(#111,#112),#389,.F.);
#308=ADVANCED_FACE('',(#113,#114),#177,.F.);
#309=ADVANCED_FACE('',(#115,#116),#178,.F.);
#310=ADVANCED_FACE('',(#117,#118),#390,.F.);
#311=ADVANCED_FACE('',(#119,#120),#179,.F.);
#312=PLANE('',#2279);
#313=PLANE('',#2281);
#314=PLANE('',#2283);
#315=PLANE('',#2286);
#316=PLANE('',#2290);
#317=PLANE('',#2291);
#318=PLANE('',#2292);
#319=PLANE('',#2294);
#320=PLANE('',#2295);
#321=PLANE('',#2296);
#322=PLANE('',#2297);
#323=PLANE('',#2299);
#324=PLANE('',#2300);
#325=PLANE('',#2301);
#326=PLANE('',#2302);
#327=PLANE('',#2305);
#328=PLANE('',#2308);
#329=PLANE('',#2310);
#330=PLANE('',#2311);
#331=PLANE('',#2327);
#332=PLANE('',#2330);
#333=PLANE('',#2331);
#334=PLANE('',#2332);
#335=PLANE('',#2333);
#336=PLANE('',#2334);
#337=PLANE('',#2335);
#338=PLANE('',#2336);
#339=PLANE('',#2339);
#340=PLANE('',#2340);
#341=PLANE('',#2341);
#342=PLANE('',#2342);
#343=PLANE('',#2343);
#344=PLANE('',#2344);
#345=PLANE('',#2345);
#346=PLANE('',#2346);
#347=PLANE('',#2349);
#348=PLANE('',#2350);
#349=PLANE('',#2351);
#350=PLANE('',#2352);
#351=PLANE('',#2353);
#352=PLANE('',#2354);
#353=PLANE('',#2355);
#354=PLANE('',#2356);
#355=PLANE('',#2361);
#356=PLANE('',#2362);
#357=PLANE('',#2363);
#358=PLANE('',#2364);
#359=PLANE('',#2365);
#360=PLANE('',#2370);
#361=PLANE('',#2374);
#362=PLANE('',#2379);
#363=PLANE('',#2381);
#364=PLANE('',#2383);
#365=PLANE('',#2389);
#366=PLANE('',#2390);
#367=PLANE('',#2391);
#368=PLANE('',#2392);
#369=PLANE('',#2394);
#370=PLANE('',#2400);
#371=PLANE('',#2401);
#372=PLANE('',#2417);
#373=PLANE('',#2420);
#374=PLANE('',#2424);
#375=PLANE('',#2428);
#376=PLANE('',#2429);
#377=PLANE('',#2430);
#378=PLANE('',#2434);
#379=PLANE('',#2442);
#380=PLANE('',#2446);
#381=PLANE('',#2450);
#382=PLANE('',#2451);
#383=PLANE('',#2452);
#384=PLANE('',#2457);
#385=PLANE('',#2466);
#386=PLANE('',#2475);
#387=PLANE('',#2487);
#388=PLANE('',#2492);
#389=PLANE('',#2497);
#390=PLANE('',#2502);
#391=FACE_OUTER_BOUND('',#491,.T.);
#392=FACE_OUTER_BOUND('',#492,.T.);
#393=FACE_OUTER_BOUND('',#493,.T.);
#394=FACE_OUTER_BOUND('',#494,.T.);
#395=FACE_OUTER_BOUND('',#495,.T.);
#396=FACE_OUTER_BOUND('',#496,.T.);
#397=FACE_OUTER_BOUND('',#497,.T.);
#398=FACE_OUTER_BOUND('',#498,.T.);
#399=FACE_OUTER_BOUND('',#499,.T.);
#400=FACE_OUTER_BOUND('',#500,.T.);
#401=FACE_OUTER_BOUND('',#501,.T.);
#402=FACE_OUTER_BOUND('',#502,.T.);
#403=FACE_OUTER_BOUND('',#503,.T.);
#404=FACE_OUTER_BOUND('',#504,.T.);
#405=FACE_OUTER_BOUND('',#505,.T.);
#406=FACE_OUTER_BOUND('',#506,.T.);
#407=FACE_OUTER_BOUND('',#507,.T.);
#408=FACE_OUTER_BOUND('',#508,.T.);
#409=FACE_OUTER_BOUND('',#509,.T.);
#410=FACE_OUTER_BOUND('',#510,.T.);
#411=FACE_OUTER_BOUND('',#511,.T.);
#412=FACE_OUTER_BOUND('',#514,.T.);
#413=FACE_OUTER_BOUND('',#515,.T.);
#414=FACE_OUTER_BOUND('',#516,.T.);
#415=FACE_OUTER_BOUND('',#517,.T.);
#416=FACE_OUTER_BOUND('',#518,.T.);
#417=FACE_OUTER_BOUND('',#519,.T.);
#418=FACE_OUTER_BOUND('',#520,.T.);
#419=FACE_OUTER_BOUND('',#521,.T.);
#420=FACE_OUTER_BOUND('',#522,.T.);
#421=FACE_OUTER_BOUND('',#523,.T.);
#422=FACE_OUTER_BOUND('',#524,.T.);
#423=FACE_OUTER_BOUND('',#525,.T.);
#424=FACE_OUTER_BOUND('',#526,.T.);
#425=FACE_OUTER_BOUND('',#527,.T.);
#426=FACE_OUTER_BOUND('',#528,.T.);
#427=FACE_OUTER_BOUND('',#529,.T.);
#428=FACE_OUTER_BOUND('',#533,.T.);
#429=FACE_OUTER_BOUND('',#534,.T.);
#430=FACE_OUTER_BOUND('',#535,.T.);
#431=FACE_OUTER_BOUND('',#536,.T.);
#432=FACE_OUTER_BOUND('',#537,.T.);
#433=FACE_OUTER_BOUND('',#538,.T.);
#434=FACE_OUTER_BOUND('',#539,.T.);
#435=FACE_OUTER_BOUND('',#543,.T.);
#436=FACE_OUTER_BOUND('',#544,.T.);
#437=FACE_OUTER_BOUND('',#545,.T.);
#438=FACE_OUTER_BOUND('',#546,.T.);
#439=FACE_OUTER_BOUND('',#547,.T.);
#440=FACE_OUTER_BOUND('',#548,.T.);
#441=FACE_OUTER_BOUND('',#549,.T.);
#442=FACE_OUTER_BOUND('',#550,.T.);
#443=FACE_OUTER_BOUND('',#551,.T.);
#444=FACE_OUTER_BOUND('',#552,.T.);
#445=FACE_OUTER_BOUND('',#553,.T.);
#446=FACE_OUTER_BOUND('',#554,.T.);
#447=FACE_OUTER_BOUND('',#573,.T.);
#448=FACE_OUTER_BOUND('',#574,.T.);
#449=FACE_OUTER_BOUND('',#575,.T.);
#450=FACE_OUTER_BOUND('',#576,.T.);
#451=FACE_OUTER_BOUND('',#577,.T.);
#452=FACE_OUTER_BOUND('',#578,.T.);
#453=FACE_OUTER_BOUND('',#579,.T.);
#454=FACE_OUTER_BOUND('',#580,.T.);
#455=FACE_OUTER_BOUND('',#581,.T.);
#456=FACE_OUTER_BOUND('',#582,.T.);
#457=FACE_OUTER_BOUND('',#583,.T.);
#458=FACE_OUTER_BOUND('',#584,.T.);
#459=FACE_OUTER_BOUND('',#585,.T.);
#460=FACE_OUTER_BOUND('',#586,.T.);
#461=FACE_OUTER_BOUND('',#587,.T.);
#462=FACE_OUTER_BOUND('',#588,.T.);
#463=FACE_OUTER_BOUND('',#589,.T.);
#464=FACE_OUTER_BOUND('',#590,.T.);
#465=FACE_OUTER_BOUND('',#591,.T.);
#466=FACE_OUTER_BOUND('',#592,.T.);
#467=FACE_OUTER_BOUND('',#593,.T.);
#468=FACE_OUTER_BOUND('',#596,.T.);
#469=FACE_OUTER_BOUND('',#609,.T.);
#470=FACE_OUTER_BOUND('',#610,.T.);
#471=FACE_OUTER_BOUND('',#611,.T.);
#472=FACE_OUTER_BOUND('',#612,.T.);
#473=FACE_OUTER_BOUND('',#613,.T.);
#474=FACE_OUTER_BOUND('',#614,.T.);
#475=FACE_OUTER_BOUND('',#620,.T.);
#476=FACE_OUTER_BOUND('',#621,.T.);
#477=FACE_OUTER_BOUND('',#622,.T.);
#478=FACE_OUTER_BOUND('',#623,.T.);
#479=FACE_OUTER_BOUND('',#624,.T.);
#480=FACE_OUTER_BOUND('',#625,.T.);
#481=FACE_OUTER_BOUND('',#631,.T.);
#482=FACE_OUTER_BOUND('',#632,.T.);
#483=FACE_OUTER_BOUND('',#633,.T.);
#484=FACE_OUTER_BOUND('',#634,.T.);
#485=FACE_OUTER_BOUND('',#635,.T.);
#486=FACE_OUTER_BOUND('',#636,.T.);
#487=FACE_OUTER_BOUND('',#637,.T.);
#488=FACE_OUTER_BOUND('',#638,.T.);
#489=FACE_OUTER_BOUND('',#639,.T.);
#490=FACE_OUTER_BOUND('',#640,.T.);
#491=EDGE_LOOP('',(#1073,#1074));
#492=EDGE_LOOP('',(#1075,#1076));
#493=EDGE_LOOP('',(#1077,#1078));
#494=EDGE_LOOP('',(#1079,#1080,#1081,#1082));
#495=EDGE_LOOP('',(#1083,#1084,#1085,#1086,#1087,#1088,#1089,#1090));
#496=EDGE_LOOP('',(#1091,#1092,#1093,#1094));
#497=EDGE_LOOP('',(#1095,#1096,#1097,#1098,#1099,#1100));
#498=EDGE_LOOP('',(#1101,#1102,#1103,#1104));
#499=EDGE_LOOP('',(#1105,#1106,#1107,#1108,#1109,#1110,#1111,#1112));
#500=EDGE_LOOP('',(#1113,#1114,#1115,#1116,#1117));
#501=EDGE_LOOP('',(#1118,#1119,#1120,#1121));
#502=EDGE_LOOP('',(#1122,#1123,#1124,#1125));
#503=EDGE_LOOP('',(#1126,#1127,#1128,#1129));
#504=EDGE_LOOP('',(#1130,#1131,#1132,#1133,#1134));
#505=EDGE_LOOP('',(#1135,#1136,#1137,#1138,#1139,#1140,#1141,#1142));
#506=EDGE_LOOP('',(#1143,#1144,#1145,#1146));
#507=EDGE_LOOP('',(#1147,#1148,#1149,#1150,#1151,#1152));
#508=EDGE_LOOP('',(#1153,#1154,#1155,#1156));
#509=EDGE_LOOP('',(#1157,#1158,#1159,#1160,#1161,#1162,#1163,#1164));
#510=EDGE_LOOP('',(#1165,#1166,#1167,#1168));
#511=EDGE_LOOP('',(#1169,#1170,#1171,#1172,#1173,#1174,#1175,#1176));
#512=EDGE_LOOP('',(#1177));
#513=EDGE_LOOP('',(#1178,#1179,#1180,#1181,#1182,#1183,#1184,#1185,#1186,
#1187,#1188,#1189,#1190,#1191,#1192,#1193,#1194,#1195));
#514=EDGE_LOOP('',(#1196,#1197));
#515=EDGE_LOOP('',(#1198,#1199,#1200,#1201));
#516=EDGE_LOOP('',(#1202,#1203,#1204,#1205));
#517=EDGE_LOOP('',(#1206,#1207,#1208));
#518=EDGE_LOOP('',(#1209,#1210,#1211,#1212));
#519=EDGE_LOOP('',(#1213,#1214,#1215,#1216));
#520=EDGE_LOOP('',(#1217,#1218,#1219));
#521=EDGE_LOOP('',(#1220,#1221,#1222,#1223));
#522=EDGE_LOOP('',(#1224,#1225,#1226));
#523=EDGE_LOOP('',(#1227,#1228,#1229,#1230,#1231,#1232,#1233,#1234,#1235,
#1236,#1237,#1238,#1239,#1240,#1241,#1242,#1243,#1244,#1245,#1246,#1247,
#1248,#1249,#1250,#1251,#1252));
#524=EDGE_LOOP('',(#1253,#1254,#1255));
#525=EDGE_LOOP('',(#1256,#1257,#1258));
#526=EDGE_LOOP('',(#1259,#1260,#1261));
#527=EDGE_LOOP('',(#1262,#1263,#1264,#1265,#1266,#1267));
#528=EDGE_LOOP('',(#1268,#1269,#1270,#1271));
#529=EDGE_LOOP('',(#1272,#1273,#1274,#1275));
#530=EDGE_LOOP('',(#1276));
#531=EDGE_LOOP('',(#1277));
#532=EDGE_LOOP('',(#1278,#1279,#1280,#1281));
#533=EDGE_LOOP('',(#1282,#1283,#1284,#1285));
#534=EDGE_LOOP('',(#1286,#1287,#1288,#1289));
#535=EDGE_LOOP('',(#1290,#1291,#1292,#1293));
#536=EDGE_LOOP('',(#1294,#1295,#1296,#1297));
#537=EDGE_LOOP('',(#1298,#1299,#1300,#1301));
#538=EDGE_LOOP('',(#1302,#1303,#1304,#1305));
#539=EDGE_LOOP('',(#1306,#1307,#1308,#1309));
#540=EDGE_LOOP('',(#1310));
#541=EDGE_LOOP('',(#1311));
#542=EDGE_LOOP('',(#1312,#1313,#1314,#1315));
#543=EDGE_LOOP('',(#1316,#1317,#1318,#1319));
#544=EDGE_LOOP('',(#1320,#1321,#1322,#1323));
#545=EDGE_LOOP('',(#1324,#1325,#1326,#1327,#1328,#1329));
#546=EDGE_LOOP('',(#1330,#1331,#1332,#1333));
#547=EDGE_LOOP('',(#1334,#1335,#1336,#1337));
#548=EDGE_LOOP('',(#1338,#1339,#1340,#1341));
#549=EDGE_LOOP('',(#1342,#1343,#1344,#1345));
#550=EDGE_LOOP('',(#1346,#1347,#1348,#1349,#1350,#1351,#1352,#1353,#1354,
#1355,#1356,#1357,#1358,#1359,#1360,#1361,#1362,#1363,#1364,#1365,#1366,
#1367,#1368,#1369,#1370,#1371));
#551=EDGE_LOOP('',(#1372,#1373,#1374,#1375));
#552=EDGE_LOOP('',(#1376,#1377,#1378,#1379));
#553=EDGE_LOOP('',(#1380,#1381,#1382,#1383));
#554=EDGE_LOOP('',(#1384,#1385,#1386,#1387));
#555=EDGE_LOOP('',(#1388));
#556=EDGE_LOOP('',(#1389));
#557=EDGE_LOOP('',(#1390,#1391,#1392,#1393));
#558=EDGE_LOOP('',(#1394));
#559=EDGE_LOOP('',(#1395));
#560=EDGE_LOOP('',(#1396,#1397,#1398,#1399));
#561=EDGE_LOOP('',(#1400));
#562=EDGE_LOOP('',(#1401));
#563=EDGE_LOOP('',(#1402));
#564=EDGE_LOOP('',(#1403));
#565=EDGE_LOOP('',(#1404));
#566=EDGE_LOOP('',(#1405));
#567=EDGE_LOOP('',(#1406));
#568=EDGE_LOOP('',(#1407));
#569=EDGE_LOOP('',(#1408));
#570=EDGE_LOOP('',(#1409));
#571=EDGE_LOOP('',(#1410));
#572=EDGE_LOOP('',(#1411));
#573=EDGE_LOOP('',(#1412,#1413));
#574=EDGE_LOOP('',(#1414,#1415));
#575=EDGE_LOOP('',(#1416,#1417));
#576=EDGE_LOOP('',(#1418,#1419,#1420,#1421));
#577=EDGE_LOOP('',(#1422,#1423,#1424,#1425));
#578=EDGE_LOOP('',(#1426,#1427,#1428,#1429,#1430));
#579=EDGE_LOOP('',(#1431,#1432,#1433,#1434));
#580=EDGE_LOOP('',(#1435,#1436,#1437,#1438));
#581=EDGE_LOOP('',(#1439,#1440,#1441,#1442));
#582=EDGE_LOOP('',(#1443,#1444,#1445,#1446,#1447));
#583=EDGE_LOOP('',(#1448,#1449,#1450,#1451));
#584=EDGE_LOOP('',(#1452,#1453,#1454,#1455));
#585=EDGE_LOOP('',(#1456,#1457,#1458,#1459,#1460,#1461,#1462,#1463,#1464,
#1465,#1466,#1467,#1468,#1469,#1470,#1471,#1472,#1473));
#586=EDGE_LOOP('',(#1474,#1475));
#587=EDGE_LOOP('',(#1476,#1477,#1478,#1479));
#588=EDGE_LOOP('',(#1480,#1481,#1482,#1483));
#589=EDGE_LOOP('',(#1484,#1485,#1486));
#590=EDGE_LOOP('',(#1487,#1488,#1489,#1490));
#591=EDGE_LOOP('',(#1491,#1492,#1493,#1494));
#592=EDGE_LOOP('',(#1495,#1496,#1497));
#593=EDGE_LOOP('',(#1498,#1499,#1500,#1501));
#594=EDGE_LOOP('',(#1502));
#595=EDGE_LOOP('',(#1503));
#596=EDGE_LOOP('',(#1504));
#597=EDGE_LOOP('',(#1505));
#598=EDGE_LOOP('',(#1506));
#599=EDGE_LOOP('',(#1507));
#600=EDGE_LOOP('',(#1508));
#601=EDGE_LOOP('',(#1509));
#602=EDGE_LOOP('',(#1510));
#603=EDGE_LOOP('',(#1511));
#604=EDGE_LOOP('',(#1512));
#605=EDGE_LOOP('',(#1513));
#606=EDGE_LOOP('',(#1514));
#607=EDGE_LOOP('',(#1515));
#608=EDGE_LOOP('',(#1516));
#609=EDGE_LOOP('',(#1517,#1518,#1519,#1520));
#610=EDGE_LOOP('',(#1521,#1522,#1523,#1524));
#611=EDGE_LOOP('',(#1525,#1526,#1527,#1528));
#612=EDGE_LOOP('',(#1529,#1530,#1531,#1532));
#613=EDGE_LOOP('',(#1533,#1534,#1535,#1536));
#614=EDGE_LOOP('',(#1537,#1538,#1539,#1540));
#615=EDGE_LOOP('',(#1541));
#616=EDGE_LOOP('',(#1542));
#617=EDGE_LOOP('',(#1543));
#618=EDGE_LOOP('',(#1544));
#619=EDGE_LOOP('',(#1545,#1546,#1547,#1548));
#620=EDGE_LOOP('',(#1549,#1550,#1551,#1552));
#621=EDGE_LOOP('',(#1553,#1554,#1555,#1556));
#622=EDGE_LOOP('',(#1557,#1558,#1559,#1560));
#623=EDGE_LOOP('',(#1561,#1562,#1563,#1564));
#624=EDGE_LOOP('',(#1565,#1566,#1567,#1568));
#625=EDGE_LOOP('',(#1569,#1570,#1571,#1572));
#626=EDGE_LOOP('',(#1573));
#627=EDGE_LOOP('',(#1574));
#628=EDGE_LOOP('',(#1575));
#629=EDGE_LOOP('',(#1576));
#630=EDGE_LOOP('',(#1577,#1578,#1579,#1580));
#631=EDGE_LOOP('',(#1581,#1582,#1583,#1584,#1585,#1586,#1587,#1588,#1589,
#1590,#1591,#1592,#1593,#1594,#1595,#1596,#1597,#1598,#1599,#1600,#1601,
#1602));
#632=EDGE_LOOP('',(#1603,#1604,#1605,#1606,#1607,#1608,#1609,#1610,#1611,
#1612,#1613,#1614,#1615,#1616,#1617,#1618,#1619,#1620,#1621,#1622,#1623,
#1624));
#633=EDGE_LOOP('',(#1625,#1626,#1627,#1628));
#634=EDGE_LOOP('',(#1629,#1630,#1631,#1632));
#635=EDGE_LOOP('',(#1633,#1634,#1635,#1636));
#636=EDGE_LOOP('',(#1637,#1638,#1639,#1640));
#637=EDGE_LOOP('',(#1641,#1642,#1643,#1644));
#638=EDGE_LOOP('',(#1645,#1646,#1647,#1648));
#639=EDGE_LOOP('',(#1649,#1650,#1651,#1652));
#640=EDGE_LOOP('',(#1653,#1654,#1655,#1656));
#641=EDGE_LOOP('',(#1657));
#642=EDGE_LOOP('',(#1658));
#643=EDGE_LOOP('',(#1659));
#644=EDGE_LOOP('',(#1660));
#645=EDGE_LOOP('',(#1661));
#646=EDGE_LOOP('',(#1662));
#647=EDGE_LOOP('',(#1663));
#648=EDGE_LOOP('',(#1664));
#649=EDGE_LOOP('',(#1665));
#650=EDGE_LOOP('',(#1666));
#651=EDGE_LOOP('',(#1667));
#652=EDGE_LOOP('',(#1668));
#653=EDGE_LOOP('',(#1669));
#654=EDGE_LOOP('',(#1670));
#655=EDGE_LOOP('',(#1671));
#656=EDGE_LOOP('',(#1672));
#657=EDGE_LOOP('',(#1673));
#658=EDGE_LOOP('',(#1674));
#659=EDGE_LOOP('',(#1675));
#660=EDGE_LOOP('',(#1676));
#661=EDGE_LOOP('',(#1677));
#662=EDGE_LOOP('',(#1678));
#663=EDGE_LOOP('',(#1679));
#664=EDGE_LOOP('',(#1680));
#665=LINE('',#3166,#869);
#666=LINE('',#3171,#870);
#667=LINE('',#3176,#871);
#668=LINE('',#3178,#872);
#669=LINE('',#3182,#873);
#670=LINE('',#3184,#874);
#671=LINE('',#3186,#875);
#672=LINE('',#3188,#876);
#673=LINE('',#3190,#877);
#674=LINE('',#3192,#878);
#675=LINE('',#3194,#879);
#676=LINE('',#3196,#880);
#677=LINE('',#3200,#881);
#678=LINE('',#3204,#882);
#679=LINE('',#3206,#883);
#680=LINE('',#3208,#884);
#681=LINE('',#3210,#885);
#682=LINE('',#3212,#886);
#683=LINE('',#3214,#887);
#684=LINE('',#3216,#888);
#685=LINE('',#3218,#889);
#686=LINE('',#3220,#890);
#687=LINE('',#3222,#891);
#688=LINE('',#3224,#892);
#689=LINE('',#3226,#893);
#690=LINE('',#3228,#894);
#691=LINE('',#3230,#895);
#692=LINE('',#3232,#896);
#693=LINE('',#3242,#897);
#694=LINE('',#3243,#898);
#695=LINE('',#3245,#899);
#696=LINE('',#3247,#900);
#697=LINE('',#3249,#901);
#698=LINE('',#3251,#902);
#699=LINE('',#3254,#903);
#700=LINE('',#3256,#904);
#701=LINE('',#3258,#905);
#702=LINE('',#3260,#906);
#703=LINE('',#3263,#907);
#704=LINE('',#3265,#908);
#705=LINE('',#3267,#909);
#706=LINE('',#3269,#910);
#707=LINE('',#3273,#911);
#708=LINE('',#3275,#912);
#709=LINE('',#3277,#913);
#710=LINE('',#3279,#914);
#711=LINE('',#3281,#915);
#712=LINE('',#3283,#916);
#713=LINE('',#3285,#917);
#714=LINE('',#3287,#918);
#715=LINE('',#3289,#919);
#716=LINE('',#3291,#920);
#717=LINE('',#3293,#921);
#718=LINE('',#3295,#922);
#719=LINE('',#3297,#923);
#720=LINE('',#3299,#924);
#721=LINE('',#3301,#925);
#722=LINE('',#3302,#926);
#723=LINE('',#3304,#927);
#724=LINE('',#3306,#928);
#725=LINE('',#3310,#929);
#726=LINE('',#3312,#930);
#727=LINE('',#3314,#931);
#728=LINE('',#3316,#932);
#729=LINE('',#3318,#933);
#730=LINE('',#3319,#934);
#731=LINE('',#3321,#935);
#732=LINE('',#3323,#936);
#733=LINE('',#3327,#937);
#734=LINE('',#3329,#938);
#735=LINE('',#3331,#939);
#736=LINE('',#3333,#940);
#737=LINE('',#3335,#941);
#738=LINE('',#3336,#942);
#739=LINE('',#3340,#943);
#740=LINE('',#3342,#944);
#741=LINE('',#3344,#945);
#742=LINE('',#3346,#946);
#743=LINE('',#3363,#947);
#744=LINE('',#3365,#948);
#745=LINE('',#3369,#949);
#746=LINE('',#3371,#950);
#747=LINE('',#3373,#951);
#748=LINE('',#3375,#952);
#749=LINE('',#3377,#953);
#750=LINE('',#3379,#954);
#751=LINE('',#3381,#955);
#752=LINE('',#3383,#956);
#753=LINE('',#3385,#957);
#754=LINE('',#3387,#958);
#755=LINE('',#3389,#959);
#756=LINE('',#3391,#960);
#757=LINE('',#3393,#961);
#758=LINE('',#3395,#962);
#759=LINE('',#3397,#963);
#760=LINE('',#3399,#964);
#761=LINE('',#3401,#965);
#762=LINE('',#3405,#966);
#763=LINE('',#3407,#967);
#764=LINE('',#3409,#968);
#765=LINE('',#3411,#969);
#766=LINE('',#3413,#970);
#767=LINE('',#3415,#971);
#768=LINE('',#3417,#972);
#769=LINE('',#3419,#973);
#770=LINE('',#3421,#974);
#771=LINE('',#3423,#975);
#772=LINE('',#3425,#976);
#773=LINE('',#3427,#977);
#774=LINE('',#3429,#978);
#775=LINE('',#3431,#979);
#776=LINE('',#3437,#980);
#777=LINE('',#3439,#981);
#778=LINE('',#3441,#982);
#779=LINE('',#3443,#983);
#780=LINE('',#3445,#984);
#781=LINE('',#3447,#985);
#782=LINE('',#3449,#986);
#783=LINE('',#3451,#987);
#784=LINE('',#3453,#988);
#785=LINE('',#3455,#989);
#786=LINE('',#3457,#990);
#787=LINE('',#3459,#991);
#788=LINE('',#3461,#992);
#789=LINE('',#3463,#993);
#790=LINE('',#3465,#994);
#791=LINE('',#3467,#995);
#792=LINE('',#3469,#996);
#793=LINE('',#3475,#997);
#794=LINE('',#3477,#998);
#795=LINE('',#3479,#999);
#796=LINE('',#3481,#1000);
#797=LINE('',#3483,#1001);
#798=LINE('',#3485,#1002);
#799=LINE('',#3488,#1003);
#800=LINE('',#3489,#1004);
#801=LINE('',#3491,#1005);
#802=LINE('',#3493,#1006);
#803=LINE('',#3495,#1007);
#804=LINE('',#3497,#1008);
#805=LINE('',#3499,#1009);
#806=LINE('',#3501,#1010);
#807=LINE('',#3506,#1011);
#808=LINE('',#3508,#1012);
#809=LINE('',#3509,#1013);
#810=LINE('',#3510,#1014);
#811=LINE('',#3511,#1015);
#812=LINE('',#3513,#1016);
#813=LINE('',#3517,#1017);
#814=LINE('',#3646,#1018);
#815=LINE('',#3650,#1019);
#816=LINE('',#3652,#1020);
#817=LINE('',#3654,#1021);
#818=LINE('',#3657,#1022);
#819=LINE('',#3658,#1023);
#820=LINE('',#3660,#1024);
#821=LINE('',#3662,#1025);
#822=LINE('',#3664,#1026);
#823=LINE('',#3666,#1027);
#824=LINE('',#3675,#1028);
#825=LINE('',#3677,#1029);
#826=LINE('',#3679,#1030);
#827=LINE('',#3713,#1031);
#828=LINE('',#3716,#1032);
#829=LINE('',#3718,#1033);
#830=LINE('',#3720,#1034);
#831=LINE('',#3722,#1035);
#832=LINE('',#3724,#1036);
#833=LINE('',#3726,#1037);
#834=LINE('',#3728,#1038);
#835=LINE('',#3730,#1039);
#836=LINE('',#3732,#1040);
#837=LINE('',#3737,#1041);
#838=LINE('',#3741,#1042);
#839=LINE('',#3743,#1043);
#840=LINE('',#3746,#1044);
#841=LINE('',#3748,#1045);
#842=LINE('',#3750,#1046);
#843=LINE('',#3755,#1047);
#844=LINE('',#3759,#1048);
#845=LINE('',#3769,#1049);
#846=LINE('',#3772,#1050);
#847=LINE('',#3774,#1051);
#848=LINE('',#3776,#1052);
#849=LINE('',#3781,#1053);
#850=LINE('',#3785,#1054);
#851=LINE('',#3787,#1055);
#852=LINE('',#3790,#1056);
#853=LINE('',#3792,#1057);
#854=LINE('',#3794,#1058);
#855=LINE('',#3799,#1059);
#856=LINE('',#3803,#1060);
#857=LINE('',#3805,#1061);
#858=LINE('',#3808,#1062);
#859=LINE('',#3810,#1063);
#860=LINE('',#3812,#1064);
#861=LINE('',#3814,#1065);
#862=LINE('',#3816,#1066);
#863=LINE('',#3818,#1067);
#864=LINE('',#3820,#1068);
#865=LINE('',#3822,#1069);
#866=LINE('',#3824,#1070);
#867=LINE('',#3834,#1071);
#868=LINE('',#3835,#1072);
#869=VECTOR('',#2508,1.);
#870=VECTOR('',#2513,1.);
#871=VECTOR('',#2518,1.);
#872=VECTOR('',#2521,1.);
#873=VECTOR('',#2524,1.);
#874=VECTOR('',#2527,1.);
#875=VECTOR('',#2528,1.);
#876=VECTOR('',#2529,1.);
#877=VECTOR('',#2530,1.);
#878=VECTOR('',#2531,1.);
#879=VECTOR('',#2532,1.);
#880=VECTOR('',#2533,1.);
#881=VECTOR('',#2538,1.);
#882=VECTOR('',#2543,1.);
#883=VECTOR('',#2544,1.);
#884=VECTOR('',#2545,1.);
#885=VECTOR('',#2546,1.);
#886=VECTOR('',#2547,1.);
#887=VECTOR('',#2550,1.);
#888=VECTOR('',#2551,1.);
#889=VECTOR('',#2552,1.);
#890=VECTOR('',#2555,1.);
#891=VECTOR('',#2556,1.);
#892=VECTOR('',#2557,1.);
#893=VECTOR('',#2558,1.);
#894=VECTOR('',#2559,1.);
#895=VECTOR('',#2560,1.);
#896=VECTOR('',#2561,1.);
#897=VECTOR('',#2566,1.);
#898=VECTOR('',#2567,1.);
#899=VECTOR('',#2570,1.);
#900=VECTOR('',#2571,1.);
#901=VECTOR('',#2572,1.);
#902=VECTOR('',#2575,1.);
#903=VECTOR('',#2576,1.);
#904=VECTOR('',#2577,1.);
#905=VECTOR('',#2578,1.);
#906=VECTOR('',#2581,1.);
#907=VECTOR('',#2582,1.);
#908=VECTOR('',#2583,1.);
#909=VECTOR('',#2584,1.);
#910=VECTOR('',#2587,1.);
#911=VECTOR('',#2590,1.);
#912=VECTOR('',#2591,1.);
#913=VECTOR('',#2594,1.);
#914=VECTOR('',#2595,1.);
#915=VECTOR('',#2596,1.);
#916=VECTOR('',#2597,1.);
#917=VECTOR('',#2598,1.);
#918=VECTOR('',#2599,1.);
#919=VECTOR('',#2600,1.);
#920=VECTOR('',#2603,1.);
#921=VECTOR('',#2604,1.);
#922=VECTOR('',#2605,1.);
#923=VECTOR('',#2608,1.);
#924=VECTOR('',#2609,1.);
#925=VECTOR('',#2610,1.);
#926=VECTOR('',#2611,1.);
#927=VECTOR('',#2612,1.);
#928=VECTOR('',#2615,1.);
#929=VECTOR('',#2620,1.);
#930=VECTOR('',#2621,1.);
#931=VECTOR('',#2622,1.);
#932=VECTOR('',#2623,1.);
#933=VECTOR('',#2624,1.);
#934=VECTOR('',#2625,1.);
#935=VECTOR('',#2626,1.);
#936=VECTOR('',#2629,1.);
#937=VECTOR('',#2634,1.);
#938=VECTOR('',#2635,1.);
#939=VECTOR('',#2636,1.);
#940=VECTOR('',#2637,1.);
#941=VECTOR('',#2638,1.);
#942=VECTOR('',#2639,1.);
#943=VECTOR('',#2644,1.);
#944=VECTOR('',#2645,1.);
#945=VECTOR('',#2646,1.);
#946=VECTOR('',#2649,1.);
#947=VECTOR('',#2682,1.);
#948=VECTOR('',#2685,1.);
#949=VECTOR('',#2688,1.);
#950=VECTOR('',#2689,1.);
#951=VECTOR('',#2690,1.);
#952=VECTOR('',#2691,1.);
#953=VECTOR('',#2692,1.);
#954=VECTOR('',#2693,1.);
#955=VECTOR('',#2694,1.);
#956=VECTOR('',#2695,1.);
#957=VECTOR('',#2696,1.);
#958=VECTOR('',#2697,1.);
#959=VECTOR('',#2698,1.);
#960=VECTOR('',#2699,1.);
#961=VECTOR('',#2700,1.);
#962=VECTOR('',#2701,1.);
#963=VECTOR('',#2702,1.);
#964=VECTOR('',#2703,1.);
#965=VECTOR('',#2704,1.);
#966=VECTOR('',#2707,1.);
#967=VECTOR('',#2710,1.);
#968=VECTOR('',#2713,1.);
#969=VECTOR('',#2714,1.);
#970=VECTOR('',#2717,1.);
#971=VECTOR('',#2718,1.);
#972=VECTOR('',#2721,1.);
#973=VECTOR('',#2722,1.);
#974=VECTOR('',#2725,1.);
#975=VECTOR('',#2726,1.);
#976=VECTOR('',#2727,1.);
#977=VECTOR('',#2730,1.);
#978=VECTOR('',#2731,1.);
#979=VECTOR('',#2732,1.);
#980=VECTOR('',#2739,1.);
#981=VECTOR('',#2740,1.);
#982=VECTOR('',#2741,1.);
#983=VECTOR('',#2744,1.);
#984=VECTOR('',#2745,1.);
#985=VECTOR('',#2748,1.);
#986=VECTOR('',#2749,1.);
#987=VECTOR('',#2752,1.);
#988=VECTOR('',#2753,1.);
#989=VECTOR('',#2756,1.);
#990=VECTOR('',#2757,1.);
#991=VECTOR('',#2760,1.);
#992=VECTOR('',#2761,1.);
#993=VECTOR('',#2764,1.);
#994=VECTOR('',#2765,1.);
#995=VECTOR('',#2768,1.);
#996=VECTOR('',#2769,1.);
#997=VECTOR('',#2776,1.);
#998=VECTOR('',#2777,1.);
#999=VECTOR('',#2780,1.);
#1000=VECTOR('',#2781,1.);
#1001=VECTOR('',#2782,1.);
#1002=VECTOR('',#2785,1.);
#1003=VECTOR('',#2786,1.);
#1004=VECTOR('',#2787,1.);
#1005=VECTOR('',#2790,1.);
#1006=VECTOR('',#2791,1.);
#1007=VECTOR('',#2794,1.);
#1008=VECTOR('',#2797,1.);
#1009=VECTOR('',#2800,1.);
#1010=VECTOR('',#2803,1.);
#1011=VECTOR('',#2808,1.);
#1012=VECTOR('',#2811,1.);
#1013=VECTOR('',#2812,1.);
#1014=VECTOR('',#2813,1.);
#1015=VECTOR('',#2814,1.);
#1016=VECTOR('',#2817,1.);
#1017=VECTOR('',#2820,1.);
#1018=VECTOR('',#2875,1.);
#1019=VECTOR('',#2880,1.);
#1020=VECTOR('',#2881,1.);
#1021=VECTOR('',#2884,1.);
#1022=VECTOR('',#2885,1.);
#1023=VECTOR('',#2886,1.);
#1024=VECTOR('',#2889,1.);
#1025=VECTOR('',#2890,1.);
#1026=VECTOR('',#2891,1.);
#1027=VECTOR('',#2894,1.);
#1028=VECTOR('',#2909,1.);
#1029=VECTOR('',#2910,1.);
#1030=VECTOR('',#2911,1.);
#1031=VECTOR('',#2968,1.);
#1032=VECTOR('',#2969,1.);
#1033=VECTOR('',#2970,1.);
#1034=VECTOR('',#2971,1.);
#1035=VECTOR('',#2974,1.);
#1036=VECTOR('',#2975,1.);
#1037=VECTOR('',#2976,1.);
#1038=VECTOR('',#2979,1.);
#1039=VECTOR('',#2980,1.);
#1040=VECTOR('',#2981,1.);
#1041=VECTOR('',#2986,1.);
#1042=VECTOR('',#2989,1.);
#1043=VECTOR('',#2992,1.);
#1044=VECTOR('',#2993,1.);
#1045=VECTOR('',#2994,1.);
#1046=VECTOR('',#2995,1.);
#1047=VECTOR('',#3000,1.);
#1048=VECTOR('',#3003,1.);
#1049=VECTOR('',#3014,1.);
#1050=VECTOR('',#3015,1.);
#1051=VECTOR('',#3016,1.);
#1052=VECTOR('',#3017,1.);
#1053=VECTOR('',#3022,1.);
#1054=VECTOR('',#3025,1.);
#1055=VECTOR('',#3028,1.);
#1056=VECTOR('',#3029,1.);
#1057=VECTOR('',#3030,1.);
#1058=VECTOR('',#3031,1.);
#1059=VECTOR('',#3036,1.);
#1060=VECTOR('',#3039,1.);
#1061=VECTOR('',#3042,1.);
#1062=VECTOR('',#3043,1.);
#1063=VECTOR('',#3044,1.);
#1064=VECTOR('',#3045,1.);
#1065=VECTOR('',#3048,1.);
#1066=VECTOR('',#3049,1.);
#1067=VECTOR('',#3050,1.);
#1068=VECTOR('',#3053,1.);
#1069=VECTOR('',#3054,1.);
#1070=VECTOR('',#3055,1.);
#1071=VECTOR('',#3066,1.);
#1072=VECTOR('',#3067,1.);
#1073=ORIENTED_EDGE('',*,*,#1883,.F.);
#1074=ORIENTED_EDGE('',*,*,#1884,.T.);
#1075=ORIENTED_EDGE('',*,*,#1885,.F.);
#1076=ORIENTED_EDGE('',*,*,#1886,.T.);
#1077=ORIENTED_EDGE('',*,*,#1887,.F.);
#1078=ORIENTED_EDGE('',*,*,#1888,.T.);
#1079=ORIENTED_EDGE('',*,*,#1887,.T.);
#1080=ORIENTED_EDGE('',*,*,#1889,.F.);
#1081=ORIENTED_EDGE('',*,*,#1890,.F.);
#1082=ORIENTED_EDGE('',*,*,#1891,.T.);
#1083=ORIENTED_EDGE('',*,*,#1889,.T.);
#1084=ORIENTED_EDGE('',*,*,#1892,.F.);
#1085=ORIENTED_EDGE('',*,*,#1893,.F.);
#1086=ORIENTED_EDGE('',*,*,#1894,.T.);
#1087=ORIENTED_EDGE('',*,*,#1895,.T.);
#1088=ORIENTED_EDGE('',*,*,#1896,.T.);
#1089=ORIENTED_EDGE('',*,*,#1897,.F.);
#1090=ORIENTED_EDGE('',*,*,#1898,.F.);
#1091=ORIENTED_EDGE('',*,*,#1899,.T.);
#1092=ORIENTED_EDGE('',*,*,#1900,.F.);
#1093=ORIENTED_EDGE('',*,*,#1901,.F.);
#1094=ORIENTED_EDGE('',*,*,#1897,.T.);
#1095=ORIENTED_EDGE('',*,*,#1900,.T.);
#1096=ORIENTED_EDGE('',*,*,#1902,.F.);
#1097=ORIENTED_EDGE('',*,*,#1903,.F.);
#1098=ORIENTED_EDGE('',*,*,#1904,.T.);
#1099=ORIENTED_EDGE('',*,*,#1905,.F.);
#1100=ORIENTED_EDGE('',*,*,#1906,.F.);
#1101=ORIENTED_EDGE('',*,*,#1905,.T.);
#1102=ORIENTED_EDGE('',*,*,#1907,.T.);
#1103=ORIENTED_EDGE('',*,*,#1908,.F.);
#1104=ORIENTED_EDGE('',*,*,#1909,.F.);
#1105=ORIENTED_EDGE('',*,*,#1908,.T.);
#1106=ORIENTED_EDGE('',*,*,#1910,.T.);
#1107=ORIENTED_EDGE('',*,*,#1911,.T.);
#1108=ORIENTED_EDGE('',*,*,#1912,.T.);
#1109=ORIENTED_EDGE('',*,*,#1913,.T.);
#1110=ORIENTED_EDGE('',*,*,#1914,.F.);
#1111=ORIENTED_EDGE('',*,*,#1915,.F.);
#1112=ORIENTED_EDGE('',*,*,#1916,.F.);
#1113=ORIENTED_EDGE('',*,*,#1917,.F.);
#1114=ORIENTED_EDGE('',*,*,#1918,.T.);
#1115=ORIENTED_EDGE('',*,*,#1919,.F.);
#1116=ORIENTED_EDGE('',*,*,#1915,.T.);
#1117=ORIENTED_EDGE('',*,*,#1920,.T.);
#1118=ORIENTED_EDGE('',*,*,#1921,.T.);
#1119=ORIENTED_EDGE('',*,*,#1922,.T.);
#1120=ORIENTED_EDGE('',*,*,#1923,.T.);
#1121=ORIENTED_EDGE('',*,*,#1917,.T.);
#1122=ORIENTED_EDGE('',*,*,#1924,.T.);
#1123=ORIENTED_EDGE('',*,*,#1925,.T.);
#1124=ORIENTED_EDGE('',*,*,#1926,.T.);
#1125=ORIENTED_EDGE('',*,*,#1927,.T.);
#1126=ORIENTED_EDGE('',*,*,#1928,.F.);
#1127=ORIENTED_EDGE('',*,*,#1929,.T.);
#1128=ORIENTED_EDGE('',*,*,#1930,.T.);
#1129=ORIENTED_EDGE('',*,*,#1931,.T.);
#1130=ORIENTED_EDGE('',*,*,#1932,.F.);
#1131=ORIENTED_EDGE('',*,*,#1933,.T.);
#1132=ORIENTED_EDGE('',*,*,#1928,.T.);
#1133=ORIENTED_EDGE('',*,*,#1934,.T.);
#1134=ORIENTED_EDGE('',*,*,#1935,.F.);
#1135=ORIENTED_EDGE('',*,*,#1935,.T.);
#1136=ORIENTED_EDGE('',*,*,#1936,.F.);
#1137=ORIENTED_EDGE('',*,*,#1937,.F.);
#1138=ORIENTED_EDGE('',*,*,#1938,.T.);
#1139=ORIENTED_EDGE('',*,*,#1939,.F.);
#1140=ORIENTED_EDGE('',*,*,#1940,.T.);
#1141=ORIENTED_EDGE('',*,*,#1941,.F.);
#1142=ORIENTED_EDGE('',*,*,#1942,.F.);
#1143=ORIENTED_EDGE('',*,*,#1941,.T.);
#1144=ORIENTED_EDGE('',*,*,#1943,.T.);
#1145=ORIENTED_EDGE('',*,*,#1944,.F.);
#1146=ORIENTED_EDGE('',*,*,#1945,.F.);
#1147=ORIENTED_EDGE('',*,*,#1944,.T.);
#1148=ORIENTED_EDGE('',*,*,#1946,.T.);
#1149=ORIENTED_EDGE('',*,*,#1947,.T.);
#1150=ORIENTED_EDGE('',*,*,#1948,.T.);
#1151=ORIENTED_EDGE('',*,*,#1949,.F.);
#1152=ORIENTED_EDGE('',*,*,#1950,.F.);
#1153=ORIENTED_EDGE('',*,*,#1883,.T.);
#1154=ORIENTED_EDGE('',*,*,#1951,.F.);
#1155=ORIENTED_EDGE('',*,*,#1952,.F.);
#1156=ORIENTED_EDGE('',*,*,#1949,.T.);
#1157=ORIENTED_EDGE('',*,*,#1951,.T.);
#1158=ORIENTED_EDGE('',*,*,#1953,.F.);
#1159=ORIENTED_EDGE('',*,*,#1954,.F.);
#1160=ORIENTED_EDGE('',*,*,#1955,.T.);
#1161=ORIENTED_EDGE('',*,*,#1956,.T.);
#1162=ORIENTED_EDGE('',*,*,#1957,.T.);
#1163=ORIENTED_EDGE('',*,*,#1958,.F.);
#1164=ORIENTED_EDGE('',*,*,#1959,.F.);
#1165=ORIENTED_EDGE('',*,*,#1885,.T.);
#1166=ORIENTED_EDGE('',*,*,#1960,.F.);
#1167=ORIENTED_EDGE('',*,*,#1961,.F.);
#1168=ORIENTED_EDGE('',*,*,#1958,.T.);
#1169=ORIENTED_EDGE('',*,*,#1960,.T.);
#1170=ORIENTED_EDGE('',*,*,#1962,.F.);
#1171=ORIENTED_EDGE('',*,*,#1963,.F.);
#1172=ORIENTED_EDGE('',*,*,#1964,.T.);
#1173=ORIENTED_EDGE('',*,*,#1965,.T.);
#1174=ORIENTED_EDGE('',*,*,#1966,.T.);
#1175=ORIENTED_EDGE('',*,*,#1891,.F.);
#1176=ORIENTED_EDGE('',*,*,#1967,.F.);
#1177=ORIENTED_EDGE('',*,*,#1968,.F.);
#1178=ORIENTED_EDGE('',*,*,#1919,.T.);
#1179=ORIENTED_EDGE('',*,*,#1969,.T.);
#1180=ORIENTED_EDGE('',*,*,#1970,.T.);
#1181=ORIENTED_EDGE('',*,*,#1971,.T.);
#1182=ORIENTED_EDGE('',*,*,#1932,.T.);
#1183=ORIENTED_EDGE('',*,*,#1942,.T.);
#1184=ORIENTED_EDGE('',*,*,#1945,.T.);
#1185=ORIENTED_EDGE('',*,*,#1950,.T.);
#1186=ORIENTED_EDGE('',*,*,#1952,.T.);
#1187=ORIENTED_EDGE('',*,*,#1959,.T.);
#1188=ORIENTED_EDGE('',*,*,#1961,.T.);
#1189=ORIENTED_EDGE('',*,*,#1967,.T.);
#1190=ORIENTED_EDGE('',*,*,#1890,.T.);
#1191=ORIENTED_EDGE('',*,*,#1898,.T.);
#1192=ORIENTED_EDGE('',*,*,#1901,.T.);
#1193=ORIENTED_EDGE('',*,*,#1906,.T.);
#1194=ORIENTED_EDGE('',*,*,#1909,.T.);
#1195=ORIENTED_EDGE('',*,*,#1916,.T.);
#1196=ORIENTED_EDGE('',*,*,#1899,.F.);
#1197=ORIENTED_EDGE('',*,*,#1972,.T.);
#1198=ORIENTED_EDGE('',*,*,#1933,.F.);
#1199=ORIENTED_EDGE('',*,*,#1971,.F.);
#1200=ORIENTED_EDGE('',*,*,#1973,.F.);
#1201=ORIENTED_EDGE('',*,*,#1929,.F.);
#1202=ORIENTED_EDGE('',*,*,#1974,.F.);
#1203=ORIENTED_EDGE('',*,*,#1930,.F.);
#1204=ORIENTED_EDGE('',*,*,#1975,.F.);
#1205=ORIENTED_EDGE('',*,*,#1927,.F.);
#1206=ORIENTED_EDGE('',*,*,#1975,.T.);
#1207=ORIENTED_EDGE('',*,*,#1973,.T.);
#1208=ORIENTED_EDGE('',*,*,#1976,.F.);
#1209=ORIENTED_EDGE('',*,*,#1918,.F.);
#1210=ORIENTED_EDGE('',*,*,#1923,.F.);
#1211=ORIENTED_EDGE('',*,*,#1977,.F.);
#1212=ORIENTED_EDGE('',*,*,#1969,.F.);
#1213=ORIENTED_EDGE('',*,*,#1976,.T.);
#1214=ORIENTED_EDGE('',*,*,#1970,.F.);
#1215=ORIENTED_EDGE('',*,*,#1978,.F.);
#1216=ORIENTED_EDGE('',*,*,#1924,.F.);
#1217=ORIENTED_EDGE('',*,*,#1978,.T.);
#1218=ORIENTED_EDGE('',*,*,#1977,.T.);
#1219=ORIENTED_EDGE('',*,*,#1979,.F.);
#1220=ORIENTED_EDGE('',*,*,#1979,.T.);
#1221=ORIENTED_EDGE('',*,*,#1922,.F.);
#1222=ORIENTED_EDGE('',*,*,#1980,.F.);
#1223=ORIENTED_EDGE('',*,*,#1925,.F.);
#1224=ORIENTED_EDGE('',*,*,#1920,.F.);
#1225=ORIENTED_EDGE('',*,*,#1914,.T.);
#1226=ORIENTED_EDGE('',*,*,#1981,.T.);
#1227=ORIENTED_EDGE('',*,*,#1921,.F.);
#1228=ORIENTED_EDGE('',*,*,#1982,.T.);
#1229=ORIENTED_EDGE('',*,*,#1983,.T.);
#1230=ORIENTED_EDGE('',*,*,#1984,.T.);
#1231=ORIENTED_EDGE('',*,*,#1985,.T.);
#1232=ORIENTED_EDGE('',*,*,#1986,.T.);
#1233=ORIENTED_EDGE('',*,*,#1987,.T.);
#1234=ORIENTED_EDGE('',*,*,#1988,.T.);
#1235=ORIENTED_EDGE('',*,*,#1989,.T.);
#1236=ORIENTED_EDGE('',*,*,#1990,.T.);
#1237=ORIENTED_EDGE('',*,*,#1991,.T.);
#1238=ORIENTED_EDGE('',*,*,#1992,.T.);
#1239=ORIENTED_EDGE('',*,*,#1993,.T.);
#1240=ORIENTED_EDGE('',*,*,#1994,.T.);
#1241=ORIENTED_EDGE('',*,*,#1995,.T.);
#1242=ORIENTED_EDGE('',*,*,#1996,.T.);
#1243=ORIENTED_EDGE('',*,*,#1997,.T.);
#1244=ORIENTED_EDGE('',*,*,#1998,.T.);
#1245=ORIENTED_EDGE('',*,*,#1999,.T.);
#1246=ORIENTED_EDGE('',*,*,#2000,.T.);
#1247=ORIENTED_EDGE('',*,*,#2001,.T.);
#1248=ORIENTED_EDGE('',*,*,#2002,.T.);
#1249=ORIENTED_EDGE('',*,*,#1931,.F.);
#1250=ORIENTED_EDGE('',*,*,#1974,.T.);
#1251=ORIENTED_EDGE('',*,*,#1926,.F.);
#1252=ORIENTED_EDGE('',*,*,#1980,.T.);
#1253=ORIENTED_EDGE('',*,*,#1934,.F.);
#1254=ORIENTED_EDGE('',*,*,#2003,.T.);
#1255=ORIENTED_EDGE('',*,*,#1936,.T.);
#1256=ORIENTED_EDGE('',*,*,#1912,.F.);
#1257=ORIENTED_EDGE('',*,*,#2004,.T.);
#1258=ORIENTED_EDGE('',*,*,#2005,.F.);
#1259=ORIENTED_EDGE('',*,*,#2006,.F.);
#1260=ORIENTED_EDGE('',*,*,#2007,.T.);
#1261=ORIENTED_EDGE('',*,*,#1938,.F.);
#1262=ORIENTED_EDGE('',*,*,#2005,.T.);
#1263=ORIENTED_EDGE('',*,*,#2008,.T.);
#1264=ORIENTED_EDGE('',*,*,#2009,.T.);
#1265=ORIENTED_EDGE('',*,*,#1982,.F.);
#1266=ORIENTED_EDGE('',*,*,#1981,.F.);
#1267=ORIENTED_EDGE('',*,*,#1913,.F.);
#1268=ORIENTED_EDGE('',*,*,#1984,.F.);
#1269=ORIENTED_EDGE('',*,*,#2010,.T.);
#1270=ORIENTED_EDGE('',*,*,#2011,.T.);
#1271=ORIENTED_EDGE('',*,*,#2012,.T.);
#1272=ORIENTED_EDGE('',*,*,#1986,.F.);
#1273=ORIENTED_EDGE('',*,*,#2013,.T.);
#1274=ORIENTED_EDGE('',*,*,#2014,.T.);
#1275=ORIENTED_EDGE('',*,*,#2015,.T.);
#1276=ORIENTED_EDGE('',*,*,#2016,.T.);
#1277=ORIENTED_EDGE('',*,*,#2017,.T.);
#1278=ORIENTED_EDGE('',*,*,#1988,.F.);
#1279=ORIENTED_EDGE('',*,*,#2018,.T.);
#1280=ORIENTED_EDGE('',*,*,#2019,.T.);
#1281=ORIENTED_EDGE('',*,*,#2020,.T.);
#1282=ORIENTED_EDGE('',*,*,#1989,.F.);
#1283=ORIENTED_EDGE('',*,*,#2020,.F.);
#1284=ORIENTED_EDGE('',*,*,#2021,.T.);
#1285=ORIENTED_EDGE('',*,*,#2022,.T.);
#1286=ORIENTED_EDGE('',*,*,#1990,.F.);
#1287=ORIENTED_EDGE('',*,*,#2022,.F.);
#1288=ORIENTED_EDGE('',*,*,#2023,.T.);
#1289=ORIENTED_EDGE('',*,*,#2024,.T.);
#1290=ORIENTED_EDGE('',*,*,#1991,.F.);
#1291=ORIENTED_EDGE('',*,*,#2024,.F.);
#1292=ORIENTED_EDGE('',*,*,#2025,.T.);
#1293=ORIENTED_EDGE('',*,*,#2026,.T.);
#1294=ORIENTED_EDGE('',*,*,#1992,.F.);
#1295=ORIENTED_EDGE('',*,*,#2026,.F.);
#1296=ORIENTED_EDGE('',*,*,#2027,.T.);
#1297=ORIENTED_EDGE('',*,*,#2028,.T.);
#1298=ORIENTED_EDGE('',*,*,#1993,.F.);
#1299=ORIENTED_EDGE('',*,*,#2028,.F.);
#1300=ORIENTED_EDGE('',*,*,#2029,.T.);
#1301=ORIENTED_EDGE('',*,*,#2030,.T.);
#1302=ORIENTED_EDGE('',*,*,#1994,.F.);
#1303=ORIENTED_EDGE('',*,*,#2030,.F.);
#1304=ORIENTED_EDGE('',*,*,#2031,.T.);
#1305=ORIENTED_EDGE('',*,*,#2032,.T.);
#1306=ORIENTED_EDGE('',*,*,#1995,.F.);
#1307=ORIENTED_EDGE('',*,*,#2032,.F.);
#1308=ORIENTED_EDGE('',*,*,#2033,.T.);
#1309=ORIENTED_EDGE('',*,*,#2034,.T.);
#1310=ORIENTED_EDGE('',*,*,#2035,.T.);
#1311=ORIENTED_EDGE('',*,*,#2036,.T.);
#1312=ORIENTED_EDGE('',*,*,#2037,.T.);
#1313=ORIENTED_EDGE('',*,*,#2038,.T.);
#1314=ORIENTED_EDGE('',*,*,#1996,.F.);
#1315=ORIENTED_EDGE('',*,*,#2034,.F.);
#1316=ORIENTED_EDGE('',*,*,#1998,.F.);
#1317=ORIENTED_EDGE('',*,*,#2039,.T.);
#1318=ORIENTED_EDGE('',*,*,#2040,.T.);
#1319=ORIENTED_EDGE('',*,*,#2041,.T.);
#1320=ORIENTED_EDGE('',*,*,#2042,.T.);
#1321=ORIENTED_EDGE('',*,*,#2043,.T.);
#1322=ORIENTED_EDGE('',*,*,#2000,.F.);
#1323=ORIENTED_EDGE('',*,*,#2044,.T.);
#1324=ORIENTED_EDGE('',*,*,#2002,.F.);
#1325=ORIENTED_EDGE('',*,*,#2045,.T.);
#1326=ORIENTED_EDGE('',*,*,#2046,.T.);
#1327=ORIENTED_EDGE('',*,*,#2006,.T.);
#1328=ORIENTED_EDGE('',*,*,#1937,.T.);
#1329=ORIENTED_EDGE('',*,*,#2003,.F.);
#1330=ORIENTED_EDGE('',*,*,#1884,.F.);
#1331=ORIENTED_EDGE('',*,*,#1948,.F.);
#1332=ORIENTED_EDGE('',*,*,#2047,.T.);
#1333=ORIENTED_EDGE('',*,*,#1953,.T.);
#1334=ORIENTED_EDGE('',*,*,#1886,.F.);
#1335=ORIENTED_EDGE('',*,*,#1957,.F.);
#1336=ORIENTED_EDGE('',*,*,#2048,.T.);
#1337=ORIENTED_EDGE('',*,*,#1962,.T.);
#1338=ORIENTED_EDGE('',*,*,#1888,.F.);
#1339=ORIENTED_EDGE('',*,*,#1966,.F.);
#1340=ORIENTED_EDGE('',*,*,#2049,.T.);
#1341=ORIENTED_EDGE('',*,*,#1892,.T.);
#1342=ORIENTED_EDGE('',*,*,#1972,.F.);
#1343=ORIENTED_EDGE('',*,*,#1896,.F.);
#1344=ORIENTED_EDGE('',*,*,#2050,.T.);
#1345=ORIENTED_EDGE('',*,*,#1902,.T.);
#1346=ORIENTED_EDGE('',*,*,#2051,.F.);
#1347=ORIENTED_EDGE('',*,*,#2052,.T.);
#1348=ORIENTED_EDGE('',*,*,#2046,.F.);
#1349=ORIENTED_EDGE('',*,*,#2053,.T.);
#1350=ORIENTED_EDGE('',*,*,#2042,.F.);
#1351=ORIENTED_EDGE('',*,*,#2054,.T.);
#1352=ORIENTED_EDGE('',*,*,#2040,.F.);
#1353=ORIENTED_EDGE('',*,*,#2055,.T.);
#1354=ORIENTED_EDGE('',*,*,#2037,.F.);
#1355=ORIENTED_EDGE('',*,*,#2033,.F.);
#1356=ORIENTED_EDGE('',*,*,#2031,.F.);
#1357=ORIENTED_EDGE('',*,*,#2029,.F.);
#1358=ORIENTED_EDGE('',*,*,#2027,.F.);
#1359=ORIENTED_EDGE('',*,*,#2025,.F.);
#1360=ORIENTED_EDGE('',*,*,#2023,.F.);
#1361=ORIENTED_EDGE('',*,*,#2021,.F.);
#1362=ORIENTED_EDGE('',*,*,#2019,.F.);
#1363=ORIENTED_EDGE('',*,*,#2056,.T.);
#1364=ORIENTED_EDGE('',*,*,#2014,.F.);
#1365=ORIENTED_EDGE('',*,*,#2057,.T.);
#1366=ORIENTED_EDGE('',*,*,#2011,.F.);
#1367=ORIENTED_EDGE('',*,*,#2058,.T.);
#1368=ORIENTED_EDGE('',*,*,#2008,.F.);
#1369=ORIENTED_EDGE('',*,*,#2059,.T.);
#1370=ORIENTED_EDGE('',*,*,#2060,.F.);
#1371=ORIENTED_EDGE('',*,*,#2061,.T.);
#1372=ORIENTED_EDGE('',*,*,#2055,.F.);
#1373=ORIENTED_EDGE('',*,*,#2039,.F.);
#1374=ORIENTED_EDGE('',*,*,#1997,.F.);
#1375=ORIENTED_EDGE('',*,*,#2038,.F.);
#1376=ORIENTED_EDGE('',*,*,#2054,.F.);
#1377=ORIENTED_EDGE('',*,*,#2044,.F.);
#1378=ORIENTED_EDGE('',*,*,#1999,.F.);
#1379=ORIENTED_EDGE('',*,*,#2041,.F.);
#1380=ORIENTED_EDGE('',*,*,#2057,.F.);
#1381=ORIENTED_EDGE('',*,*,#2013,.F.);
#1382=ORIENTED_EDGE('',*,*,#1985,.F.);
#1383=ORIENTED_EDGE('',*,*,#2012,.F.);
#1384=ORIENTED_EDGE('',*,*,#2056,.F.);
#1385=ORIENTED_EDGE('',*,*,#2018,.F.);
#1386=ORIENTED_EDGE('',*,*,#1987,.F.);
#1387=ORIENTED_EDGE('',*,*,#2015,.F.);
#1388=ORIENTED_EDGE('',*,*,#2062,.T.);
#1389=ORIENTED_EDGE('',*,*,#2063,.T.);
#1390=ORIENTED_EDGE('',*,*,#2058,.F.);
#1391=ORIENTED_EDGE('',*,*,#2010,.F.);
#1392=ORIENTED_EDGE('',*,*,#1983,.F.);
#1393=ORIENTED_EDGE('',*,*,#2009,.F.);
#1394=ORIENTED_EDGE('',*,*,#2064,.T.);
#1395=ORIENTED_EDGE('',*,*,#2065,.T.);
#1396=ORIENTED_EDGE('',*,*,#2053,.F.);
#1397=ORIENTED_EDGE('',*,*,#2045,.F.);
#1398=ORIENTED_EDGE('',*,*,#2001,.F.);
#1399=ORIENTED_EDGE('',*,*,#2043,.F.);
#1400=ORIENTED_EDGE('',*,*,#2066,.F.);
#1401=ORIENTED_EDGE('',*,*,#2067,.F.);
#1402=ORIENTED_EDGE('',*,*,#2067,.T.);
#1403=ORIENTED_EDGE('',*,*,#2036,.F.);
#1404=ORIENTED_EDGE('',*,*,#2068,.F.);
#1405=ORIENTED_EDGE('',*,*,#2069,.F.);
#1406=ORIENTED_EDGE('',*,*,#2069,.T.);
#1407=ORIENTED_EDGE('',*,*,#2017,.F.);
#1408=ORIENTED_EDGE('',*,*,#2068,.T.);
#1409=ORIENTED_EDGE('',*,*,#2063,.F.);
#1410=ORIENTED_EDGE('',*,*,#2066,.T.);
#1411=ORIENTED_EDGE('',*,*,#2065,.F.);
#1412=ORIENTED_EDGE('',*,*,#2050,.F.);
#1413=ORIENTED_EDGE('',*,*,#2070,.T.);
#1414=ORIENTED_EDGE('',*,*,#2049,.F.);
#1415=ORIENTED_EDGE('',*,*,#2071,.T.);
#1416=ORIENTED_EDGE('',*,*,#2048,.F.);
#1417=ORIENTED_EDGE('',*,*,#2072,.T.);
#1418=ORIENTED_EDGE('',*,*,#2071,.F.);
#1419=ORIENTED_EDGE('',*,*,#1965,.F.);
#1420=ORIENTED_EDGE('',*,*,#2073,.T.);
#1421=ORIENTED_EDGE('',*,*,#1893,.T.);
#1422=ORIENTED_EDGE('',*,*,#2070,.F.);
#1423=ORIENTED_EDGE('',*,*,#1895,.F.);
#1424=ORIENTED_EDGE('',*,*,#2074,.T.);
#1425=ORIENTED_EDGE('',*,*,#1903,.T.);
#1426=ORIENTED_EDGE('',*,*,#2075,.T.);
#1427=ORIENTED_EDGE('',*,*,#2004,.F.);
#1428=ORIENTED_EDGE('',*,*,#1911,.F.);
#1429=ORIENTED_EDGE('',*,*,#2076,.T.);
#1430=ORIENTED_EDGE('',*,*,#2077,.F.);
#1431=ORIENTED_EDGE('',*,*,#2059,.F.);
#1432=ORIENTED_EDGE('',*,*,#2075,.F.);
#1433=ORIENTED_EDGE('',*,*,#2078,.F.);
#1434=ORIENTED_EDGE('',*,*,#2079,.F.);
#1435=ORIENTED_EDGE('',*,*,#2080,.F.);
#1436=ORIENTED_EDGE('',*,*,#2081,.F.);
#1437=ORIENTED_EDGE('',*,*,#2061,.F.);
#1438=ORIENTED_EDGE('',*,*,#2082,.F.);
#1439=ORIENTED_EDGE('',*,*,#2083,.T.);
#1440=ORIENTED_EDGE('',*,*,#2052,.F.);
#1441=ORIENTED_EDGE('',*,*,#2084,.F.);
#1442=ORIENTED_EDGE('',*,*,#2085,.F.);
#1443=ORIENTED_EDGE('',*,*,#2086,.T.);
#1444=ORIENTED_EDGE('',*,*,#1939,.T.);
#1445=ORIENTED_EDGE('',*,*,#2007,.F.);
#1446=ORIENTED_EDGE('',*,*,#2083,.F.);
#1447=ORIENTED_EDGE('',*,*,#2087,.F.);
#1448=ORIENTED_EDGE('',*,*,#2088,.F.);
#1449=ORIENTED_EDGE('',*,*,#1947,.F.);
#1450=ORIENTED_EDGE('',*,*,#2089,.T.);
#1451=ORIENTED_EDGE('',*,*,#1954,.T.);
#1452=ORIENTED_EDGE('',*,*,#2072,.F.);
#1453=ORIENTED_EDGE('',*,*,#1956,.F.);
#1454=ORIENTED_EDGE('',*,*,#2090,.T.);
#1455=ORIENTED_EDGE('',*,*,#1963,.T.);
#1456=ORIENTED_EDGE('',*,*,#2076,.F.);
#1457=ORIENTED_EDGE('',*,*,#1910,.F.);
#1458=ORIENTED_EDGE('',*,*,#1907,.F.);
#1459=ORIENTED_EDGE('',*,*,#1904,.F.);
#1460=ORIENTED_EDGE('',*,*,#2074,.F.);
#1461=ORIENTED_EDGE('',*,*,#1894,.F.);
#1462=ORIENTED_EDGE('',*,*,#2073,.F.);
#1463=ORIENTED_EDGE('',*,*,#1964,.F.);
#1464=ORIENTED_EDGE('',*,*,#2090,.F.);
#1465=ORIENTED_EDGE('',*,*,#1955,.F.);
#1466=ORIENTED_EDGE('',*,*,#2089,.F.);
#1467=ORIENTED_EDGE('',*,*,#1946,.F.);
#1468=ORIENTED_EDGE('',*,*,#1943,.F.);
#1469=ORIENTED_EDGE('',*,*,#1940,.F.);
#1470=ORIENTED_EDGE('',*,*,#2086,.F.);
#1471=ORIENTED_EDGE('',*,*,#2091,.F.);
#1472=ORIENTED_EDGE('',*,*,#2092,.F.);
#1473=ORIENTED_EDGE('',*,*,#2093,.F.);
#1474=ORIENTED_EDGE('',*,*,#2047,.F.);
#1475=ORIENTED_EDGE('',*,*,#2088,.T.);
#1476=ORIENTED_EDGE('',*,*,#2087,.T.);
#1477=ORIENTED_EDGE('',*,*,#2085,.T.);
#1478=ORIENTED_EDGE('',*,*,#2094,.T.);
#1479=ORIENTED_EDGE('',*,*,#2091,.T.);
#1480=ORIENTED_EDGE('',*,*,#2051,.T.);
#1481=ORIENTED_EDGE('',*,*,#2081,.T.);
#1482=ORIENTED_EDGE('',*,*,#2095,.T.);
#1483=ORIENTED_EDGE('',*,*,#2084,.T.);
#1484=ORIENTED_EDGE('',*,*,#2095,.F.);
#1485=ORIENTED_EDGE('',*,*,#2096,.T.);
#1486=ORIENTED_EDGE('',*,*,#2094,.F.);
#1487=ORIENTED_EDGE('',*,*,#2077,.T.);
#1488=ORIENTED_EDGE('',*,*,#2093,.T.);
#1489=ORIENTED_EDGE('',*,*,#2097,.T.);
#1490=ORIENTED_EDGE('',*,*,#2078,.T.);
#1491=ORIENTED_EDGE('',*,*,#2096,.F.);
#1492=ORIENTED_EDGE('',*,*,#2080,.T.);
#1493=ORIENTED_EDGE('',*,*,#2098,.T.);
#1494=ORIENTED_EDGE('',*,*,#2092,.T.);
#1495=ORIENTED_EDGE('',*,*,#2098,.F.);
#1496=ORIENTED_EDGE('',*,*,#2099,.T.);
#1497=ORIENTED_EDGE('',*,*,#2097,.F.);
#1498=ORIENTED_EDGE('',*,*,#2099,.F.);
#1499=ORIENTED_EDGE('',*,*,#2082,.T.);
#1500=ORIENTED_EDGE('',*,*,#2060,.T.);
#1501=ORIENTED_EDGE('',*,*,#2079,.T.);
#1502=ORIENTED_EDGE('',*,*,#2100,.F.);
#1503=ORIENTED_EDGE('',*,*,#1968,.T.);
#1504=ORIENTED_EDGE('',*,*,#2100,.T.);
#1505=ORIENTED_EDGE('',*,*,#2101,.F.);
#1506=ORIENTED_EDGE('',*,*,#2102,.F.);
#1507=ORIENTED_EDGE('',*,*,#2102,.T.);
#1508=ORIENTED_EDGE('',*,*,#2035,.F.);
#1509=ORIENTED_EDGE('',*,*,#2103,.F.);
#1510=ORIENTED_EDGE('',*,*,#2104,.F.);
#1511=ORIENTED_EDGE('',*,*,#2104,.T.);
#1512=ORIENTED_EDGE('',*,*,#2016,.F.);
#1513=ORIENTED_EDGE('',*,*,#2103,.T.);
#1514=ORIENTED_EDGE('',*,*,#2062,.F.);
#1515=ORIENTED_EDGE('',*,*,#2101,.T.);
#1516=ORIENTED_EDGE('',*,*,#2064,.F.);
#1517=ORIENTED_EDGE('',*,*,#2105,.T.);
#1518=ORIENTED_EDGE('',*,*,#2106,.F.);
#1519=ORIENTED_EDGE('',*,*,#2107,.F.);
#1520=ORIENTED_EDGE('',*,*,#2108,.T.);
#1521=ORIENTED_EDGE('',*,*,#2109,.T.);
#1522=ORIENTED_EDGE('',*,*,#2110,.F.);
#1523=ORIENTED_EDGE('',*,*,#2111,.F.);
#1524=ORIENTED_EDGE('',*,*,#2106,.T.);
#1525=ORIENTED_EDGE('',*,*,#2112,.T.);
#1526=ORIENTED_EDGE('',*,*,#2113,.T.);
#1527=ORIENTED_EDGE('',*,*,#2114,.F.);
#1528=ORIENTED_EDGE('',*,*,#2110,.T.);
#1529=ORIENTED_EDGE('',*,*,#2115,.F.);
#1530=ORIENTED_EDGE('',*,*,#2116,.T.);
#1531=ORIENTED_EDGE('',*,*,#2117,.T.);
#1532=ORIENTED_EDGE('',*,*,#2118,.T.);
#1533=ORIENTED_EDGE('',*,*,#2119,.F.);
#1534=ORIENTED_EDGE('',*,*,#2120,.T.);
#1535=ORIENTED_EDGE('',*,*,#2121,.T.);
#1536=ORIENTED_EDGE('',*,*,#2122,.T.);
#1537=ORIENTED_EDGE('',*,*,#2123,.F.);
#1538=ORIENTED_EDGE('',*,*,#2124,.T.);
#1539=ORIENTED_EDGE('',*,*,#2125,.T.);
#1540=ORIENTED_EDGE('',*,*,#2126,.T.);
#1541=ORIENTED_EDGE('',*,*,#2127,.T.);
#1542=ORIENTED_EDGE('',*,*,#2128,.T.);
#1543=ORIENTED_EDGE('',*,*,#2129,.T.);
#1544=ORIENTED_EDGE('',*,*,#2130,.T.);
#1545=ORIENTED_EDGE('',*,*,#2131,.F.);
#1546=ORIENTED_EDGE('',*,*,#2132,.T.);
#1547=ORIENTED_EDGE('',*,*,#2133,.T.);
#1548=ORIENTED_EDGE('',*,*,#2134,.T.);
#1549=ORIENTED_EDGE('',*,*,#2135,.T.);
#1550=ORIENTED_EDGE('',*,*,#2136,.T.);
#1551=ORIENTED_EDGE('',*,*,#2137,.F.);
#1552=ORIENTED_EDGE('',*,*,#2138,.T.);
#1553=ORIENTED_EDGE('',*,*,#2139,.T.);
#1554=ORIENTED_EDGE('',*,*,#2140,.T.);
#1555=ORIENTED_EDGE('',*,*,#2141,.F.);
#1556=ORIENTED_EDGE('',*,*,#2142,.T.);
#1557=ORIENTED_EDGE('',*,*,#2143,.T.);
#1558=ORIENTED_EDGE('',*,*,#2144,.T.);
#1559=ORIENTED_EDGE('',*,*,#2145,.F.);
#1560=ORIENTED_EDGE('',*,*,#2146,.T.);
#1561=ORIENTED_EDGE('',*,*,#2147,.F.);
#1562=ORIENTED_EDGE('',*,*,#2148,.T.);
#1563=ORIENTED_EDGE('',*,*,#2149,.T.);
#1564=ORIENTED_EDGE('',*,*,#2150,.F.);
#1565=ORIENTED_EDGE('',*,*,#2151,.T.);
#1566=ORIENTED_EDGE('',*,*,#2152,.F.);
#1567=ORIENTED_EDGE('',*,*,#2153,.F.);
#1568=ORIENTED_EDGE('',*,*,#2150,.T.);
#1569=ORIENTED_EDGE('',*,*,#2154,.T.);
#1570=ORIENTED_EDGE('',*,*,#2155,.F.);
#1571=ORIENTED_EDGE('',*,*,#2156,.F.);
#1572=ORIENTED_EDGE('',*,*,#2152,.T.);
#1573=ORIENTED_EDGE('',*,*,#2157,.T.);
#1574=ORIENTED_EDGE('',*,*,#2158,.T.);
#1575=ORIENTED_EDGE('',*,*,#2159,.T.);
#1576=ORIENTED_EDGE('',*,*,#2160,.T.);
#1577=ORIENTED_EDGE('',*,*,#2161,.T.);
#1578=ORIENTED_EDGE('',*,*,#2108,.F.);
#1579=ORIENTED_EDGE('',*,*,#2162,.F.);
#1580=ORIENTED_EDGE('',*,*,#2155,.T.);
#1581=ORIENTED_EDGE('',*,*,#2115,.T.);
#1582=ORIENTED_EDGE('',*,*,#2163,.T.);
#1583=ORIENTED_EDGE('',*,*,#2119,.T.);
#1584=ORIENTED_EDGE('',*,*,#2164,.T.);
#1585=ORIENTED_EDGE('',*,*,#2123,.T.);
#1586=ORIENTED_EDGE('',*,*,#2165,.T.);
#1587=ORIENTED_EDGE('',*,*,#2131,.T.);
#1588=ORIENTED_EDGE('',*,*,#2166,.T.);
#1589=ORIENTED_EDGE('',*,*,#2137,.T.);
#1590=ORIENTED_EDGE('',*,*,#2167,.T.);
#1591=ORIENTED_EDGE('',*,*,#2141,.T.);
#1592=ORIENTED_EDGE('',*,*,#2168,.T.);
#1593=ORIENTED_EDGE('',*,*,#2145,.T.);
#1594=ORIENTED_EDGE('',*,*,#2169,.T.);
#1595=ORIENTED_EDGE('',*,*,#2147,.T.);
#1596=ORIENTED_EDGE('',*,*,#2153,.T.);
#1597=ORIENTED_EDGE('',*,*,#2156,.T.);
#1598=ORIENTED_EDGE('',*,*,#2162,.T.);
#1599=ORIENTED_EDGE('',*,*,#2107,.T.);
#1600=ORIENTED_EDGE('',*,*,#2111,.T.);
#1601=ORIENTED_EDGE('',*,*,#2114,.T.);
#1602=ORIENTED_EDGE('',*,*,#2170,.T.);
#1603=ORIENTED_EDGE('',*,*,#2121,.F.);
#1604=ORIENTED_EDGE('',*,*,#2171,.T.);
#1605=ORIENTED_EDGE('',*,*,#2117,.F.);
#1606=ORIENTED_EDGE('',*,*,#2172,.T.);
#1607=ORIENTED_EDGE('',*,*,#2112,.F.);
#1608=ORIENTED_EDGE('',*,*,#2109,.F.);
#1609=ORIENTED_EDGE('',*,*,#2105,.F.);
#1610=ORIENTED_EDGE('',*,*,#2161,.F.);
#1611=ORIENTED_EDGE('',*,*,#2154,.F.);
#1612=ORIENTED_EDGE('',*,*,#2151,.F.);
#1613=ORIENTED_EDGE('',*,*,#2149,.F.);
#1614=ORIENTED_EDGE('',*,*,#2173,.T.);
#1615=ORIENTED_EDGE('',*,*,#2143,.F.);
#1616=ORIENTED_EDGE('',*,*,#2174,.T.);
#1617=ORIENTED_EDGE('',*,*,#2139,.F.);
#1618=ORIENTED_EDGE('',*,*,#2175,.T.);
#1619=ORIENTED_EDGE('',*,*,#2135,.F.);
#1620=ORIENTED_EDGE('',*,*,#2176,.T.);
#1621=ORIENTED_EDGE('',*,*,#2133,.F.);
#1622=ORIENTED_EDGE('',*,*,#2177,.T.);
#1623=ORIENTED_EDGE('',*,*,#2125,.F.);
#1624=ORIENTED_EDGE('',*,*,#2178,.T.);
#1625=ORIENTED_EDGE('',*,*,#2170,.F.);
#1626=ORIENTED_EDGE('',*,*,#2113,.F.);
#1627=ORIENTED_EDGE('',*,*,#2172,.F.);
#1628=ORIENTED_EDGE('',*,*,#2116,.F.);
#1629=ORIENTED_EDGE('',*,*,#2163,.F.);
#1630=ORIENTED_EDGE('',*,*,#2118,.F.);
#1631=ORIENTED_EDGE('',*,*,#2171,.F.);
#1632=ORIENTED_EDGE('',*,*,#2120,.F.);
#1633=ORIENTED_EDGE('',*,*,#2164,.F.);
#1634=ORIENTED_EDGE('',*,*,#2122,.F.);
#1635=ORIENTED_EDGE('',*,*,#2178,.F.);
#1636=ORIENTED_EDGE('',*,*,#2124,.F.);
#1637=ORIENTED_EDGE('',*,*,#2165,.F.);
#1638=ORIENTED_EDGE('',*,*,#2126,.F.);
#1639=ORIENTED_EDGE('',*,*,#2177,.F.);
#1640=ORIENTED_EDGE('',*,*,#2132,.F.);
#1641=ORIENTED_EDGE('',*,*,#2169,.F.);
#1642=ORIENTED_EDGE('',*,*,#2144,.F.);
#1643=ORIENTED_EDGE('',*,*,#2173,.F.);
#1644=ORIENTED_EDGE('',*,*,#2148,.F.);
#1645=ORIENTED_EDGE('',*,*,#2168,.F.);
#1646=ORIENTED_EDGE('',*,*,#2140,.F.);
#1647=ORIENTED_EDGE('',*,*,#2174,.F.);
#1648=ORIENTED_EDGE('',*,*,#2146,.F.);
#1649=ORIENTED_EDGE('',*,*,#2167,.F.);
#1650=ORIENTED_EDGE('',*,*,#2136,.F.);
#1651=ORIENTED_EDGE('',*,*,#2175,.F.);
#1652=ORIENTED_EDGE('',*,*,#2142,.F.);
#1653=ORIENTED_EDGE('',*,*,#2166,.F.);
#1654=ORIENTED_EDGE('',*,*,#2134,.F.);
#1655=ORIENTED_EDGE('',*,*,#2176,.F.);
#1656=ORIENTED_EDGE('',*,*,#2138,.F.);
#1657=ORIENTED_EDGE('',*,*,#2179,.F.);
#1658=ORIENTED_EDGE('',*,*,#2160,.F.);
#1659=ORIENTED_EDGE('',*,*,#2179,.T.);
#1660=ORIENTED_EDGE('',*,*,#2180,.F.);
#1661=ORIENTED_EDGE('',*,*,#2180,.T.);
#1662=ORIENTED_EDGE('',*,*,#2130,.F.);
#1663=ORIENTED_EDGE('',*,*,#2181,.F.);
#1664=ORIENTED_EDGE('',*,*,#2159,.F.);
#1665=ORIENTED_EDGE('',*,*,#2181,.T.);
#1666=ORIENTED_EDGE('',*,*,#2182,.F.);
#1667=ORIENTED_EDGE('',*,*,#2182,.T.);
#1668=ORIENTED_EDGE('',*,*,#2129,.F.);
#1669=ORIENTED_EDGE('',*,*,#2183,.F.);
#1670=ORIENTED_EDGE('',*,*,#2158,.F.);
#1671=ORIENTED_EDGE('',*,*,#2183,.T.);
#1672=ORIENTED_EDGE('',*,*,#2184,.F.);
#1673=ORIENTED_EDGE('',*,*,#2184,.T.);
#1674=ORIENTED_EDGE('',*,*,#2128,.F.);
#1675=ORIENTED_EDGE('',*,*,#2185,.F.);
#1676=ORIENTED_EDGE('',*,*,#2157,.F.);
#1677=ORIENTED_EDGE('',*,*,#2185,.T.);
#1678=ORIENTED_EDGE('',*,*,#2186,.F.);
#1679=ORIENTED_EDGE('',*,*,#2186,.T.);
#1680=ORIENTED_EDGE('',*,*,#2127,.F.);
#1681=VERTEX_POINT('',#3164);
#1682=VERTEX_POINT('',#3165);
#1683=VERTEX_POINT('',#3169);
#1684=VERTEX_POINT('',#3170);
#1685=VERTEX_POINT('',#3174);
#1686=VERTEX_POINT('',#3175);
#1687=VERTEX_POINT('',#3179);
#1688=VERTEX_POINT('',#3181);
#1689=VERTEX_POINT('',#3185);
#1690=VERTEX_POINT('',#3187);
#1691=VERTEX_POINT('',#3189);
#1692=VERTEX_POINT('',#3191);
#1693=VERTEX_POINT('',#3193);
#1694=VERTEX_POINT('',#3195);
#1695=VERTEX_POINT('',#3199);
#1696=VERTEX_POINT('',#3201);
#1697=VERTEX_POINT('',#3205);
#1698=VERTEX_POINT('',#3207);
#1699=VERTEX_POINT('',#3209);
#1700=VERTEX_POINT('',#3211);
#1701=VERTEX_POINT('',#3215);
#1702=VERTEX_POINT('',#3217);
#1703=VERTEX_POINT('',#3221);
#1704=VERTEX_POINT('',#3223);
#1705=VERTEX_POINT('',#3225);
#1706=VERTEX_POINT('',#3227);
#1707=VERTEX_POINT('',#3229);
#1708=VERTEX_POINT('',#3231);
#1709=VERTEX_POINT('',#3238);
#1710=VERTEX_POINT('',#3239);
#1711=VERTEX_POINT('',#3241);
#1712=VERTEX_POINT('',#3246);
#1713=VERTEX_POINT('',#3248);
#1714=VERTEX_POINT('',#3252);
#1715=VERTEX_POINT('',#3253);
#1716=VERTEX_POINT('',#3255);
#1717=VERTEX_POINT('',#3257);
#1718=VERTEX_POINT('',#3261);
#1719=VERTEX_POINT('',#3262);
#1720=VERTEX_POINT('',#3264);
#1721=VERTEX_POINT('',#3266);
#1722=VERTEX_POINT('',#3270);
#1723=VERTEX_POINT('',#3271);
#1724=VERTEX_POINT('',#3274);
#1725=VERTEX_POINT('',#3278);
#1726=VERTEX_POINT('',#3280);
#1727=VERTEX_POINT('',#3282);
#1728=VERTEX_POINT('',#3284);
#1729=VERTEX_POINT('',#3286);
#1730=VERTEX_POINT('',#3288);
#1731=VERTEX_POINT('',#3292);
#1732=VERTEX_POINT('',#3294);
#1733=VERTEX_POINT('',#3298);
#1734=VERTEX_POINT('',#3300);
#1735=VERTEX_POINT('',#3303);
#1736=VERTEX_POINT('',#3307);
#1737=VERTEX_POINT('',#3311);
#1738=VERTEX_POINT('',#3313);
#1739=VERTEX_POINT('',#3315);
#1740=VERTEX_POINT('',#3317);
#1741=VERTEX_POINT('',#3320);
#1742=VERTEX_POINT('',#3324);
#1743=VERTEX_POINT('',#3328);
#1744=VERTEX_POINT('',#3330);
#1745=VERTEX_POINT('',#3332);
#1746=VERTEX_POINT('',#3334);
#1747=VERTEX_POINT('',#3339);
#1748=VERTEX_POINT('',#3341);
#1749=VERTEX_POINT('',#3343);
#1750=VERTEX_POINT('',#3366);
#1751=VERTEX_POINT('',#3368);
#1752=VERTEX_POINT('',#3370);
#1753=VERTEX_POINT('',#3372);
#1754=VERTEX_POINT('',#3374);
#1755=VERTEX_POINT('',#3376);
#1756=VERTEX_POINT('',#3378);
#1757=VERTEX_POINT('',#3380);
#1758=VERTEX_POINT('',#3382);
#1759=VERTEX_POINT('',#3384);
#1760=VERTEX_POINT('',#3386);
#1761=VERTEX_POINT('',#3388);
#1762=VERTEX_POINT('',#3390);
#1763=VERTEX_POINT('',#3392);
#1764=VERTEX_POINT('',#3394);
#1765=VERTEX_POINT('',#3396);
#1766=VERTEX_POINT('',#3398);
#1767=VERTEX_POINT('',#3400);
#1768=VERTEX_POINT('',#3402);
#1769=VERTEX_POINT('',#3404);
#1770=VERTEX_POINT('',#3410);
#1771=VERTEX_POINT('',#3414);
#1772=VERTEX_POINT('',#3418);
#1773=VERTEX_POINT('',#3422);
#1774=VERTEX_POINT('',#3424);
#1775=VERTEX_POINT('',#3428);
#1776=VERTEX_POINT('',#3430);
#1777=VERTEX_POINT('',#3434);
#1778=VERTEX_POINT('',#3436);
#1779=VERTEX_POINT('',#3438);
#1780=VERTEX_POINT('',#3440);
#1781=VERTEX_POINT('',#3444);
#1782=VERTEX_POINT('',#3448);
#1783=VERTEX_POINT('',#3452);
#1784=VERTEX_POINT('',#3456);
#1785=VERTEX_POINT('',#3460);
#1786=VERTEX_POINT('',#3464);
#1787=VERTEX_POINT('',#3468);
#1788=VERTEX_POINT('',#3472);
#1789=VERTEX_POINT('',#3474);
#1790=VERTEX_POINT('',#3476);
#1791=VERTEX_POINT('',#3480);
#1792=VERTEX_POINT('',#3482);
#1793=VERTEX_POINT('',#3486);
#1794=VERTEX_POINT('',#3487);
#1795=VERTEX_POINT('',#3492);
#1796=VERTEX_POINT('',#3504);
#1797=VERTEX_POINT('',#3505);
#1798=VERTEX_POINT('',#3514);
#1799=VERTEX_POINT('',#3516);
#1800=VERTEX_POINT('',#3545);
#1801=VERTEX_POINT('',#3568);
#1802=VERTEX_POINT('',#3592);
#1803=VERTEX_POINT('',#3615);
#1804=VERTEX_POINT('',#3618);
#1805=VERTEX_POINT('',#3620);
#1806=VERTEX_POINT('',#3624);
#1807=VERTEX_POINT('',#3626);
#1808=VERTEX_POINT('',#3645);
#1809=VERTEX_POINT('',#3647);
#1810=VERTEX_POINT('',#3651);
#1811=VERTEX_POINT('',#3655);
#1812=VERTEX_POINT('',#3656);
#1813=VERTEX_POINT('',#3661);
#1814=VERTEX_POINT('',#3663);
#1815=VERTEX_POINT('',#3667);
#1816=VERTEX_POINT('',#3676);
#1817=VERTEX_POINT('',#3678);
#1818=VERTEX_POINT('',#3696);
#1819=VERTEX_POINT('',#3700);
#1820=VERTEX_POINT('',#3702);
#1821=VERTEX_POINT('',#3706);
#1822=VERTEX_POINT('',#3708);
#1823=VERTEX_POINT('',#3714);
#1824=VERTEX_POINT('',#3715);
#1825=VERTEX_POINT('',#3717);
#1826=VERTEX_POINT('',#3719);
#1827=VERTEX_POINT('',#3723);
#1828=VERTEX_POINT('',#3725);
#1829=VERTEX_POINT('',#3729);
#1830=VERTEX_POINT('',#3731);
#1831=VERTEX_POINT('',#3735);
#1832=VERTEX_POINT('',#3736);
#1833=VERTEX_POINT('',#3738);
#1834=VERTEX_POINT('',#3740);
#1835=VERTEX_POINT('',#3744);
#1836=VERTEX_POINT('',#3745);
#1837=VERTEX_POINT('',#3747);
#1838=VERTEX_POINT('',#3749);
#1839=VERTEX_POINT('',#3753);
#1840=VERTEX_POINT('',#3754);
#1841=VERTEX_POINT('',#3756);
#1842=VERTEX_POINT('',#3758);
#1843=VERTEX_POINT('',#3762);
#1844=VERTEX_POINT('',#3764);
#1845=VERTEX_POINT('',#3766);
#1846=VERTEX_POINT('',#3768);
#1847=VERTEX_POINT('',#3770);
#1848=VERTEX_POINT('',#3771);
#1849=VERTEX_POINT('',#3773);
#1850=VERTEX_POINT('',#3775);
#1851=VERTEX_POINT('',#3779);
#1852=VERTEX_POINT('',#3780);
#1853=VERTEX_POINT('',#3782);
#1854=VERTEX_POINT('',#3784);
#1855=VERTEX_POINT('',#3788);
#1856=VERTEX_POINT('',#3789);
#1857=VERTEX_POINT('',#3791);
#1858=VERTEX_POINT('',#3793);
#1859=VERTEX_POINT('',#3797);
#1860=VERTEX_POINT('',#3798);
#1861=VERTEX_POINT('',#3800);
#1862=VERTEX_POINT('',#3802);
#1863=VERTEX_POINT('',#3806);
#1864=VERTEX_POINT('',#3807);
#1865=VERTEX_POINT('',#3809);
#1866=VERTEX_POINT('',#3811);
#1867=VERTEX_POINT('',#3815);
#1868=VERTEX_POINT('',#3817);
#1869=VERTEX_POINT('',#3821);
#1870=VERTEX_POINT('',#3823);
#1871=VERTEX_POINT('',#3827);
#1872=VERTEX_POINT('',#3829);
#1873=VERTEX_POINT('',#3831);
#1874=VERTEX_POINT('',#3833);
#1875=VERTEX_POINT('',#3864);
#1876=VERTEX_POINT('',#3867);
#1877=VERTEX_POINT('',#3871);
#1878=VERTEX_POINT('',#3874);
#1879=VERTEX_POINT('',#3878);
#1880=VERTEX_POINT('',#3881);
#1881=VERTEX_POINT('',#3885);
#1882=VERTEX_POINT('',#3888);
#1883=EDGE_CURVE('',#1681,#1682,#2187,.T.);
#1884=EDGE_CURVE('',#1681,#1682,#665,.T.);
#1885=EDGE_CURVE('',#1683,#1684,#2188,.T.);
#1886=EDGE_CURVE('',#1683,#1684,#666,.T.);
#1887=EDGE_CURVE('',#1685,#1686,#2189,.T.);
#1888=EDGE_CURVE('',#1685,#1686,#667,.T.);
#1889=EDGE_CURVE('',#1687,#1686,#668,.T.);
#1890=EDGE_CURVE('',#1688,#1687,#2190,.T.);
#1891=EDGE_CURVE('',#1688,#1685,#669,.T.);
#1892=EDGE_CURVE('',#1689,#1686,#670,.T.);
#1893=EDGE_CURVE('',#1690,#1689,#671,.T.);
#1894=EDGE_CURVE('',#1690,#1691,#672,.T.);
#1895=EDGE_CURVE('',#1691,#1692,#673,.T.);
#1896=EDGE_CURVE('',#1692,#1693,#674,.T.);
#1897=EDGE_CURVE('',#1694,#1693,#675,.T.);
#1898=EDGE_CURVE('',#1687,#1694,#676,.T.);
#1899=EDGE_CURVE('',#1693,#1695,#2191,.T.);
#1900=EDGE_CURVE('',#1696,#1695,#677,.T.);
#1901=EDGE_CURVE('',#1694,#1696,#2192,.T.);
#1902=EDGE_CURVE('',#1697,#1695,#678,.T.);
#1903=EDGE_CURVE('',#1698,#1697,#679,.T.);
#1904=EDGE_CURVE('',#1698,#1699,#680,.T.);
#1905=EDGE_CURVE('',#1700,#1699,#681,.T.);
#1906=EDGE_CURVE('',#1696,#1700,#682,.T.);
#1907=EDGE_CURVE('',#1699,#1701,#683,.T.);
#1908=EDGE_CURVE('',#1702,#1701,#684,.T.);
#1909=EDGE_CURVE('',#1700,#1702,#685,.T.);
#1910=EDGE_CURVE('',#1701,#1703,#686,.T.);
#1911=EDGE_CURVE('',#1703,#1704,#687,.T.);
#1912=EDGE_CURVE('',#1704,#1705,#688,.T.);
#1913=EDGE_CURVE('',#1705,#1706,#689,.T.);
#1914=EDGE_CURVE('',#1707,#1706,#690,.T.);
#1915=EDGE_CURVE('',#1708,#1707,#691,.T.);
#1916=EDGE_CURVE('',#1702,#1708,#692,.T.);
#1917=EDGE_CURVE('',#1709,#1710,#125,.T.);
#1918=EDGE_CURVE('',#1709,#1711,#121,.T.);
#1919=EDGE_CURVE('',#1708,#1711,#693,.T.);
#1920=EDGE_CURVE('',#1707,#1710,#694,.T.);
#1921=EDGE_CURVE('',#1710,#1712,#695,.T.);
#1922=EDGE_CURVE('',#1712,#1713,#696,.T.);
#1923=EDGE_CURVE('',#1713,#1709,#697,.T.);
#1924=EDGE_CURVE('',#1714,#1715,#698,.T.);
#1925=EDGE_CURVE('',#1715,#1716,#699,.T.);
#1926=EDGE_CURVE('',#1716,#1717,#700,.T.);
#1927=EDGE_CURVE('',#1717,#1714,#701,.T.);
#1928=EDGE_CURVE('',#1718,#1719,#702,.T.);
#1929=EDGE_CURVE('',#1718,#1720,#703,.T.);
#1930=EDGE_CURVE('',#1720,#1721,#704,.T.);
#1931=EDGE_CURVE('',#1721,#1719,#705,.T.);
#1932=EDGE_CURVE('',#1722,#1723,#706,.T.);
#1933=EDGE_CURVE('',#1722,#1718,#122,.T.);
#1934=EDGE_CURVE('',#1719,#1724,#707,.T.);
#1935=EDGE_CURVE('',#1723,#1724,#708,.T.);
#1936=EDGE_CURVE('',#1725,#1724,#709,.T.);
#1937=EDGE_CURVE('',#1726,#1725,#710,.T.);
#1938=EDGE_CURVE('',#1726,#1727,#711,.T.);
#1939=EDGE_CURVE('',#1728,#1727,#712,.T.);
#1940=EDGE_CURVE('',#1728,#1729,#713,.T.);
#1941=EDGE_CURVE('',#1730,#1729,#714,.T.);
#1942=EDGE_CURVE('',#1723,#1730,#715,.T.);
#1943=EDGE_CURVE('',#1729,#1731,#716,.T.);
#1944=EDGE_CURVE('',#1732,#1731,#717,.T.);
#1945=EDGE_CURVE('',#1730,#1732,#718,.T.);
#1946=EDGE_CURVE('',#1731,#1733,#719,.T.);
#1947=EDGE_CURVE('',#1733,#1734,#720,.T.);
#1948=EDGE_CURVE('',#1734,#1681,#721,.T.);
#1949=EDGE_CURVE('',#1735,#1681,#722,.T.);
#1950=EDGE_CURVE('',#1732,#1735,#723,.T.);
#1951=EDGE_CURVE('',#1736,#1682,#724,.T.);
#1952=EDGE_CURVE('',#1735,#1736,#2193,.T.);
#1953=EDGE_CURVE('',#1737,#1682,#725,.T.);
#1954=EDGE_CURVE('',#1738,#1737,#726,.T.);
#1955=EDGE_CURVE('',#1738,#1739,#727,.T.);
#1956=EDGE_CURVE('',#1739,#1740,#728,.T.);
#1957=EDGE_CURVE('',#1740,#1683,#729,.T.);
#1958=EDGE_CURVE('',#1741,#1683,#730,.T.);
#1959=EDGE_CURVE('',#1736,#1741,#731,.T.);
#1960=EDGE_CURVE('',#1742,#1684,#732,.T.);
#1961=EDGE_CURVE('',#1741,#1742,#2194,.T.);
#1962=EDGE_CURVE('',#1743,#1684,#733,.T.);
#1963=EDGE_CURVE('',#1744,#1743,#734,.T.);
#1964=EDGE_CURVE('',#1744,#1745,#735,.T.);
#1965=EDGE_CURVE('',#1745,#1746,#736,.T.);
#1966=EDGE_CURVE('',#1746,#1685,#737,.T.);
#1967=EDGE_CURVE('',#1742,#1688,#738,.T.);
#1968=EDGE_CURVE('',#1747,#1747,#2195,.T.);
#1969=EDGE_CURVE('',#1711,#1748,#739,.T.);
#1970=EDGE_CURVE('',#1748,#1749,#740,.T.);
#1971=EDGE_CURVE('',#1749,#1722,#741,.T.);
#1972=EDGE_CURVE('',#1693,#1695,#742,.T.);
#1973=EDGE_CURVE('',#1720,#1749,#2196,.T.);
#1974=EDGE_CURVE('',#1721,#1717,#2197,.T.);
#1975=EDGE_CURVE('',#1714,#1720,#2198,.T.);
#1976=EDGE_CURVE('',#1714,#1749,#2199,.T.);
#1977=EDGE_CURVE('',#1748,#1713,#2200,.T.);
#1978=EDGE_CURVE('',#1715,#1748,#2201,.T.);
#1979=EDGE_CURVE('',#1715,#1713,#2202,.T.);
#1980=EDGE_CURVE('',#1716,#1712,#2203,.T.);
#1981=EDGE_CURVE('',#1706,#1710,#743,.T.);
#1982=EDGE_CURVE('',#1710,#1750,#744,.T.);
#1983=EDGE_CURVE('',#1750,#1751,#2204,.T.);
#1984=EDGE_CURVE('',#1751,#1752,#745,.T.);
#1985=EDGE_CURVE('',#1752,#1753,#746,.T.);
#1986=EDGE_CURVE('',#1753,#1754,#747,.T.);
#1987=EDGE_CURVE('',#1754,#1755,#748,.T.);
#1988=EDGE_CURVE('',#1755,#1756,#749,.T.);
#1989=EDGE_CURVE('',#1756,#1757,#750,.T.);
#1990=EDGE_CURVE('',#1757,#1758,#751,.T.);
#1991=EDGE_CURVE('',#1758,#1759,#752,.T.);
#1992=EDGE_CURVE('',#1759,#1760,#753,.T.);
#1993=EDGE_CURVE('',#1760,#1761,#754,.T.);
#1994=EDGE_CURVE('',#1761,#1762,#755,.T.);
#1995=EDGE_CURVE('',#1762,#1763,#756,.T.);
#1996=EDGE_CURVE('',#1763,#1764,#757,.T.);
#1997=EDGE_CURVE('',#1764,#1765,#758,.T.);
#1998=EDGE_CURVE('',#1765,#1766,#759,.T.);
#1999=EDGE_CURVE('',#1766,#1767,#760,.T.);
#2000=EDGE_CURVE('',#1767,#1768,#761,.T.);
#2001=EDGE_CURVE('',#1768,#1769,#2205,.T.);
#2002=EDGE_CURVE('',#1769,#1719,#762,.T.);
#2003=EDGE_CURVE('',#1719,#1725,#763,.T.);
#2004=EDGE_CURVE('',#1704,#1770,#764,.T.);
#2005=EDGE_CURVE('',#1705,#1770,#765,.T.);
#2006=EDGE_CURVE('',#1771,#1726,#766,.T.);
#2007=EDGE_CURVE('',#1771,#1727,#767,.T.);
#2008=EDGE_CURVE('',#1770,#1772,#768,.T.);
#2009=EDGE_CURVE('',#1772,#1750,#769,.T.);
#2010=EDGE_CURVE('',#1751,#1773,#770,.T.);
#2011=EDGE_CURVE('',#1773,#1774,#771,.T.);
#2012=EDGE_CURVE('',#1774,#1752,#772,.T.);
#2013=EDGE_CURVE('',#1753,#1775,#773,.T.);
#2014=EDGE_CURVE('',#1775,#1776,#774,.T.);
#2015=EDGE_CURVE('',#1776,#1754,#775,.T.);
#2016=EDGE_CURVE('',#1777,#1777,#2206,.T.);
#2017=EDGE_CURVE('',#1778,#1778,#2207,.T.);
#2018=EDGE_CURVE('',#1755,#1779,#776,.T.);
#2019=EDGE_CURVE('',#1779,#1780,#777,.T.);
#2020=EDGE_CURVE('',#1780,#1756,#778,.T.);
#2021=EDGE_CURVE('',#1780,#1781,#779,.T.);
#2022=EDGE_CURVE('',#1781,#1757,#780,.T.);
#2023=EDGE_CURVE('',#1781,#1782,#781,.T.);
#2024=EDGE_CURVE('',#1782,#1758,#782,.T.);
#2025=EDGE_CURVE('',#1782,#1783,#783,.T.);
#2026=EDGE_CURVE('',#1783,#1759,#784,.T.);
#2027=EDGE_CURVE('',#1783,#1784,#785,.T.);
#2028=EDGE_CURVE('',#1784,#1760,#786,.T.);
#2029=EDGE_CURVE('',#1784,#1785,#787,.T.);
#2030=EDGE_CURVE('',#1785,#1761,#788,.T.);
#2031=EDGE_CURVE('',#1785,#1786,#789,.T.);
#2032=EDGE_CURVE('',#1786,#1762,#790,.T.);
#2033=EDGE_CURVE('',#1786,#1787,#791,.T.);
#2034=EDGE_CURVE('',#1787,#1763,#792,.T.);
#2035=EDGE_CURVE('',#1788,#1788,#2208,.T.);
#2036=EDGE_CURVE('',#1789,#1789,#2209,.T.);
#2037=EDGE_CURVE('',#1787,#1790,#793,.T.);
#2038=EDGE_CURVE('',#1790,#1764,#794,.T.);
#2039=EDGE_CURVE('',#1765,#1791,#795,.T.);
#2040=EDGE_CURVE('',#1791,#1792,#796,.T.);
#2041=EDGE_CURVE('',#1792,#1766,#797,.T.);
#2042=EDGE_CURVE('',#1793,#1794,#798,.T.);
#2043=EDGE_CURVE('',#1794,#1768,#799,.T.);
#2044=EDGE_CURVE('',#1767,#1793,#800,.T.);
#2045=EDGE_CURVE('',#1769,#1795,#801,.T.);
#2046=EDGE_CURVE('',#1795,#1771,#802,.T.);
#2047=EDGE_CURVE('',#1734,#1737,#803,.T.);
#2048=EDGE_CURVE('',#1740,#1743,#804,.T.);
#2049=EDGE_CURVE('',#1746,#1689,#805,.T.);
#2050=EDGE_CURVE('',#1692,#1697,#806,.T.);
#2051=EDGE_CURVE('',#1796,#1797,#2210,.T.);
#2052=EDGE_CURVE('',#1796,#1771,#807,.T.);
#2053=EDGE_CURVE('',#1795,#1794,#2211,.T.);
#2054=EDGE_CURVE('',#1793,#1792,#808,.T.);
#2055=EDGE_CURVE('',#1791,#1790,#809,.T.);
#2056=EDGE_CURVE('',#1779,#1776,#810,.T.);
#2057=EDGE_CURVE('',#1775,#1774,#811,.T.);
#2058=EDGE_CURVE('',#1773,#1772,#2212,.T.);
#2059=EDGE_CURVE('',#1770,#1798,#812,.T.);
#2060=EDGE_CURVE('',#1799,#1798,#2213,.T.);
#2061=EDGE_CURVE('',#1799,#1797,#813,.T.);
#2062=EDGE_CURVE('',#1800,#1800,#126,.T.);
#2063=EDGE_CURVE('',#1801,#1801,#127,.T.);
#2064=EDGE_CURVE('',#1802,#1802,#128,.T.);
#2065=EDGE_CURVE('',#1803,#1803,#129,.T.);
#2066=EDGE_CURVE('',#1804,#1804,#2214,.T.);
#2067=EDGE_CURVE('',#1805,#1805,#2215,.T.);
#2068=EDGE_CURVE('',#1806,#1806,#2216,.T.);
#2069=EDGE_CURVE('',#1807,#1807,#2217,.T.);
#2070=EDGE_CURVE('',#1692,#1697,#2218,.T.);
#2071=EDGE_CURVE('',#1746,#1689,#2219,.T.);
#2072=EDGE_CURVE('',#1740,#1743,#2220,.T.);
#2073=EDGE_CURVE('',#1745,#1690,#2221,.T.);
#2074=EDGE_CURVE('',#1691,#1698,#2222,.T.);
#2075=EDGE_CURVE('',#1808,#1770,#130,.T.);
#2076=EDGE_CURVE('',#1703,#1809,#814,.T.);
#2077=EDGE_CURVE('',#1808,#1809,#123,.T.);
#2078=EDGE_CURVE('',#1810,#1808,#815,.T.);
#2079=EDGE_CURVE('',#1798,#1810,#816,.T.);
#2080=EDGE_CURVE('',#1811,#1812,#817,.T.);
#2081=EDGE_CURVE('',#1797,#1811,#818,.T.);
#2082=EDGE_CURVE('',#1812,#1799,#819,.T.);
#2083=EDGE_CURVE('',#1813,#1771,#820,.T.);
#2084=EDGE_CURVE('',#1814,#1796,#821,.T.);
#2085=EDGE_CURVE('',#1813,#1814,#822,.T.);
#2086=EDGE_CURVE('',#1815,#1728,#823,.T.);
#2087=EDGE_CURVE('',#1815,#1813,#124,.T.);
#2088=EDGE_CURVE('',#1734,#1737,#2223,.T.);
#2089=EDGE_CURVE('',#1733,#1738,#2224,.T.);
#2090=EDGE_CURVE('',#1739,#1744,#2225,.T.);
#2091=EDGE_CURVE('',#1816,#1815,#824,.T.);
#2092=EDGE_CURVE('',#1817,#1816,#825,.T.);
#2093=EDGE_CURVE('',#1809,#1817,#826,.T.);
#2094=EDGE_CURVE('',#1814,#1816,#2226,.T.);
#2095=EDGE_CURVE('',#1811,#1814,#2227,.T.);
#2096=EDGE_CURVE('',#1811,#1816,#2228,.T.);
#2097=EDGE_CURVE('',#1817,#1810,#2229,.T.);
#2098=EDGE_CURVE('',#1812,#1817,#2230,.T.);
#2099=EDGE_CURVE('',#1812,#1810,#2231,.T.);
#2100=EDGE_CURVE('',#1818,#1818,#2232,.T.);
#2101=EDGE_CURVE('',#1819,#1819,#2233,.T.);
#2102=EDGE_CURVE('',#1820,#1820,#2234,.T.);
#2103=EDGE_CURVE('',#1821,#1821,#2235,.T.);
#2104=EDGE_CURVE('',#1822,#1822,#2236,.T.);
#2105=EDGE_CURVE('',#1823,#1824,#827,.T.);
#2106=EDGE_CURVE('',#1825,#1824,#828,.T.);
#2107=EDGE_CURVE('',#1826,#1825,#829,.T.);
#2108=EDGE_CURVE('',#1826,#1823,#830,.T.);
#2109=EDGE_CURVE('',#1824,#1827,#831,.T.);
#2110=EDGE_CURVE('',#1828,#1827,#832,.T.);
#2111=EDGE_CURVE('',#1825,#1828,#833,.T.);
#2112=EDGE_CURVE('',#1827,#1829,#834,.T.);
#2113=EDGE_CURVE('',#1829,#1830,#835,.T.);
#2114=EDGE_CURVE('',#1828,#1830,#836,.T.);
#2115=EDGE_CURVE('',#1831,#1832,#2237,.T.);
#2116=EDGE_CURVE('',#1831,#1833,#837,.T.);
#2117=EDGE_CURVE('',#1833,#1834,#2238,.T.);
#2118=EDGE_CURVE('',#1834,#1832,#838,.T.);
#2119=EDGE_CURVE('',#1835,#1836,#839,.T.);
#2120=EDGE_CURVE('',#1835,#1837,#840,.T.);
#2121=EDGE_CURVE('',#1837,#1838,#841,.T.);
#2122=EDGE_CURVE('',#1838,#1836,#842,.T.);
#2123=EDGE_CURVE('',#1839,#1840,#2239,.T.);
#2124=EDGE_CURVE('',#1839,#1841,#843,.T.);
#2125=EDGE_CURVE('',#1841,#1842,#2240,.T.);
#2126=EDGE_CURVE('',#1842,#1840,#844,.T.);
#2127=EDGE_CURVE('',#1843,#1843,#2241,.T.);
#2128=EDGE_CURVE('',#1844,#1844,#2242,.T.);
#2129=EDGE_CURVE('',#1845,#1845,#2243,.T.);
#2130=EDGE_CURVE('',#1846,#1846,#2244,.T.);
#2131=EDGE_CURVE('',#1847,#1848,#845,.T.);
#2132=EDGE_CURVE('',#1847,#1849,#846,.T.);
#2133=EDGE_CURVE('',#1849,#1850,#847,.T.);
#2134=EDGE_CURVE('',#1850,#1848,#848,.T.);
#2135=EDGE_CURVE('',#1851,#1852,#2245,.T.);
#2136=EDGE_CURVE('',#1852,#1853,#849,.T.);
#2137=EDGE_CURVE('',#1854,#1853,#2246,.T.);
#2138=EDGE_CURVE('',#1854,#1851,#850,.T.);
#2139=EDGE_CURVE('',#1855,#1856,#851,.T.);
#2140=EDGE_CURVE('',#1856,#1857,#852,.T.);
#2141=EDGE_CURVE('',#1858,#1857,#853,.T.);
#2142=EDGE_CURVE('',#1858,#1855,#854,.T.);
#2143=EDGE_CURVE('',#1859,#1860,#2247,.T.);
#2144=EDGE_CURVE('',#1860,#1861,#855,.T.);
#2145=EDGE_CURVE('',#1862,#1861,#2248,.T.);
#2146=EDGE_CURVE('',#1862,#1859,#856,.T.);
#2147=EDGE_CURVE('',#1863,#1864,#857,.T.);
#2148=EDGE_CURVE('',#1863,#1865,#858,.T.);
#2149=EDGE_CURVE('',#1865,#1866,#859,.T.);
#2150=EDGE_CURVE('',#1864,#1866,#860,.T.);
#2151=EDGE_CURVE('',#1866,#1867,#861,.T.);
#2152=EDGE_CURVE('',#1868,#1867,#862,.T.);
#2153=EDGE_CURVE('',#1864,#1868,#863,.T.);
#2154=EDGE_CURVE('',#1867,#1869,#864,.T.);
#2155=EDGE_CURVE('',#1870,#1869,#865,.T.);
#2156=EDGE_CURVE('',#1868,#1870,#866,.T.);
#2157=EDGE_CURVE('',#1871,#1871,#2249,.T.);
#2158=EDGE_CURVE('',#1872,#1872,#2250,.T.);
#2159=EDGE_CURVE('',#1873,#1873,#2251,.T.);
#2160=EDGE_CURVE('',#1874,#1874,#2252,.T.);
#2161=EDGE_CURVE('',#1869,#1823,#867,.T.);
#2162=EDGE_CURVE('',#1870,#1826,#868,.T.);
#2163=EDGE_CURVE('',#1832,#1835,#2253,.T.);
#2164=EDGE_CURVE('',#1836,#1839,#2254,.T.);
#2165=EDGE_CURVE('',#1840,#1847,#2255,.T.);
#2166=EDGE_CURVE('',#1848,#1854,#2256,.T.);
#2167=EDGE_CURVE('',#1853,#1858,#2257,.T.);
#2168=EDGE_CURVE('',#1857,#1862,#2258,.T.);
#2169=EDGE_CURVE('',#1861,#1863,#2259,.T.);
#2170=EDGE_CURVE('',#1830,#1831,#2260,.T.);
#2171=EDGE_CURVE('',#1837,#1834,#2261,.T.);
#2172=EDGE_CURVE('',#1833,#1829,#2262,.T.);
#2173=EDGE_CURVE('',#1865,#1860,#2263,.T.);
#2174=EDGE_CURVE('',#1859,#1856,#2264,.T.);
#2175=EDGE_CURVE('',#1855,#1852,#2265,.T.);
#2176=EDGE_CURVE('',#1851,#1850,#2266,.T.);
#2177=EDGE_CURVE('',#1849,#1842,#2267,.T.);
#2178=EDGE_CURVE('',#1841,#1838,#2268,.T.);
#2179=EDGE_CURVE('',#1875,#1875,#2269,.T.);
#2180=EDGE_CURVE('',#1876,#1876,#2270,.T.);
#2181=EDGE_CURVE('',#1877,#1877,#2271,.T.);
#2182=EDGE_CURVE('',#1878,#1878,#2272,.T.);
#2183=EDGE_CURVE('',#1879,#1879,#2273,.T.);
#2184=EDGE_CURVE('',#1880,#1880,#2274,.T.);
#2185=EDGE_CURVE('',#1881,#1881,#2275,.T.);
#2186=EDGE_CURVE('',#1882,#1882,#2276,.T.);
#2187=CIRCLE('',#2278,16.525);
#2188=CIRCLE('',#2280,16.525);
#2189=CIRCLE('',#2282,16.525);
#2190=CIRCLE('',#2284,16.525);
#2191=CIRCLE('',#2287,16.525);
#2192=CIRCLE('',#2288,16.525);
#2193=CIRCLE('',#2303,16.525);
#2194=CIRCLE('',#2306,16.525);
#2195=CIRCLE('',#2309,4.864);
#2196=CIRCLE('',#2312,0.85);
#2197=CIRCLE('',#2314,0.85);
#2198=CIRCLE('',#2315,0.85);
#2199=CIRCLE('',#2317,0.85);
#2200=CIRCLE('',#2319,0.85);
#2201=CIRCLE('',#2321,0.85);
#2202=CIRCLE('',#2323,0.85);
#2203=CIRCLE('',#2325,0.85);
#2204=CIRCLE('',#2328,13.);
#2205=CIRCLE('',#2329,13.);
#2206=CIRCLE('',#2337,7.);
#2207=CIRCLE('',#2338,7.);
#2208=CIRCLE('',#2347,7.);
#2209=CIRCLE('',#2348,7.);
#2210=CIRCLE('',#2357,0.85);
#2211=CIRCLE('',#2358,13.);
#2212=CIRCLE('',#2359,13.);
#2213=CIRCLE('',#2360,0.85);
#2214=CIRCLE('',#2368,2.5);
#2215=CIRCLE('',#2369,7.);
#2216=CIRCLE('',#2372,2.5);
#2217=CIRCLE('',#2373,7.);
#2218=CIRCLE('',#2378,16.525);
#2219=CIRCLE('',#2380,16.525);
#2220=CIRCLE('',#2382,16.525);
#2221=CIRCLE('',#2384,16.525);
#2222=CIRCLE('',#2386,16.525);
#2223=CIRCLE('',#2395,16.525);
#2224=CIRCLE('',#2396,16.525);
#2225=CIRCLE('',#2398,16.525);
#2226=CIRCLE('',#2402,0.85);
#2227=CIRCLE('',#2404,0.85);
#2228=CIRCLE('',#2406,0.85);
#2229=CIRCLE('',#2408,0.85);
#2230=CIRCLE('',#2410,0.85);
#2231=CIRCLE('',#2412,0.85);
#2232=CIRCLE('',#2415,4.864);
#2233=CIRCLE('',#2418,2.5);
#2234=CIRCLE('',#2419,7.);
#2235=CIRCLE('',#2422,2.5);
#2236=CIRCLE('',#2423,7.);
#2237=CIRCLE('',#2431,11.9);
#2238=CIRCLE('',#2432,11.9);
#2239=CIRCLE('',#2435,11.9);
#2240=CIRCLE('',#2436,11.9);
#2241=CIRCLE('',#2438,13.);
#2242=CIRCLE('',#2439,13.);
#2243=CIRCLE('',#2440,13.);
#2244=CIRCLE('',#2441,13.);
#2245=CIRCLE('',#2443,11.9);
#2246=CIRCLE('',#2444,11.9);
#2247=CIRCLE('',#2447,11.9);
#2248=CIRCLE('',#2448,11.9);
#2249=CIRCLE('',#2453,9.);
#2250=CIRCLE('',#2454,9.);
#2251=CIRCLE('',#2455,9.);
#2252=CIRCLE('',#2456,9.);
#2253=CIRCLE('',#2458,0.45);
#2254=CIRCLE('',#2459,0.45);
#2255=CIRCLE('',#2460,0.45);
#2256=CIRCLE('',#2461,0.45);
#2257=CIRCLE('',#2462,0.45);
#2258=CIRCLE('',#2463,0.45);
#2259=CIRCLE('',#2464,0.45);
#2260=CIRCLE('',#2465,0.45);
#2261=CIRCLE('',#2467,0.45);
#2262=CIRCLE('',#2468,0.45);
#2263=CIRCLE('',#2469,0.45);
#2264=CIRCLE('',#2470,0.45);
#2265=CIRCLE('',#2471,0.45);
#2266=CIRCLE('',#2472,0.45);
#2267=CIRCLE('',#2473,0.45);
#2268=CIRCLE('',#2474,0.45);
#2269=CIRCLE('',#2484,9.);
#2270=CIRCLE('',#2486,13.);
#2271=CIRCLE('',#2489,9.);
#2272=CIRCLE('',#2491,13.);
#2273=CIRCLE('',#2494,9.);
#2274=CIRCLE('',#2496,13.);
#2275=CIRCLE('',#2499,9.);
#2276=CIRCLE('',#2501,13.);
#2277=AXIS2_PLACEMENT_3D('',#3162,#2504,#2505);
#2278=AXIS2_PLACEMENT_3D('',#3163,#2506,#2507);
#2279=AXIS2_PLACEMENT_3D('',#3167,#2509,#2510);
#2280=AXIS2_PLACEMENT_3D('',#3168,#2511,#2512);
#2281=AXIS2_PLACEMENT_3D('',#3172,#2514,#2515);
#2282=AXIS2_PLACEMENT_3D('',#3173,#2516,#2517);
#2283=AXIS2_PLACEMENT_3D('',#3177,#2519,#2520);
#2284=AXIS2_PLACEMENT_3D('',#3180,#2522,#2523);
#2285=AXIS2_PLACEMENT_3D('',#3183,#2525,#2526);
#2286=AXIS2_PLACEMENT_3D('',#3197,#2534,#2535);
#2287=AXIS2_PLACEMENT_3D('',#3198,#2536,#2537);
#2288=AXIS2_PLACEMENT_3D('',#3202,#2539,#2540);
#2289=AXIS2_PLACEMENT_3D('',#3203,#2541,#2542);
#2290=AXIS2_PLACEMENT_3D('',#3213,#2548,#2549);
#2291=AXIS2_PLACEMENT_3D('',#3219,#2553,#2554);
#2292=AXIS2_PLACEMENT_3D('',#3233,#2562,#2563);
#2293=AXIS2_PLACEMENT_3D('',#3240,#2564,#2565);
#2294=AXIS2_PLACEMENT_3D('',#3244,#2568,#2569);
#2295=AXIS2_PLACEMENT_3D('',#3250,#2573,#2574);
#2296=AXIS2_PLACEMENT_3D('',#3259,#2579,#2580);
#2297=AXIS2_PLACEMENT_3D('',#3268,#2585,#2586);
#2298=AXIS2_PLACEMENT_3D('',#3272,#2588,#2589);
#2299=AXIS2_PLACEMENT_3D('',#3276,#2592,#2593);
#2300=AXIS2_PLACEMENT_3D('',#3290,#2601,#2602);
#2301=AXIS2_PLACEMENT_3D('',#3296,#2606,#2607);
#2302=AXIS2_PLACEMENT_3D('',#3305,#2613,#2614);
#2303=AXIS2_PLACEMENT_3D('',#3308,#2616,#2617);
#2304=AXIS2_PLACEMENT_3D('',#3309,#2618,#2619);
#2305=AXIS2_PLACEMENT_3D('',#3322,#2627,#2628);
#2306=AXIS2_PLACEMENT_3D('',#3325,#2630,#2631);
#2307=AXIS2_PLACEMENT_3D('',#3326,#2632,#2633);
#2308=AXIS2_PLACEMENT_3D('',#3337,#2640,#2641);
#2309=AXIS2_PLACEMENT_3D('',#3338,#2642,#2643);
#2310=AXIS2_PLACEMENT_3D('',#3345,#2647,#2648);
#2311=AXIS2_PLACEMENT_3D('',#3347,#2650,#2651);
#2312=AXIS2_PLACEMENT_3D('',#3348,#2652,#2653);
#2313=AXIS2_PLACEMENT_3D('',#3349,#2654,#2655);
#2314=AXIS2_PLACEMENT_3D('',#3350,#2656,#2657);
#2315=AXIS2_PLACEMENT_3D('',#3351,#2658,#2659);
#2316=AXIS2_PLACEMENT_3D('',#3352,#2660,#2661);
#2317=AXIS2_PLACEMENT_3D('',#3353,#2662,#2663);
#2318=AXIS2_PLACEMENT_3D('',#3354,#2664,#2665);
#2319=AXIS2_PLACEMENT_3D('',#3355,#2666,#2667);
#2320=AXIS2_PLACEMENT_3D('',#3356,#2668,#2669);
#2321=AXIS2_PLACEMENT_3D('',#3357,#2670,#2671);
#2322=AXIS2_PLACEMENT_3D('',#3358,#2672,#2673);
#2323=AXIS2_PLACEMENT_3D('',#3359,#2674,#2675);
#2324=AXIS2_PLACEMENT_3D('',#3360,#2676,#2677);
#2325=AXIS2_PLACEMENT_3D('',#3361,#2678,#2679);
#2326=AXIS2_PLACEMENT_3D('',#3362,#2680,#2681);
#2327=AXIS2_PLACEMENT_3D('',#3364,#2683,#2684);
#2328=AXIS2_PLACEMENT_3D('',#3367,#2686,#2687);
#2329=AXIS2_PLACEMENT_3D('',#3403,#2705,#2706);
#2330=AXIS2_PLACEMENT_3D('',#3406,#2708,#2709);
#2331=AXIS2_PLACEMENT_3D('',#3408,#2711,#2712);
#2332=AXIS2_PLACEMENT_3D('',#3412,#2715,#2716);
#2333=AXIS2_PLACEMENT_3D('',#3416,#2719,#2720);
#2334=AXIS2_PLACEMENT_3D('',#3420,#2723,#2724);
#2335=AXIS2_PLACEMENT_3D('',#3426,#2728,#2729);
#2336=AXIS2_PLACEMENT_3D('',#3432,#2733,#2734);
#2337=AXIS2_PLACEMENT_3D('',#3433,#2735,#2736);
#2338=AXIS2_PLACEMENT_3D('',#3435,#2737,#2738);
#2339=AXIS2_PLACEMENT_3D('',#3442,#2742,#2743);
#2340=AXIS2_PLACEMENT_3D('',#3446,#2746,#2747);
#2341=AXIS2_PLACEMENT_3D('',#3450,#2750,#2751);
#2342=AXIS2_PLACEMENT_3D('',#3454,#2754,#2755);
#2343=AXIS2_PLACEMENT_3D('',#3458,#2758,#2759);
#2344=AXIS2_PLACEMENT_3D('',#3462,#2762,#2763);
#2345=AXIS2_PLACEMENT_3D('',#3466,#2766,#2767);
#2346=AXIS2_PLACEMENT_3D('',#3470,#2770,#2771);
#2347=AXIS2_PLACEMENT_3D('',#3471,#2772,#2773);
#2348=AXIS2_PLACEMENT_3D('',#3473,#2774,#2775);
#2349=AXIS2_PLACEMENT_3D('',#3478,#2778,#2779);
#2350=AXIS2_PLACEMENT_3D('',#3484,#2783,#2784);
#2351=AXIS2_PLACEMENT_3D('',#3490,#2788,#2789);
#2352=AXIS2_PLACEMENT_3D('',#3494,#2792,#2793);
#2353=AXIS2_PLACEMENT_3D('',#3496,#2795,#2796);
#2354=AXIS2_PLACEMENT_3D('',#3498,#2798,#2799);
#2355=AXIS2_PLACEMENT_3D('',#3500,#2801,#2802);
#2356=AXIS2_PLACEMENT_3D('',#3502,#2804,#2805);
#2357=AXIS2_PLACEMENT_3D('',#3503,#2806,#2807);
#2358=AXIS2_PLACEMENT_3D('',#3507,#2809,#2810);
#2359=AXIS2_PLACEMENT_3D('',#3512,#2815,#2816);
#2360=AXIS2_PLACEMENT_3D('',#3515,#2818,#2819);
#2361=AXIS2_PLACEMENT_3D('',#3518,#2821,#2822);
#2362=AXIS2_PLACEMENT_3D('',#3519,#2823,#2824);
#2363=AXIS2_PLACEMENT_3D('',#3520,#2825,#2826);
#2364=AXIS2_PLACEMENT_3D('',#3521,#2827,#2828);
#2365=AXIS2_PLACEMENT_3D('',#3522,#2829,#2830);
#2366=AXIS2_PLACEMENT_3D('',#3569,#2831,#2832);
#2367=AXIS2_PLACEMENT_3D('',#3616,#2833,#2834);
#2368=AXIS2_PLACEMENT_3D('',#3617,#2835,#2836);
#2369=AXIS2_PLACEMENT_3D('',#3619,#2837,#2838);
#2370=AXIS2_PLACEMENT_3D('',#3621,#2839,#2840);
#2371=AXIS2_PLACEMENT_3D('',#3622,#2841,#2842);
#2372=AXIS2_PLACEMENT_3D('',#3623,#2843,#2844);
#2373=AXIS2_PLACEMENT_3D('',#3625,#2845,#2846);
#2374=AXIS2_PLACEMENT_3D('',#3627,#2847,#2848);
#2375=AXIS2_PLACEMENT_3D('',#3628,#2849,#2850);
#2376=AXIS2_PLACEMENT_3D('',#3629,#2851,#2852);
#2377=AXIS2_PLACEMENT_3D('',#3630,#2853,#2854);
#2378=AXIS2_PLACEMENT_3D('',#3631,#2855,#2856);
#2379=AXIS2_PLACEMENT_3D('',#3632,#2857,#2858);
#2380=AXIS2_PLACEMENT_3D('',#3633,#2859,#2860);
#2381=AXIS2_PLACEMENT_3D('',#3634,#2861,#2862);
#2382=AXIS2_PLACEMENT_3D('',#3635,#2863,#2864);
#2383=AXIS2_PLACEMENT_3D('',#3636,#2865,#2866);
#2384=AXIS2_PLACEMENT_3D('',#3637,#2867,#2868);
#2385=AXIS2_PLACEMENT_3D('',#3638,#2869,#2870);
#2386=AXIS2_PLACEMENT_3D('',#3639,#2871,#2872);
#2387=AXIS2_PLACEMENT_3D('',#3640,#2873,#2874);
#2388=AXIS2_PLACEMENT_3D('',#3648,#2876,#2877);
#2389=AXIS2_PLACEMENT_3D('',#3649,#2878,#2879);
#2390=AXIS2_PLACEMENT_3D('',#3653,#2882,#2883);
#2391=AXIS2_PLACEMENT_3D('',#3659,#2887,#2888);
#2392=AXIS2_PLACEMENT_3D('',#3665,#2892,#2893);
#2393=AXIS2_PLACEMENT_3D('',#3668,#2895,#2896);
#2394=AXIS2_PLACEMENT_3D('',#3669,#2897,#2898);
#2395=AXIS2_PLACEMENT_3D('',#3670,#2899,#2900);
#2396=AXIS2_PLACEMENT_3D('',#3671,#2901,#2902);
#2397=AXIS2_PLACEMENT_3D('',#3672,#2903,#2904);
#2398=AXIS2_PLACEMENT_3D('',#3673,#2905,#2906);
#2399=AXIS2_PLACEMENT_3D('',#3674,#2907,#2908);
#2400=AXIS2_PLACEMENT_3D('',#3680,#2912,#2913);
#2401=AXIS2_PLACEMENT_3D('',#3681,#2914,#2915);
#2402=AXIS2_PLACEMENT_3D('',#3682,#2916,#2917);
#2403=AXIS2_PLACEMENT_3D('',#3683,#2918,#2919);
#2404=AXIS2_PLACEMENT_3D('',#3684,#2920,#2921);
#2405=AXIS2_PLACEMENT_3D('',#3685,#2922,#2923);
#2406=AXIS2_PLACEMENT_3D('',#3686,#2924,#2925);
#2407=AXIS2_PLACEMENT_3D('',#3687,#2926,#2927);
#2408=AXIS2_PLACEMENT_3D('',#3688,#2928,#2929);
#2409=AXIS2_PLACEMENT_3D('',#3689,#2930,#2931);
#2410=AXIS2_PLACEMENT_3D('',#3690,#2932,#2933);
#2411=AXIS2_PLACEMENT_3D('',#3691,#2934,#2935);
#2412=AXIS2_PLACEMENT_3D('',#3692,#2936,#2937);
#2413=AXIS2_PLACEMENT_3D('',#3693,#2938,#2939);
#2414=AXIS2_PLACEMENT_3D('',#3694,#2940,#2941);
#2415=AXIS2_PLACEMENT_3D('',#3695,#2942,#2943);
#2416=AXIS2_PLACEMENT_3D('',#3697,#2944,#2945);
#2417=AXIS2_PLACEMENT_3D('',#3698,#2946,#2947);
#2418=AXIS2_PLACEMENT_3D('',#3699,#2948,#2949);
#2419=AXIS2_PLACEMENT_3D('',#3701,#2950,#2951);
#2420=AXIS2_PLACEMENT_3D('',#3703,#2952,#2953);
#2421=AXIS2_PLACEMENT_3D('',#3704,#2954,#2955);
#2422=AXIS2_PLACEMENT_3D('',#3705,#2956,#2957);
#2423=AXIS2_PLACEMENT_3D('',#3707,#2958,#2959);
#2424=AXIS2_PLACEMENT_3D('',#3709,#2960,#2961);
#2425=AXIS2_PLACEMENT_3D('',#3710,#2962,#2963);
#2426=AXIS2_PLACEMENT_3D('',#3711,#2964,#2965);
#2427=AXIS2_PLACEMENT_3D('',#3712,#2966,#2967);
#2428=AXIS2_PLACEMENT_3D('',#3721,#2972,#2973);
#2429=AXIS2_PLACEMENT_3D('',#3727,#2977,#2978);
#2430=AXIS2_PLACEMENT_3D('',#3733,#2982,#2983);
#2431=AXIS2_PLACEMENT_3D('',#3734,#2984,#2985);
#2432=AXIS2_PLACEMENT_3D('',#3739,#2987,#2988);
#2433=AXIS2_PLACEMENT_3D('',#3742,#2990,#2991);
#2434=AXIS2_PLACEMENT_3D('',#3751,#2996,#2997);
#2435=AXIS2_PLACEMENT_3D('',#3752,#2998,#2999);
#2436=AXIS2_PLACEMENT_3D('',#3757,#3001,#3002);
#2437=AXIS2_PLACEMENT_3D('',#3760,#3004,#3005);
#2438=AXIS2_PLACEMENT_3D('',#3761,#3006,#3007);
#2439=AXIS2_PLACEMENT_3D('',#3763,#3008,#3009);
#2440=AXIS2_PLACEMENT_3D('',#3765,#3010,#3011);
#2441=AXIS2_PLACEMENT_3D('',#3767,#3012,#3013);
#2442=AXIS2_PLACEMENT_3D('',#3777,#3018,#3019);
#2443=AXIS2_PLACEMENT_3D('',#3778,#3020,#3021);
#2444=AXIS2_PLACEMENT_3D('',#3783,#3023,#3024);
#2445=AXIS2_PLACEMENT_3D('',#3786,#3026,#3027);
#2446=AXIS2_PLACEMENT_3D('',#3795,#3032,#3033);
#2447=AXIS2_PLACEMENT_3D('',#3796,#3034,#3035);
#2448=AXIS2_PLACEMENT_3D('',#3801,#3037,#3038);
#2449=AXIS2_PLACEMENT_3D('',#3804,#3040,#3041);
#2450=AXIS2_PLACEMENT_3D('',#3813,#3046,#3047);
#2451=AXIS2_PLACEMENT_3D('',#3819,#3051,#3052);
#2452=AXIS2_PLACEMENT_3D('',#3825,#3056,#3057);
#2453=AXIS2_PLACEMENT_3D('',#3826,#3058,#3059);
#2454=AXIS2_PLACEMENT_3D('',#3828,#3060,#3061);
#2455=AXIS2_PLACEMENT_3D('',#3830,#3062,#3063);
#2456=AXIS2_PLACEMENT_3D('',#3832,#3064,#3065);
#2457=AXIS2_PLACEMENT_3D('',#3836,#3068,#3069);
#2458=AXIS2_PLACEMENT_3D('',#3837,#3070,#3071);
#2459=AXIS2_PLACEMENT_3D('',#3838,#3072,#3073);
#2460=AXIS2_PLACEMENT_3D('',#3839,#3074,#3075);
#2461=AXIS2_PLACEMENT_3D('',#3840,#3076,#3077);
#2462=AXIS2_PLACEMENT_3D('',#3841,#3078,#3079);
#2463=AXIS2_PLACEMENT_3D('',#3842,#3080,#3081);
#2464=AXIS2_PLACEMENT_3D('',#3843,#3082,#3083);
#2465=AXIS2_PLACEMENT_3D('',#3844,#3084,#3085);
#2466=AXIS2_PLACEMENT_3D('',#3845,#3086,#3087);
#2467=AXIS2_PLACEMENT_3D('',#3846,#3088,#3089);
#2468=AXIS2_PLACEMENT_3D('',#3847,#3090,#3091);
#2469=AXIS2_PLACEMENT_3D('',#3848,#3092,#3093);
#2470=AXIS2_PLACEMENT_3D('',#3849,#3094,#3095);
#2471=AXIS2_PLACEMENT_3D('',#3850,#3096,#3097);
#2472=AXIS2_PLACEMENT_3D('',#3851,#3098,#3099);
#2473=AXIS2_PLACEMENT_3D('',#3852,#3100,#3101);
#2474=AXIS2_PLACEMENT_3D('',#3853,#3102,#3103);
#2475=AXIS2_PLACEMENT_3D('',#3854,#3104,#3105);
#2476=AXIS2_PLACEMENT_3D('',#3855,#3106,#3107);
#2477=AXIS2_PLACEMENT_3D('',#3856,#3108,#3109);
#2478=AXIS2_PLACEMENT_3D('',#3857,#3110,#3111);
#2479=AXIS2_PLACEMENT_3D('',#3858,#3112,#3113);
#2480=AXIS2_PLACEMENT_3D('',#3859,#3114,#3115);
#2481=AXIS2_PLACEMENT_3D('',#3860,#3116,#3117);
#2482=AXIS2_PLACEMENT_3D('',#3861,#3118,#3119);
#2483=AXIS2_PLACEMENT_3D('',#3862,#3120,#3121);
#2484=AXIS2_PLACEMENT_3D('',#3863,#3122,#3123);
#2485=AXIS2_PLACEMENT_3D('',#3865,#3124,#3125);
#2486=AXIS2_PLACEMENT_3D('',#3866,#3126,#3127);
#2487=AXIS2_PLACEMENT_3D('',#3868,#3128,#3129);
#2488=AXIS2_PLACEMENT_3D('',#3869,#3130,#3131);
#2489=AXIS2_PLACEMENT_3D('',#3870,#3132,#3133);
#2490=AXIS2_PLACEMENT_3D('',#3872,#3134,#3135);
#2491=AXIS2_PLACEMENT_3D('',#3873,#3136,#3137);
#2492=AXIS2_PLACEMENT_3D('',#3875,#3138,#3139);
#2493=AXIS2_PLACEMENT_3D('',#3876,#3140,#3141);
#2494=AXIS2_PLACEMENT_3D('',#3877,#3142,#3143);
#2495=AXIS2_PLACEMENT_3D('',#3879,#3144,#3145);
#2496=AXIS2_PLACEMENT_3D('',#3880,#3146,#3147);
#2497=AXIS2_PLACEMENT_3D('',#3882,#3148,#3149);
#2498=AXIS2_PLACEMENT_3D('',#3883,#3150,#3151);
#2499=AXIS2_PLACEMENT_3D('',#3884,#3152,#3153);
#2500=AXIS2_PLACEMENT_3D('',#3886,#3154,#3155);
#2501=AXIS2_PLACEMENT_3D('',#3887,#3156,#3157);
#2502=AXIS2_PLACEMENT_3D('',#3889,#3158,#3159);
#2503=AXIS2_PLACEMENT_3D('',#3890,#3160,#3161);
#2504=DIRECTION('',(0.,0.,1.));
#2505=DIRECTION('',(1.,0.,0.));
#2506=DIRECTION('',(-1.,0.,0.));
#2507=DIRECTION('',(0.,-1.,-2.09951404051656E-016));
#2508=DIRECTION('',(0.,0.766044443118979,0.642787609686539));
#2509=DIRECTION('',(-1.,0.,0.));
#2510=DIRECTION('',(0.,0.,1.));
#2511=DIRECTION('',(-1.,0.,0.));
#2512=DIRECTION('',(0.,-1.,0.));
#2513=DIRECTION('',(0.,-0.642787609686539,0.766044443118978));
#2514=DIRECTION('',(-1.,0.,0.));
#2515=DIRECTION('',(0.,0.,1.));
#2516=DIRECTION('',(-1.,0.,0.));
#2517=DIRECTION('',(0.,1.,0.));
#2518=DIRECTION('',(0.,-0.64278760968654,-0.766044443118978));
#2519=DIRECTION('',(-1.,0.,0.));
#2520=DIRECTION('',(0.,0.,1.));
#2521=DIRECTION('',(1.,0.,0.));
#2522=DIRECTION('',(-1.,0.,0.));
#2523=DIRECTION('',(0.,1.,0.));
#2524=DIRECTION('',(1.,0.,0.));
#2525=DIRECTION('',(1.,0.,0.));
#2526=DIRECTION('',(0.,0.,-1.));
#2527=DIRECTION('',(-1.,0.,0.));
#2528=DIRECTION('',(-1.,0.,0.));
#2529=DIRECTION('',(0.,0.,-1.));
#2530=DIRECTION('',(-1.,0.,0.));
#2531=DIRECTION('',(-1.,0.,0.));
#2532=DIRECTION('',(1.,0.,0.));
#2533=DIRECTION('',(0.,0.,-1.));
#2534=DIRECTION('',(0.,-1.,0.));
#2535=DIRECTION('',(0.,0.,-1.));
#2536=DIRECTION('',(-1.,0.,0.));
#2537=DIRECTION('',(0.,1.,0.));
#2538=DIRECTION('',(1.,0.,0.));
#2539=DIRECTION('',(-1.,0.,0.));
#2540=DIRECTION('',(0.,1.,0.));
#2541=DIRECTION('',(1.,0.,0.));
#2542=DIRECTION('',(0.,0.,-1.));
#2543=DIRECTION('',(-1.,0.,0.));
#2544=DIRECTION('',(-1.,0.,0.));
#2545=DIRECTION('',(0.,0.,-1.));
#2546=DIRECTION('',(1.,0.,0.));
#2547=DIRECTION('',(0.,0.,-1.));
#2548=DIRECTION('',(0.,-1.,0.));
#2549=DIRECTION('',(0.,0.,-1.));
#2550=DIRECTION('',(0.,-0.766044443118978,-0.64278760968654));
#2551=DIRECTION('',(1.,0.,0.));
#2552=DIRECTION('',(0.,-0.766044443118978,-0.64278760968654));
#2553=DIRECTION('',(0.,-0.642787609686539,0.766044443118978));
#2554=DIRECTION('',(0.,-0.766044443118978,-0.642787609686539));
#2555=DIRECTION('',(0.,-1.,0.));
#2556=DIRECTION('',(-1.,0.,0.));
#2557=DIRECTION('',(0.,-1.,0.));
#2558=DIRECTION('',(-1.,0.,0.));
#2559=DIRECTION('',(0.,-1.,0.));
#2560=DIRECTION('',(1.,0.,0.));
#2561=DIRECTION('',(0.,-1.,0.));
#2562=DIRECTION('',(0.,0.,1.));
#2563=DIRECTION('',(1.,0.,0.));
#2564=DIRECTION('',(0.,-0.707106781186547,-0.707106781186549));
#2565=DIRECTION('',(0.,0.707106781186549,-0.707106781186547));
#2566=DIRECTION('',(0.,-0.707106781186549,0.707106781186547));
#2567=DIRECTION('',(0.,-0.707106781186549,0.707106781186547));
#2568=DIRECTION('',(0.,0.707106781186547,0.707106781186548));
#2569=DIRECTION('',(0.,-0.707106781186549,0.707106781186547));
#2570=DIRECTION('',(0.,0.,1.));
#2571=DIRECTION('',(-1.,0.,0.));
#2572=DIRECTION('',(0.,0.,-1.));
#2573=DIRECTION('',(0.,1.,0.));
#2574=DIRECTION('',(0.,0.,1.));
#2575=DIRECTION('',(0.,-1.,0.));
#2576=DIRECTION('',(1.,0.,0.));
#2577=DIRECTION('',(0.,1.,0.));
#2578=DIRECTION('',(-1.,0.,0.));
#2579=DIRECTION('',(0.,0.,-1.));
#2580=DIRECTION('',(-1.,0.,0.));
#2581=DIRECTION('',(1.,0.,0.));
#2582=DIRECTION('',(0.,0.,1.));
#2583=DIRECTION('',(1.,0.,0.));
#2584=DIRECTION('',(0.,0.,-1.));
#2585=DIRECTION('',(0.,-1.,0.));
#2586=DIRECTION('',(0.,0.,-1.));
#2587=DIRECTION('',(0.,-0.707106781186546,-0.707106781186549));
#2588=DIRECTION('',(0.,0.707106781186549,-0.707106781186546));
#2589=DIRECTION('',(0.,0.707106781186546,0.707106781186549));
#2590=DIRECTION('',(0.,-0.707106781186546,-0.707106781186549));
#2591=DIRECTION('',(1.,0.,0.));
#2592=DIRECTION('',(0.,-0.707106781186549,0.707106781186546));
#2593=DIRECTION('',(0.,-0.707106781186546,-0.707106781186549));
#2594=DIRECTION('',(0.,-1.,0.));
#2595=DIRECTION('',(-1.,0.,0.));
#2596=DIRECTION('',(0.,-1.,0.));
#2597=DIRECTION('',(-1.,0.,0.));
#2598=DIRECTION('',(0.,-1.,0.));
#2599=DIRECTION('',(1.,0.,0.));
#2600=DIRECTION('',(0.,-1.,0.));
#2601=DIRECTION('',(0.,0.,1.));
#2602=DIRECTION('',(1.,0.,0.));
#2603=DIRECTION('',(0.,-0.766044443118978,0.642787609686539));
#2604=DIRECTION('',(1.,0.,0.));
#2605=DIRECTION('',(0.,-0.766044443118978,0.642787609686539));
#2606=DIRECTION('',(0.,0.642787609686539,0.766044443118978));
#2607=DIRECTION('',(0.,-0.766044443118978,0.64278760968654));
#2608=DIRECTION('',(0.,0.,1.));
#2609=DIRECTION('',(-1.,0.,0.));
#2610=DIRECTION('',(-1.,0.,0.));
#2611=DIRECTION('',(1.,0.,0.));
#2612=DIRECTION('',(0.,0.,1.));
#2613=DIRECTION('',(0.,1.,0.));
#2614=DIRECTION('',(0.,0.,1.));
#2615=DIRECTION('',(1.,0.,0.));
#2616=DIRECTION('',(-1.,0.,0.));
#2617=DIRECTION('',(0.,-1.,-2.09951404051656E-016));
#2618=DIRECTION('',(1.,0.,0.));
#2619=DIRECTION('',(0.,0.,-1.));
#2620=DIRECTION('',(-1.,0.,0.));
#2621=DIRECTION('',(-1.,0.,0.));
#2622=DIRECTION('',(0.,-1.0213610826787E-015,1.));
#2623=DIRECTION('',(-1.,0.,0.));
#2624=DIRECTION('',(-1.,0.,0.));
#2625=DIRECTION('',(1.,0.,0.));
#2626=DIRECTION('',(0.,-1.0213610826787E-015,1.));
#2627=DIRECTION('',(0.,1.,1.0213610826787E-015));
#2628=DIRECTION('',(0.,-1.02001740387436E-015,1.));
#2629=DIRECTION('',(1.,0.,0.));
#2630=DIRECTION('',(-1.,0.,0.));
#2631=DIRECTION('',(0.,-1.,0.));
#2632=DIRECTION('',(1.,0.,0.));
#2633=DIRECTION('',(0.,0.,-1.));
#2634=DIRECTION('',(-1.,0.,0.));
#2635=DIRECTION('',(-1.,0.,0.));
#2636=DIRECTION('',(0.,-1.,0.));
#2637=DIRECTION('',(-1.,0.,0.));
#2638=DIRECTION('',(-1.,0.,0.));
#2639=DIRECTION('',(0.,-1.,0.));
#2640=DIRECTION('',(0.,0.,1.));
#2641=DIRECTION('',(1.,0.,0.));
#2642=DIRECTION('',(-1.,0.,0.));
#2643=DIRECTION('',(0.,1.,0.));
#2644=DIRECTION('',(0.,0.,1.));
#2645=DIRECTION('',(0.,1.,0.));
#2646=DIRECTION('',(0.,0.,-1.));
#2647=DIRECTION('',(-1.,0.,0.));
#2648=DIRECTION('',(0.,0.,1.));
#2649=DIRECTION('',(0.,0.766044443118978,-0.64278760968654));
#2650=DIRECTION('',(-1.,0.,0.));
#2651=DIRECTION('',(0.,0.,1.));
#2652=DIRECTION('',(0.,0.,1.));
#2653=DIRECTION('',(1.,0.,0.));
#2654=DIRECTION('',(0.,0.,1.));
#2655=DIRECTION('',(1.,0.,0.));
#2656=DIRECTION('',(1.,0.,0.));
#2657=DIRECTION('',(0.,0.,1.));
#2658=DIRECTION('',(-1.,0.,0.));
#2659=DIRECTION('',(0.,0.,1.));
#2660=DIRECTION('',(1.,0.,0.));
#2661=DIRECTION('',(0.,0.,-1.));
#2662=DIRECTION('',(0.,-1.,8.163404592832E-015));
#2663=DIRECTION('',(0.,8.16340459283203E-015,1.));
#2664=DIRECTION('',(0.,0.,1.));
#2665=DIRECTION('',(1.,0.,0.));
#2666=DIRECTION('',(0.,0.,1.));
#2667=DIRECTION('',(1.,0.,0.));
#2668=DIRECTION('',(0.,0.,-1.));
#2669=DIRECTION('',(-1.,0.,0.));
#2670=DIRECTION('',(0.,-1.,0.));
#2671=DIRECTION('',(0.,0.,-1.));
#2672=DIRECTION('',(0.,-1.,0.));
#2673=DIRECTION('',(0.,0.,-1.));
#2674=DIRECTION('',(1.,0.,0.));
#2675=DIRECTION('',(0.,0.,1.));
#2676=DIRECTION('',(0.,0.,1.));
#2677=DIRECTION('',(1.,0.,0.));
#2678=DIRECTION('',(1.,0.,0.));
#2679=DIRECTION('',(0.,0.,1.));
#2680=DIRECTION('',(1.,0.,0.));
#2681=DIRECTION('',(0.,0.,-1.));
#2682=DIRECTION('',(0.,-0.173648177666931,0.984807753012208));
#2683=DIRECTION('',(-1.,0.,0.));
#2684=DIRECTION('',(0.,0.,1.));
#2685=DIRECTION('',(0.,-0.173648177666931,0.984807753012208));
#2686=DIRECTION('',(1.,0.,0.));
#2687=DIRECTION('',(0.,0.,1.));
#2688=DIRECTION('',(0.,-1.,0.));
#2689=DIRECTION('',(0.,-0.707106781186551,0.707106781186545));
#2690=DIRECTION('',(0.,0.,1.));
#2691=DIRECTION('',(0.,0.707106781186548,0.707106781186548));
#2692=DIRECTION('',(0.,1.,0.));
#2693=DIRECTION('',(0.,0.642787609686541,-0.766044443118976));
#2694=DIRECTION('',(0.,1.,0.));
#2695=DIRECTION('',(0.,0.64278760968654,0.766044443118978));
#2696=DIRECTION('',(0.,1.,0.));
#2697=DIRECTION('',(0.,0.64278760968654,-0.766044443118978));
#2698=DIRECTION('',(0.,1.,0.));
#2699=DIRECTION('',(0.,0.642787609686541,0.766044443118976));
#2700=DIRECTION('',(0.,1.,0.));
#2701=DIRECTION('',(0.,0.707106781186548,-0.707106781186548));
#2702=DIRECTION('',(0.,3.75075346157147E-016,-1.));
#2703=DIRECTION('',(0.,-0.707106781186551,-0.707106781186545));
#2704=DIRECTION('',(0.,-1.,8.77435269956464E-016));
#2705=DIRECTION('',(1.,0.,0.));
#2706=DIRECTION('',(0.,0.,1.));
#2707=DIRECTION('',(0.,-0.173648177666931,-0.984807753012208));
#2708=DIRECTION('',(-1.,0.,0.));
#2709=DIRECTION('',(0.,0.,1.));
#2710=DIRECTION('',(0.,-0.173648177666931,-0.984807753012208));
#2711=DIRECTION('',(-1.,0.,0.));
#2712=DIRECTION('',(0.,0.,1.));
#2713=DIRECTION('',(0.,-0.707106781186549,0.707106781186547));
#2714=DIRECTION('',(0.,-0.173648177666931,0.984807753012208));
#2715=DIRECTION('',(-1.,0.,0.));
#2716=DIRECTION('',(0.,0.,1.));
#2717=DIRECTION('',(0.,-0.173648177666931,-0.984807753012208));
#2718=DIRECTION('',(0.,-0.707106781186546,-0.707106781186549));
#2719=DIRECTION('',(-1.,0.,0.));
#2720=DIRECTION('',(0.,0.,1.));
#2721=DIRECTION('',(0.,-0.173648177666931,0.984807753012208));
#2722=DIRECTION('',(-1.,0.,0.));
#2723=DIRECTION('',(0.,-0.984807753012208,-0.173648177666931));
#2724=DIRECTION('',(0.,0.173648177666931,-0.984807753012208));
#2725=DIRECTION('',(1.,0.,0.));
#2726=DIRECTION('',(0.,-1.,0.));
#2727=DIRECTION('',(-1.,0.,0.));
#2728=DIRECTION('',(0.,0.,-1.));
#2729=DIRECTION('',(-1.,0.,0.));
#2730=DIRECTION('',(1.,0.,0.));
#2731=DIRECTION('',(0.,0.,1.));
#2732=DIRECTION('',(-1.,0.,0.));
#2733=DIRECTION('',(0.,-1.,0.));
#2734=DIRECTION('',(0.,0.,-1.));
#2735=DIRECTION('',(0.,0.,-1.));
#2736=DIRECTION('',(-1.,0.,0.));
#2737=DIRECTION('',(0.,0.,-1.));
#2738=DIRECTION('',(-1.,0.,0.));
#2739=DIRECTION('',(1.,0.,0.));
#2740=DIRECTION('',(0.,1.,0.));
#2741=DIRECTION('',(-1.,0.,0.));
#2742=DIRECTION('',(0.,0.,1.));
#2743=DIRECTION('',(1.,0.,0.));
#2744=DIRECTION('',(0.,0.642787609686541,-0.766044443118976));
#2745=DIRECTION('',(-1.,0.,0.));
#2746=DIRECTION('',(0.,0.766044443118977,0.642787609686541));
#2747=DIRECTION('',(0.,-0.642787609686541,0.766044443118977));
#2748=DIRECTION('',(0.,1.,0.));
#2749=DIRECTION('',(-1.,0.,0.));
#2750=DIRECTION('',(0.,0.,1.));
#2751=DIRECTION('',(1.,0.,0.));
#2752=DIRECTION('',(0.,0.64278760968654,0.766044443118978));
#2753=DIRECTION('',(-1.,0.,0.));
#2754=DIRECTION('',(0.,-0.766044443118978,0.64278760968654));
#2755=DIRECTION('',(0.,-0.64278760968654,-0.766044443118978));
#2756=DIRECTION('',(0.,1.,0.));
#2757=DIRECTION('',(-1.,0.,0.));
#2758=DIRECTION('',(0.,0.,1.));
#2759=DIRECTION('',(1.,0.,0.));
#2760=DIRECTION('',(0.,0.64278760968654,-0.766044443118978));
#2761=DIRECTION('',(-1.,0.,0.));
#2762=DIRECTION('',(0.,0.766044443118978,0.64278760968654));
#2763=DIRECTION('',(0.,-0.64278760968654,0.766044443118978));
#2764=DIRECTION('',(0.,1.,0.));
#2765=DIRECTION('',(-1.,0.,0.));
#2766=DIRECTION('',(0.,0.,1.));
#2767=DIRECTION('',(1.,0.,0.));
#2768=DIRECTION('',(0.,0.642787609686541,0.766044443118976));
#2769=DIRECTION('',(-1.,0.,0.));
#2770=DIRECTION('',(0.,-0.766044443118977,0.642787609686541));
#2771=DIRECTION('',(0.,-0.642787609686541,-0.766044443118977));
#2772=DIRECTION('',(0.,0.,-1.));
#2773=DIRECTION('',(-1.,0.,0.));
#2774=DIRECTION('',(0.,0.,-1.));
#2775=DIRECTION('',(-1.,0.,0.));
#2776=DIRECTION('',(0.,1.,0.));
#2777=DIRECTION('',(-1.,0.,0.));
#2778=DIRECTION('',(0.,0.,1.));
#2779=DIRECTION('',(1.,0.,0.));
#2780=DIRECTION('',(1.,0.,0.));
#2781=DIRECTION('',(0.,3.75075346157147E-016,-1.));
#2782=DIRECTION('',(-1.,0.,0.));
#2783=DIRECTION('',(0.,1.,3.75075346157147E-016));
#2784=DIRECTION('',(0.,-3.7470027081099E-016,1.));
#2785=DIRECTION('',(0.,-1.,8.77435269956464E-016));
#2786=DIRECTION('',(-1.,0.,0.));
#2787=DIRECTION('',(1.,0.,0.));
#2788=DIRECTION('',(0.,-8.77435269956464E-016,-1.));
#2789=DIRECTION('',(0.,1.,-8.74300631892311E-016));
#2790=DIRECTION('',(1.,0.,0.));
#2791=DIRECTION('',(0.,-0.173648177666931,-0.984807753012208));
#2792=DIRECTION('',(0.,0.984807753012208,-0.173648177666931));
#2793=DIRECTION('',(0.,0.17364817766693,0.984807753012208));
#2794=DIRECTION('',(0.,0.766044443118979,0.642787609686539));
#2795=DIRECTION('',(0.,-0.642787609686539,0.766044443118978));
#2796=DIRECTION('',(0.,-0.766044443118979,-0.642787609686539));
#2797=DIRECTION('',(0.,-0.642787609686539,0.766044443118978));
#2798=DIRECTION('',(0.,-0.766044443118978,-0.642787609686539));
#2799=DIRECTION('',(0.,0.642787609686539,-0.766044443118978));
#2800=DIRECTION('',(0.,-0.64278760968654,-0.766044443118978));
#2801=DIRECTION('',(0.,0.766044443118978,-0.64278760968654));
#2802=DIRECTION('',(0.,0.64278760968654,0.766044443118978));
#2803=DIRECTION('',(0.,0.766044443118978,-0.64278760968654));
#2804=DIRECTION('',(0.,0.64278760968654,0.766044443118978));
#2805=DIRECTION('',(0.,-0.766044443118978,0.64278760968654));
#2806=DIRECTION('',(1.,0.,0.));
#2807=DIRECTION('',(0.,0.,1.));
#2808=DIRECTION('',(0.,0.,-1.));
#2809=DIRECTION('',(-1.,0.,0.));
#2810=DIRECTION('',(0.,0.,1.));
#2811=DIRECTION('',(0.,0.707106781186551,0.707106781186545));
#2812=DIRECTION('',(0.,-0.707106781186548,0.707106781186548));
#2813=DIRECTION('',(0.,-0.707106781186548,-0.707106781186548));
#2814=DIRECTION('',(0.,0.707106781186551,-0.707106781186545));
#2815=DIRECTION('',(-1.,0.,0.));
#2816=DIRECTION('',(0.,0.,1.));
#2817=DIRECTION('',(0.,0.,1.));
#2818=DIRECTION('',(1.,0.,0.));
#2819=DIRECTION('',(0.,0.,1.));
#2820=DIRECTION('',(0.,1.,0.));
#2821=DIRECTION('',(-1.,0.,0.));
#2822=DIRECTION('',(0.,0.,1.));
#2823=DIRECTION('',(0.,-0.707106781186548,-0.707106781186548));
#2824=DIRECTION('',(0.,0.707106781186548,-0.707106781186548));
#2825=DIRECTION('',(0.,-0.707106781186545,0.70710678118655));
#2826=DIRECTION('',(0.,-0.707106781186551,-0.707106781186545));
#2827=DIRECTION('',(0.,0.707106781186545,0.70710678118655));
#2828=DIRECTION('',(0.,-0.707106781186551,0.707106781186545));
#2829=DIRECTION('',(0.,0.707106781186548,-0.707106781186548));
#2830=DIRECTION('',(0.,0.707106781186548,0.707106781186548));
#2831=DIRECTION('',(1.,0.,0.));
#2832=DIRECTION('',(0.,0.,-1.));
#2833=DIRECTION('',(1.,0.,0.));
#2834=DIRECTION('',(0.,0.,-1.));
#2835=DIRECTION('',(0.,0.,1.));
#2836=DIRECTION('',(1.,0.,0.));
#2837=DIRECTION('',(0.,0.,-1.));
#2838=DIRECTION('',(-1.,0.,0.));
#2839=DIRECTION('',(0.,0.,-1.));
#2840=DIRECTION('',(-1.,0.,0.));
#2841=DIRECTION('',(0.,0.,-1.));
#2842=DIRECTION('',(-1.,0.,0.));
#2843=DIRECTION('',(0.,0.,1.));
#2844=DIRECTION('',(1.,0.,0.));
#2845=DIRECTION('',(0.,0.,-1.));
#2846=DIRECTION('',(-1.,0.,0.));
#2847=DIRECTION('',(0.,0.,-1.));
#2848=DIRECTION('',(-1.,0.,0.));
#2849=DIRECTION('',(0.,0.,-1.));
#2850=DIRECTION('',(-1.,0.,0.));
#2851=DIRECTION('',(0.,0.,1.));
#2852=DIRECTION('',(1.,0.,0.));
#2853=DIRECTION('',(0.,0.,1.));
#2854=DIRECTION('',(1.,0.,0.));
#2855=DIRECTION('',(-1.,0.,0.));
#2856=DIRECTION('',(0.,1.,0.));
#2857=DIRECTION('',(1.,0.,0.));
#2858=DIRECTION('',(0.,0.,1.));
#2859=DIRECTION('',(-1.,0.,0.));
#2860=DIRECTION('',(0.,1.,0.));
#2861=DIRECTION('',(1.,0.,0.));
#2862=DIRECTION('',(0.,0.,1.));
#2863=DIRECTION('',(-1.,0.,0.));
#2864=DIRECTION('',(0.,-1.,0.));
#2865=DIRECTION('',(1.,0.,0.));
#2866=DIRECTION('',(0.,0.,1.));
#2867=DIRECTION('',(-1.,0.,0.));
#2868=DIRECTION('',(0.,1.,0.));
#2869=DIRECTION('',(-1.,0.,0.));
#2870=DIRECTION('',(0.,0.,-1.));
#2871=DIRECTION('',(-1.,0.,0.));
#2872=DIRECTION('',(0.,1.,0.));
#2873=DIRECTION('',(-1.,0.,0.));
#2874=DIRECTION('',(0.,0.,-1.));
#2875=DIRECTION('',(0.,-0.707106781186549,0.707106781186547));
#2876=DIRECTION('',(0.,0.707106781186547,0.707106781186549));
#2877=DIRECTION('',(0.,0.707106781186549,-0.707106781186547));
#2878=DIRECTION('',(0.,0.707106781186547,0.707106781186548));
#2879=DIRECTION('',(0.,-0.707106781186549,0.707106781186547));
#2880=DIRECTION('',(0.,0.,-1.));
#2881=DIRECTION('',(1.,0.,0.));
#2882=DIRECTION('',(0.,1.,0.));
#2883=DIRECTION('',(0.,0.,1.));
#2884=DIRECTION('',(0.,-1.,0.));
#2885=DIRECTION('',(1.,0.,0.));
#2886=DIRECTION('',(-1.,0.,0.));
#2887=DIRECTION('',(0.,0.,-1.));
#2888=DIRECTION('',(1.,0.,0.));
#2889=DIRECTION('',(-1.,0.,0.));
#2890=DIRECTION('',(-1.,0.,0.));
#2891=DIRECTION('',(0.,0.,1.));
#2892=DIRECTION('',(0.,-1.,0.));
#2893=DIRECTION('',(0.,0.,-1.));
#2894=DIRECTION('',(0.,-0.707106781186546,-0.707106781186549));
#2895=DIRECTION('',(0.,-0.707106781186549,0.707106781186546));
#2896=DIRECTION('',(0.,0.707106781186546,0.707106781186549));
#2897=DIRECTION('',(0.,-0.707106781186549,0.707106781186546));
#2898=DIRECTION('',(0.,-0.707106781186546,-0.707106781186549));
#2899=DIRECTION('',(-1.,0.,0.));
#2900=DIRECTION('',(0.,-1.,-2.09951404051656E-016));
#2901=DIRECTION('',(-1.,0.,0.));
#2902=DIRECTION('',(0.,-1.,-2.09951404051656E-016));
#2903=DIRECTION('',(-1.,0.,0.));
#2904=DIRECTION('',(0.,0.,-1.));
#2905=DIRECTION('',(-1.,0.,0.));
#2906=DIRECTION('',(0.,-1.,0.));
#2907=DIRECTION('',(-1.,0.,0.));
#2908=DIRECTION('',(0.,0.,-1.));
#2909=DIRECTION('',(0.,0.,-1.));
#2910=DIRECTION('',(0.,1.,0.));
#2911=DIRECTION('',(0.,0.,1.));
#2912=DIRECTION('',(1.,0.,0.));
#2913=DIRECTION('',(0.,0.,1.));
#2914=DIRECTION('',(1.,0.,0.));
#2915=DIRECTION('',(0.,0.,1.));
#2916=DIRECTION('',(0.,0.,-1.));
#2917=DIRECTION('',(-1.,0.,0.));
#2918=DIRECTION('',(0.,0.,1.));
#2919=DIRECTION('',(-1.,0.,0.));
#2920=DIRECTION('',(-1.,0.,0.));
#2921=DIRECTION('',(0.,0.,1.));
#2922=DIRECTION('',(-1.,0.,0.));
#2923=DIRECTION('',(0.,0.,-1.));
#2924=DIRECTION('',(0.,1.,-8.163404592832E-015));
#2925=DIRECTION('',(0.,8.16340459283203E-015,1.));
#2926=DIRECTION('',(0.,0.,1.));
#2927=DIRECTION('',(-1.,0.,0.));
#2928=DIRECTION('',(0.,0.,-1.));
#2929=DIRECTION('',(-1.,0.,0.));
#2930=DIRECTION('',(0.,0.,-1.));
#2931=DIRECTION('',(1.,0.,0.));
#2932=DIRECTION('',(0.,1.,0.));
#2933=DIRECTION('',(0.,0.,-1.));
#2934=DIRECTION('',(0.,-1.,0.));
#2935=DIRECTION('',(0.,0.,-1.));
#2936=DIRECTION('',(1.,0.,0.));
#2937=DIRECTION('',(0.,0.,1.));
#2938=DIRECTION('',(0.,0.,1.));
#2939=DIRECTION('',(-1.,0.,0.));
#2940=DIRECTION('',(-1.,0.,0.));
#2941=DIRECTION('',(0.,0.,-1.));
#2942=DIRECTION('',(-1.,0.,0.));
#2943=DIRECTION('',(0.,1.,0.));
#2944=DIRECTION('',(-1.,0.,0.));
#2945=DIRECTION('',(0.,0.,0.999999999999999));
#2946=DIRECTION('',(-1.,0.,0.));
#2947=DIRECTION('',(0.,0.,1.));
#2948=DIRECTION('',(0.,0.,1.));
#2949=DIRECTION('',(1.,0.,0.));
#2950=DIRECTION('',(0.,0.,-1.));
#2951=DIRECTION('',(-1.,0.,0.));
#2952=DIRECTION('',(0.,0.,-1.));
#2953=DIRECTION('',(-1.,0.,0.));
#2954=DIRECTION('',(0.,0.,-1.));
#2955=DIRECTION('',(-1.,0.,0.));
#2956=DIRECTION('',(0.,0.,1.));
#2957=DIRECTION('',(1.,0.,0.));
#2958=DIRECTION('',(0.,0.,-1.));
#2959=DIRECTION('',(-1.,0.,0.));
#2960=DIRECTION('',(0.,0.,-1.));
#2961=DIRECTION('',(-1.,0.,0.));
#2962=DIRECTION('',(0.,0.,-1.));
#2963=DIRECTION('',(-1.,0.,0.));
#2964=DIRECTION('',(0.,0.,1.));
#2965=DIRECTION('',(1.,0.,0.));
#2966=DIRECTION('',(0.,0.,1.));
#2967=DIRECTION('',(1.,0.,0.));
#2968=DIRECTION('',(0.,0.,1.));
#2969=DIRECTION('',(-1.,0.,0.));
#2970=DIRECTION('',(0.,0.,1.));
#2971=DIRECTION('',(-1.,0.,0.));
#2972=DIRECTION('',(0.,-1.,0.));
#2973=DIRECTION('',(0.,0.,-1.));
#2974=DIRECTION('',(0.,-0.766044443118978,0.642787609686539));
#2975=DIRECTION('',(-1.,0.,0.));
#2976=DIRECTION('',(0.,-0.766044443118978,0.642787609686539));
#2977=DIRECTION('',(0.,-0.642787609686539,-0.766044443118978));
#2978=DIRECTION('',(0.,0.766044443118978,-0.64278760968654));
#2979=DIRECTION('',(0.,2.94575684599835E-016,1.));
#2980=DIRECTION('',(1.,0.,0.));
#2981=DIRECTION('',(0.,2.94575684599835E-016,1.));
#2982=DIRECTION('',(0.,-1.,2.94575684599835E-016));
#2983=DIRECTION('',(0.,-2.94902990916057E-016,-1.));
#2984=DIRECTION('',(-1.,0.,0.));
#2985=DIRECTION('',(0.,-1.,-2.91550164029715E-016));
#2986=DIRECTION('',(-1.,0.,0.));
#2987=DIRECTION('',(-1.,0.,0.));
#2988=DIRECTION('',(0.,-1.,-2.91550164029715E-016));
#2989=DIRECTION('',(1.,0.,0.));
#2990=DIRECTION('',(-1.,0.,0.));
#2991=DIRECTION('',(0.,0.,1.));
#2992=DIRECTION('',(0.,0.,1.));
#2993=DIRECTION('',(-1.,0.,0.));
#2994=DIRECTION('',(0.,0.,1.));
#2995=DIRECTION('',(1.,0.,0.));
#2996=DIRECTION('',(0.,-1.,0.));
#2997=DIRECTION('',(0.,0.,-1.));
#2998=DIRECTION('',(-1.,0.,0.));
#2999=DIRECTION('',(0.,-1.,0.));
#3000=DIRECTION('',(-1.,0.,0.));
#3001=DIRECTION('',(-1.,0.,0.));
#3002=DIRECTION('',(0.,-1.,0.));
#3003=DIRECTION('',(1.,0.,0.));
#3004=DIRECTION('',(-1.,0.,0.));
#3005=DIRECTION('',(0.,0.,1.));
#3006=DIRECTION('',(0.,0.,-1.));
#3007=DIRECTION('',(-1.,0.,0.));
#3008=DIRECTION('',(0.,0.,-1.));
#3009=DIRECTION('',(-1.,0.,0.));
#3010=DIRECTION('',(0.,0.,-1.));
#3011=DIRECTION('',(-1.,0.,0.));
#3012=DIRECTION('',(0.,0.,-1.));
#3013=DIRECTION('',(-1.,0.,0.));
#3014=DIRECTION('',(0.,-1.,0.));
#3015=DIRECTION('',(-1.,0.,0.));
#3016=DIRECTION('',(0.,-1.,0.));
#3017=DIRECTION('',(1.,0.,0.));
#3018=DIRECTION('',(0.,0.,-1.));
#3019=DIRECTION('',(-1.,0.,0.));
#3020=DIRECTION('',(-1.,0.,0.));
#3021=DIRECTION('',(0.,1.,0.));
#3022=DIRECTION('',(1.,0.,0.));
#3023=DIRECTION('',(-1.,0.,0.));
#3024=DIRECTION('',(0.,1.,0.));
#3025=DIRECTION('',(-1.,0.,0.));
#3026=DIRECTION('',(-1.,0.,0.));
#3027=DIRECTION('',(0.,0.,1.));
#3028=DIRECTION('',(0.,0.,-1.));
#3029=DIRECTION('',(1.,0.,0.));
#3030=DIRECTION('',(0.,0.,-1.));
#3031=DIRECTION('',(-1.,0.,0.));
#3032=DIRECTION('',(0.,1.,0.));
#3033=DIRECTION('',(0.,0.,1.));
#3034=DIRECTION('',(-1.,0.,0.));
#3035=DIRECTION('',(0.,1.,0.));
#3036=DIRECTION('',(1.,0.,0.));
#3037=DIRECTION('',(-1.,0.,0.));
#3038=DIRECTION('',(0.,1.,0.));
#3039=DIRECTION('',(-1.,0.,0.));
#3040=DIRECTION('',(-1.,0.,0.));
#3041=DIRECTION('',(0.,0.,1.));
#3042=DIRECTION('',(0.,2.94575684599835E-016,-1.));
#3043=DIRECTION('',(-1.,0.,0.));
#3044=DIRECTION('',(0.,2.94575684599835E-016,-1.));
#3045=DIRECTION('',(-1.,0.,0.));
#3046=DIRECTION('',(0.,1.,2.94575684599835E-016));
#3047=DIRECTION('',(0.,-2.94902990916057E-016,1.));
#3048=DIRECTION('',(0.,-0.766044443118978,-0.642787609686539));
#3049=DIRECTION('',(-1.,0.,0.));
#3050=DIRECTION('',(0.,-0.766044443118978,-0.642787609686539));
#3051=DIRECTION('',(0.,0.642787609686539,-0.766044443118978));
#3052=DIRECTION('',(0.,0.766044443118978,0.64278760968654));
#3053=DIRECTION('',(0.,0.,-1.));
#3054=DIRECTION('',(-1.,0.,0.));
#3055=DIRECTION('',(0.,0.,-1.));
#3056=DIRECTION('',(0.,1.,0.));
#3057=DIRECTION('',(0.,0.,1.));
#3058=DIRECTION('',(0.,5.07710706386628E-016,1.));
#3059=DIRECTION('',(0.,-1.,5.07710706386628E-016));
#3060=DIRECTION('',(0.,5.07710706386628E-016,1.));
#3061=DIRECTION('',(0.,-1.,5.07710706386628E-016));
#3062=DIRECTION('',(0.,5.07710706386628E-016,1.));
#3063=DIRECTION('',(0.,-1.,5.07710706386628E-016));
#3064=DIRECTION('',(0.,5.07710706386628E-016,1.));
#3065=DIRECTION('',(0.,-1.,5.07710706386628E-016));
#3066=DIRECTION('',(0.,1.,-5.07710706386628E-016));
#3067=DIRECTION('',(0.,1.,5.07710706386628E-016));
#3068=DIRECTION('',(0.,5.07710706386628E-016,1.));
#3069=DIRECTION('',(0.,-1.,5.07710706386628E-016));
#3070=DIRECTION('',(1.,0.,0.));
#3071=DIRECTION('',(0.,0.,0.999999999999998));
#3072=DIRECTION('',(1.,0.,0.));
#3073=DIRECTION('',(0.,0.,0.999999999999998));
#3074=DIRECTION('',(1.,0.,0.));
#3075=DIRECTION('',(0.,0.,0.999999999999998));
#3076=DIRECTION('',(1.,0.,0.));
#3077=DIRECTION('',(0.,0.,0.999999999999998));
#3078=DIRECTION('',(1.,0.,0.));
#3079=DIRECTION('',(0.,0.,0.999999999999998));
#3080=DIRECTION('',(1.,0.,0.));
#3081=DIRECTION('',(0.,0.,0.999999999999998));
#3082=DIRECTION('',(-1.,0.,0.));
#3083=DIRECTION('',(0.,0.,0.999999999999998));
#3084=DIRECTION('',(-1.,0.,0.));
#3085=DIRECTION('',(0.,0.,0.999999999999998));
#3086=DIRECTION('',(-1.,0.,0.));
#3087=DIRECTION('',(0.,0.,1.));
#3088=DIRECTION('',(-1.,0.,0.));
#3089=DIRECTION('',(0.,0.,0.999999999999998));
#3090=DIRECTION('',(1.,0.,0.));
#3091=DIRECTION('',(0.,0.,0.999999999999998));
#3092=DIRECTION('',(1.,0.,0.));
#3093=DIRECTION('',(0.,0.,0.999999999999998));
#3094=DIRECTION('',(-1.,0.,0.));
#3095=DIRECTION('',(0.,0.,0.999999999999998));
#3096=DIRECTION('',(-1.,0.,0.));
#3097=DIRECTION('',(0.,0.,0.999999999999998));
#3098=DIRECTION('',(-1.,0.,0.));
#3099=DIRECTION('',(0.,0.,0.999999999999998));
#3100=DIRECTION('',(-1.,0.,0.));
#3101=DIRECTION('',(0.,0.,0.999999999999998));
#3102=DIRECTION('',(-1.,0.,0.));
#3103=DIRECTION('',(0.,0.,0.999999999999998));
#3104=DIRECTION('',(-1.,0.,0.));
#3105=DIRECTION('',(0.,0.,1.));
#3106=DIRECTION('',(-1.,0.,0.));
#3107=DIRECTION('',(0.,0.,0.999999999999998));
#3108=DIRECTION('',(-1.,0.,0.));
#3109=DIRECTION('',(0.,0.,0.999999999999998));
#3110=DIRECTION('',(-1.,0.,0.));
#3111=DIRECTION('',(0.,0.,0.999999999999998));
#3112=DIRECTION('',(-1.,0.,0.));
#3113=DIRECTION('',(0.,0.,0.999999999999998));
#3114=DIRECTION('',(-1.,0.,0.));
#3115=DIRECTION('',(0.,0.,0.999999999999998));
#3116=DIRECTION('',(-1.,0.,0.));
#3117=DIRECTION('',(0.,0.,0.999999999999998));
#3118=DIRECTION('',(-1.,0.,0.));
#3119=DIRECTION('',(0.,0.,0.999999999999998));
#3120=DIRECTION('',(-1.,0.,0.));
#3121=DIRECTION('',(0.,0.,0.999999999999998));
#3122=DIRECTION('',(0.,0.,-1.));
#3123=DIRECTION('',(-1.,0.,0.));
#3124=DIRECTION('',(0.,0.,-1.));
#3125=DIRECTION('',(-1.,0.,0.));
#3126=DIRECTION('',(0.,0.,-1.));
#3127=DIRECTION('',(-1.,0.,0.));
#3128=DIRECTION('',(0.,0.,-1.));
#3129=DIRECTION('',(-1.,0.,0.));
#3130=DIRECTION('',(0.,0.,-1.));
#3131=DIRECTION('',(-1.,0.,0.));
#3132=DIRECTION('',(0.,0.,-1.));
#3133=DIRECTION('',(-0.999999999999999,0.,0.));
#3134=DIRECTION('',(0.,0.,-1.));
#3135=DIRECTION('',(-0.999999999999999,0.,0.));
#3136=DIRECTION('',(0.,0.,-1.));
#3137=DIRECTION('',(-1.,0.,0.));
#3138=DIRECTION('',(0.,0.,-1.));
#3139=DIRECTION('',(-1.,0.,0.));
#3140=DIRECTION('',(0.,0.,-1.));
#3141=DIRECTION('',(-1.,0.,0.));
#3142=DIRECTION('',(0.,0.,-1.));
#3143=DIRECTION('',(-1.,0.,0.));
#3144=DIRECTION('',(0.,0.,-1.));
#3145=DIRECTION('',(-1.,0.,0.));
#3146=DIRECTION('',(0.,0.,-1.));
#3147=DIRECTION('',(-1.,0.,0.));
#3148=DIRECTION('',(0.,0.,-1.));
#3149=DIRECTION('',(-1.,0.,0.));
#3150=DIRECTION('',(0.,0.,-1.));
#3151=DIRECTION('',(-1.,0.,0.));
#3152=DIRECTION('',(0.,0.,-1.));
#3153=DIRECTION('',(-1.,0.,0.));
#3154=DIRECTION('',(0.,0.,-1.));
#3155=DIRECTION('',(-1.,0.,0.));
#3156=DIRECTION('',(0.,0.,-1.));
#3157=DIRECTION('',(-1.,0.,0.));
#3158=DIRECTION('',(0.,0.,-1.));
#3159=DIRECTION('',(-1.,0.,0.));
#3160=DIRECTION('',(0.,0.,-1.));
#3161=DIRECTION('',(-1.,0.,0.));
#3162=CARTESIAN_POINT('',(0.,0.,0.));
#3163=CARTESIAN_POINT('',(-73.5,42.5152243159769,18.3483273692265));
#3164=CARTESIAN_POINT('',(-73.5,28.6169523666565,27.2877715254776));
#3165=CARTESIAN_POINT('',(-73.5,36.125,33.5877715254776));
#3166=CARTESIAN_POINT('',(-73.5,28.6169523666565,27.2877715254776));
#3167=CARTESIAN_POINT('',(-73.5,-43.2711605705705,62.0752480590365));
#3168=CARTESIAN_POINT('',(-73.5,43.2711605705705,62.0752480590365));
#3169=CARTESIAN_POINT('',(-73.5,36.125,47.1753147001377));
#3170=CARTESIAN_POINT('',(-73.5,27.3566729189669,57.625));
#3171=CARTESIAN_POINT('',(-73.5,36.125,47.1753147001377));
#3172=CARTESIAN_POINT('',(-73.5,-43.2711605705705,62.0752480590365));
#3173=CARTESIAN_POINT('',(-73.5,-43.2711605705705,62.0752480590365));
#3174=CARTESIAN_POINT('',(-73.5,-27.3566729189669,57.625));
#3175=CARTESIAN_POINT('',(-73.5,-36.125,47.1753147001377));
#3176=CARTESIAN_POINT('',(-73.5,-27.3566729189669,57.625));
#3177=CARTESIAN_POINT('',(-73.5,-43.2711605705705,62.0752480590365));
#3178=CARTESIAN_POINT('',(-104.,-36.125,47.1753147001377));
#3179=CARTESIAN_POINT('',(-104.,-36.125,47.1753147001377));
#3180=CARTESIAN_POINT('',(-104.,-43.2711605705705,62.0752480590365));
#3181=CARTESIAN_POINT('',(-104.,-27.3566729189669,57.625));
#3182=CARTESIAN_POINT('',(-104.,-27.3566729189669,57.625));
#3183=CARTESIAN_POINT('',(-104.,-43.2711605705705,62.0752480590365));
#3184=CARTESIAN_POINT('',(73.5,-36.125,47.1753147001377));
#3185=CARTESIAN_POINT('',(73.5,-36.125,47.1753147001377));
#3186=CARTESIAN_POINT('',(104.,-36.125,47.1753147001377));
#3187=CARTESIAN_POINT('',(104.,-36.125,47.1753147001377));
#3188=CARTESIAN_POINT('',(104.,-36.125,47.1753147001377));
#3189=CARTESIAN_POINT('',(104.,-36.125,33.5877715254776));
#3190=CARTESIAN_POINT('',(104.,-36.125,33.5877715254776));
#3191=CARTESIAN_POINT('',(73.5,-36.125,33.5877715254776));
#3192=CARTESIAN_POINT('',(73.5,-36.125,33.5877715254776));
#3193=CARTESIAN_POINT('',(-73.5,-36.125,33.5877715254776));
#3194=CARTESIAN_POINT('',(-104.,-36.125,33.5877715254776));
#3195=CARTESIAN_POINT('',(-104.,-36.125,33.5877715254776));
#3196=CARTESIAN_POINT('',(-104.,-36.125,47.1753147001377));
#3197=CARTESIAN_POINT('',(-104.,-36.125,47.1753147001377));
#3198=CARTESIAN_POINT('',(-73.5,-42.5152243159769,18.3483273692265));
#3199=CARTESIAN_POINT('',(-73.5,-28.6169523666565,27.2877715254776));
#3200=CARTESIAN_POINT('',(-104.,-28.6169523666565,27.2877715254776));
#3201=CARTESIAN_POINT('',(-104.,-28.6169523666565,27.2877715254776));
#3202=CARTESIAN_POINT('',(-104.,-42.5152243159769,18.3483273692265));
#3203=CARTESIAN_POINT('',(-104.,-42.5152243159769,18.3483273692265));
#3204=CARTESIAN_POINT('',(73.5,-28.6169523666565,27.2877715254776));
#3205=CARTESIAN_POINT('',(73.5,-28.6169523666565,27.2877715254776));
#3206=CARTESIAN_POINT('',(104.,-28.6169523666565,27.2877715254776));
#3207=CARTESIAN_POINT('',(104.,-28.6169523666565,27.2877715254776));
#3208=CARTESIAN_POINT('',(104.,-28.6169523666565,27.2877715254776));
#3209=CARTESIAN_POINT('',(104.,-28.6169523666565,19.8233395856335));
#3210=CARTESIAN_POINT('',(-104.,-28.6169523666565,19.8233395856335));
#3211=CARTESIAN_POINT('',(-104.,-28.6169523666565,19.8233395856335));
#3212=CARTESIAN_POINT('',(-104.,-28.6169523666565,27.2877715254776));
#3213=CARTESIAN_POINT('',(-104.,-28.6169523666565,27.2877715254776));
#3214=CARTESIAN_POINT('',(104.,-28.6169523666565,19.8233395856335));
#3215=CARTESIAN_POINT('',(104.,-35.5569382387313,14.));
#3216=CARTESIAN_POINT('',(-104.,-35.5569382387313,14.));
#3217=CARTESIAN_POINT('',(-104.,-35.5569382387313,14.));
#3218=CARTESIAN_POINT('',(-104.,-28.6169523666565,19.8233395856335));
#3219=CARTESIAN_POINT('',(-104.,-28.6169523666565,19.8233395856335));
#3220=CARTESIAN_POINT('',(104.,-35.5569382387313,14.));
#3221=CARTESIAN_POINT('',(104.,-60.6538650172118,14.));
#3222=CARTESIAN_POINT('',(104.,-60.6538650172118,14.));
#3223=CARTESIAN_POINT('',(73.5,-60.6538650172118,14.));
#3224=CARTESIAN_POINT('',(73.5,-35.5569382387313,14.));
#3225=CARTESIAN_POINT('',(73.5,-62.3069382387313,14.));
#3226=CARTESIAN_POINT('',(73.5,-62.3069382387313,14.));
#3227=CARTESIAN_POINT('',(-73.5,-62.3069382387313,14.));
#3228=CARTESIAN_POINT('',(-73.5,-35.5569382387313,14.));
#3229=CARTESIAN_POINT('',(-73.5,-60.6538650172118,14.));
#3230=CARTESIAN_POINT('',(-104.,-60.6538650172118,14.));
#3231=CARTESIAN_POINT('',(-104.,-60.6538650172118,14.));
#3232=CARTESIAN_POINT('',(-104.,-35.5569382387313,14.));
#3233=CARTESIAN_POINT('',(-104.,-35.5569382387313,14.));
#3234=CARTESIAN_POINT('',(-103.15,-62.6595922001482,16.0034766119579));
#3235=CARTESIAN_POINT('',(-93.2666666666667,-62.6595922001482,16.0034766119579));
#3236=CARTESIAN_POINT('',(-83.3833333333333,-62.6595922001482,16.0034766119579));
#3237=CARTESIAN_POINT('',(-73.5,-62.6595922001482,16.0034766119579));
#3238=CARTESIAN_POINT('',(-103.15,-62.659182812526,16.0041925098249));
#3239=CARTESIAN_POINT('',(-73.5,-62.6602052206378,16.0034766119578));
#3240=CARTESIAN_POINT('',(-103.15,-61.8095922001482,15.1557271829365));
#3241=CARTESIAN_POINT('',(-104.,-61.8095922001482,15.1557271829365));
#3242=CARTESIAN_POINT('',(-104.,-60.6538650172118,14.));
#3243=CARTESIAN_POINT('',(-73.5,-60.6538650172118,14.));
#3244=CARTESIAN_POINT('',(-104.,-60.6538650172118,14.));
#3245=CARTESIAN_POINT('',(-73.5,-62.6595922001482,16.));
#3246=CARTESIAN_POINT('',(-73.5,-62.6595922001482,84.525));
#3247=CARTESIAN_POINT('',(-104.,-62.6595922001482,84.525));
#3248=CARTESIAN_POINT('',(-103.15,-62.6595922001482,84.525));
#3249=CARTESIAN_POINT('',(-103.15,-62.6595922001482,16.));
#3250=CARTESIAN_POINT('',(-104.,-62.6595922001482,16.));
#3251=CARTESIAN_POINT('',(-103.15,-62.6595922001482,85.375));
#3252=CARTESIAN_POINT('',(-103.15,61.8095922001482,85.375));
#3253=CARTESIAN_POINT('',(-103.15,-61.8095922001482,85.375));
#3254=CARTESIAN_POINT('',(-104.,-61.8095922001482,85.375));
#3255=CARTESIAN_POINT('',(-73.5,-61.8095922001482,85.375));
#3256=CARTESIAN_POINT('',(-73.5,-62.6595922001482,85.375));
#3257=CARTESIAN_POINT('',(-73.5,61.8095922001482,85.375));
#3258=CARTESIAN_POINT('',(-104.,61.8095922001482,85.375));
#3259=CARTESIAN_POINT('',(-104.,-62.6595922001482,85.375));
#3260=CARTESIAN_POINT('',(-104.,62.6595922001482,16.));
#3261=CARTESIAN_POINT('',(-103.15,62.6595922001482,16.));
#3262=CARTESIAN_POINT('',(-73.5,62.6595922001482,16.));
#3263=CARTESIAN_POINT('',(-103.15,62.6595922001482,85.375));
#3264=CARTESIAN_POINT('',(-103.15,62.6595922001482,84.525));
#3265=CARTESIAN_POINT('',(-104.,62.6595922001482,84.525));
#3266=CARTESIAN_POINT('',(-73.5,62.6595922001482,84.525));
#3267=CARTESIAN_POINT('',(-73.5,62.6595922001482,85.375));
#3268=CARTESIAN_POINT('',(-104.,62.6595922001482,85.375));
#3269=CARTESIAN_POINT('',(-104.,62.6595922001482,16.));
#3270=CARTESIAN_POINT('',(-104.,61.8095922001482,15.15));
#3271=CARTESIAN_POINT('',(-104.,60.6595922001483,14.));
#3272=CARTESIAN_POINT('',(-103.15,61.8095922001482,15.15));
#3273=CARTESIAN_POINT('',(-73.5,62.6595922001482,16.));
#3274=CARTESIAN_POINT('',(-73.5,60.6595922001482,14.));
#3275=CARTESIAN_POINT('',(-104.,60.6595922001483,14.));
#3276=CARTESIAN_POINT('',(-104.,62.6595922001482,16.));
#3277=CARTESIAN_POINT('',(-73.5,62.3069382387313,14.));
#3278=CARTESIAN_POINT('',(-73.5,62.3069382387313,14.));
#3279=CARTESIAN_POINT('',(73.5,62.3069382387313,14.));
#3280=CARTESIAN_POINT('',(73.5,62.3069382387313,14.));
#3281=CARTESIAN_POINT('',(73.5,62.3069382387313,14.));
#3282=CARTESIAN_POINT('',(73.5,60.6595922001483,14.));
#3283=CARTESIAN_POINT('',(104.,60.6595922001483,14.));
#3284=CARTESIAN_POINT('',(104.,60.6595922001483,14.));
#3285=CARTESIAN_POINT('',(104.,60.6595922001483,14.));
#3286=CARTESIAN_POINT('',(104.,35.5569382387313,14.));
#3287=CARTESIAN_POINT('',(-104.,35.5569382387313,14.));
#3288=CARTESIAN_POINT('',(-104.,35.5569382387313,14.));
#3289=CARTESIAN_POINT('',(-104.,60.6595922001483,14.));
#3290=CARTESIAN_POINT('',(-104.,60.6595922001483,14.));
#3291=CARTESIAN_POINT('',(104.,35.5569382387313,14.));
#3292=CARTESIAN_POINT('',(104.,28.6169523666565,19.8233395856335));
#3293=CARTESIAN_POINT('',(-104.,28.6169523666565,19.8233395856335));
#3294=CARTESIAN_POINT('',(-104.,28.6169523666565,19.8233395856335));
#3295=CARTESIAN_POINT('',(-104.,35.5569382387313,14.));
#3296=CARTESIAN_POINT('',(-104.,35.5569382387313,14.));
#3297=CARTESIAN_POINT('',(104.,28.6169523666565,19.8233395856335));
#3298=CARTESIAN_POINT('',(104.,28.6169523666565,27.2877715254776));
#3299=CARTESIAN_POINT('',(104.,28.6169523666565,27.2877715254776));
#3300=CARTESIAN_POINT('',(73.5,28.6169523666565,27.2877715254776));
#3301=CARTESIAN_POINT('',(73.5,28.6169523666565,27.2877715254776));
#3302=CARTESIAN_POINT('',(-104.,28.6169523666565,27.2877715254776));
#3303=CARTESIAN_POINT('',(-104.,28.6169523666565,27.2877715254776));
#3304=CARTESIAN_POINT('',(-104.,28.6169523666565,19.8233395856335));
#3305=CARTESIAN_POINT('',(-104.,28.6169523666565,19.8233395856335));
#3306=CARTESIAN_POINT('',(-104.,36.125,33.5877715254776));
#3307=CARTESIAN_POINT('',(-104.,36.125,33.5877715254776));
#3308=CARTESIAN_POINT('',(-104.,42.5152243159769,18.3483273692265));
#3309=CARTESIAN_POINT('',(-104.,42.5152243159769,18.3483273692265));
#3310=CARTESIAN_POINT('',(73.5,36.125,33.5877715254776));
#3311=CARTESIAN_POINT('',(73.5,36.125,33.5877715254776));
#3312=CARTESIAN_POINT('',(104.,36.125,33.5877715254776));
#3313=CARTESIAN_POINT('',(104.,36.125,33.5877715254776));
#3314=CARTESIAN_POINT('',(104.,36.125,33.5877715254776));
#3315=CARTESIAN_POINT('',(104.,36.125,47.1753147001377));
#3316=CARTESIAN_POINT('',(104.,36.125,47.1753147001377));
#3317=CARTESIAN_POINT('',(73.5,36.125,47.1753147001377));
#3318=CARTESIAN_POINT('',(73.5,36.125,47.1753147001377));
#3319=CARTESIAN_POINT('',(-104.,36.125,47.1753147001377));
#3320=CARTESIAN_POINT('',(-104.,36.125,47.1753147001377));
#3321=CARTESIAN_POINT('',(-104.,36.125,33.5877715254776));
#3322=CARTESIAN_POINT('',(-104.,36.125,33.5877715254776));
#3323=CARTESIAN_POINT('',(-104.,27.3566729189669,57.625));
#3324=CARTESIAN_POINT('',(-104.,27.3566729189669,57.625));
#3325=CARTESIAN_POINT('',(-104.,43.2711605705705,62.0752480590365));
#3326=CARTESIAN_POINT('',(-104.,43.2711605705705,62.0752480590365));
#3327=CARTESIAN_POINT('',(73.5,27.3566729189669,57.625));
#3328=CARTESIAN_POINT('',(73.5,27.3566729189669,57.625));
#3329=CARTESIAN_POINT('',(104.,27.3566729189669,57.625));
#3330=CARTESIAN_POINT('',(104.,27.3566729189669,57.625));
#3331=CARTESIAN_POINT('',(104.,27.3566729189669,57.625));
#3332=CARTESIAN_POINT('',(104.,-27.3566729189669,57.625));
#3333=CARTESIAN_POINT('',(104.,-27.3566729189669,57.625));
#3334=CARTESIAN_POINT('',(73.5,-27.3566729189669,57.625));
#3335=CARTESIAN_POINT('',(73.5,-27.3566729189669,57.625));
#3336=CARTESIAN_POINT('',(-104.,27.3566729189669,57.625));
#3337=CARTESIAN_POINT('',(-104.,-7.105427357601E-015,57.625));
#3338=CARTESIAN_POINT('',(-104.,0.,71.));
#3339=CARTESIAN_POINT('',(-104.,4.864,71.));
#3340=CARTESIAN_POINT('',(-104.,-61.8095922001482,85.375));
#3341=CARTESIAN_POINT('',(-104.,-61.8095922001482,84.525));
#3342=CARTESIAN_POINT('',(-104.,62.6595922001482,84.525));
#3343=CARTESIAN_POINT('',(-104.,61.8095922001482,84.525));
#3344=CARTESIAN_POINT('',(-104.,61.8095922001482,16.));
#3345=CARTESIAN_POINT('',(-104.,-43.2711605705705,62.0752480590365));
#3346=CARTESIAN_POINT('',(-73.5,-36.125,33.5877715254776));
#3347=CARTESIAN_POINT('',(-73.5,-43.2711605705705,62.0752480590365));
#3348=CARTESIAN_POINT('',(-103.15,61.8095922001482,84.525));
#3349=CARTESIAN_POINT('',(-103.15,61.8095922001482,62.0752480590365));
#3350=CARTESIAN_POINT('',(-73.5,61.8095922001482,84.525));
#3351=CARTESIAN_POINT('',(-103.15,61.8095922001482,84.525));
#3352=CARTESIAN_POINT('',(-104.,61.8095922001482,84.525));
#3353=CARTESIAN_POINT('',(-103.15,61.8095922001482,84.525));
#3354=CARTESIAN_POINT('',(-103.15,61.8095922001482,84.525));
#3355=CARTESIAN_POINT('',(-103.15,-61.8095922001482,84.525));
#3356=CARTESIAN_POINT('',(-103.15,-61.8095922001482,62.0752480590365));
#3357=CARTESIAN_POINT('',(-103.15,-61.8095922001482,84.525));
#3358=CARTESIAN_POINT('',(-103.15,-43.2711605705705,84.525));
#3359=CARTESIAN_POINT('',(-103.15,-61.8095922001482,84.525));
#3360=CARTESIAN_POINT('',(-103.15,-61.8095922001482,84.525));
#3361=CARTESIAN_POINT('',(-73.5,-61.8095922001482,84.525));
#3362=CARTESIAN_POINT('',(-104.,-61.8095922001482,84.525));
#3363=CARTESIAN_POINT('',(-73.5,-62.3069382387313,14.));
#3364=CARTESIAN_POINT('',(-73.5,-28.6169523666565,14.));
#3365=CARTESIAN_POINT('',(-73.5,-62.3069382387313,14.));
#3366=CARTESIAN_POINT('',(-73.5,-67.2894849025074,42.2574263096701));
#3367=CARTESIAN_POINT('',(-73.5,-80.0919856916661,40.));
#3368=CARTESIAN_POINT('',(-73.5,-80.0919856916661,53.));
#3369=CARTESIAN_POINT('',(-73.5,-69.1836904863614,53.));
#3370=CARTESIAN_POINT('',(-73.5,-84.15,53.));
#3371=CARTESIAN_POINT('',(-73.5,-36.883476183328,5.7334761833284));
#3372=CARTESIAN_POINT('',(-73.5,-85.,53.85));
#3373=CARTESIAN_POINT('',(-73.5,-85.,53.));
#3374=CARTESIAN_POINT('',(-73.5,-85.,89.15));
#3375=CARTESIAN_POINT('',(-73.5,-94.3834761833282,79.7665238166718));
#3376=CARTESIAN_POINT('',(-73.5,-84.15,90.));
#3377=CARTESIAN_POINT('',(-73.5,-85.,90.));
#3378=CARTESIAN_POINT('',(-73.5,-51.,90.));
#3379=CARTESIAN_POINT('',(-73.5,-51.,90.));
#3380=CARTESIAN_POINT('',(-73.5,-49.0595821029026,87.6875));
#3381=CARTESIAN_POINT('',(-73.5,-49.0595821029026,87.6875));
#3382=CARTESIAN_POINT('',(-73.5,-18.9404178970975,87.6875));
#3383=CARTESIAN_POINT('',(-73.5,-18.9404178970975,87.6875));
#3384=CARTESIAN_POINT('',(-73.5,-17.,90.));
#3385=CARTESIAN_POINT('',(-73.5,-17.,90.));
#3386=CARTESIAN_POINT('',(-73.5,17.,90.));
#3387=CARTESIAN_POINT('',(-73.5,17.,90.));
#3388=CARTESIAN_POINT('',(-73.5,18.9404178970975,87.6875));
#3389=CARTESIAN_POINT('',(-73.5,18.9404178970975,87.6875));
#3390=CARTESIAN_POINT('',(-73.5,49.0595821029026,87.6875));
#3391=CARTESIAN_POINT('',(-73.5,49.0595821029026,87.6875));
#3392=CARTESIAN_POINT('',(-73.5,51.,90.));
#3393=CARTESIAN_POINT('',(-73.5,51.,90.));
#3394=CARTESIAN_POINT('',(-73.5,84.15,90.));
#3395=CARTESIAN_POINT('',(-73.5,65.7665238166718,108.383476183328));
#3396=CARTESIAN_POINT('',(-73.5,85.,89.15));
#3397=CARTESIAN_POINT('',(-73.5,85.,90.));
#3398=CARTESIAN_POINT('',(-73.5,85.,53.85));
#3399=CARTESIAN_POINT('',(-73.5,8.26652381667131,-22.8834761833281));
#3400=CARTESIAN_POINT('',(-73.5,84.15,53.));
#3401=CARTESIAN_POINT('',(-73.5,85.,53.));
#3402=CARTESIAN_POINT('',(-73.5,80.0919856916661,53.));
#3403=CARTESIAN_POINT('',(-73.5,80.0919856916661,40.));
#3404=CARTESIAN_POINT('',(-73.5,67.2894849025074,42.2574263096701));
#3405=CARTESIAN_POINT('',(-73.5,69.1836904863614,53.));
#3406=CARTESIAN_POINT('',(-73.5,-28.6169523666565,14.));
#3407=CARTESIAN_POINT('',(-73.5,69.1836904863614,53.));
#3408=CARTESIAN_POINT('',(-73.5,-28.6169523666565,14.));
#3409=CARTESIAN_POINT('',(73.5,-60.6538650172118,14.));
#3410=CARTESIAN_POINT('',(73.5,-62.6602052206379,16.0034766119579));
#3411=CARTESIAN_POINT('',(73.5,-62.3069382387313,14.));
#3412=CARTESIAN_POINT('',(73.5,-28.6169523666565,14.));
#3413=CARTESIAN_POINT('',(73.5,69.1836904863614,53.));
#3414=CARTESIAN_POINT('',(73.5,62.6595922001482,16.));
#3415=CARTESIAN_POINT('',(73.5,62.6595922001482,16.));
#3416=CARTESIAN_POINT('',(73.5,-28.6169523666565,14.));
#3417=CARTESIAN_POINT('',(73.5,-62.3069382387313,14.));
#3418=CARTESIAN_POINT('',(73.5,-67.2894849025074,42.2574263096701));
#3419=CARTESIAN_POINT('',(-73.5,-67.2894849025074,42.2574263096701));
#3420=CARTESIAN_POINT('',(73.5,-62.3069382387313,14.));
#3421=CARTESIAN_POINT('',(73.5,-80.0919856916661,53.));
#3422=CARTESIAN_POINT('',(73.5,-80.0919856916661,53.));
#3423=CARTESIAN_POINT('',(73.5,-69.1836904863614,53.));
#3424=CARTESIAN_POINT('',(73.5,-84.15,53.));
#3425=CARTESIAN_POINT('',(73.5,-84.15,53.));
#3426=CARTESIAN_POINT('',(73.5,-69.1836904863614,53.));
#3427=CARTESIAN_POINT('',(73.5,-85.,53.85));
#3428=CARTESIAN_POINT('',(73.5,-85.,53.85));
#3429=CARTESIAN_POINT('',(73.5,-85.,53.));
#3430=CARTESIAN_POINT('',(73.5,-85.,89.15));
#3431=CARTESIAN_POINT('',(73.5,-85.,89.15));
#3432=CARTESIAN_POINT('',(73.5,-85.,53.));
#3433=CARTESIAN_POINT('',(-55.,-71.,90.));
#3434=CARTESIAN_POINT('',(-62.,-71.,90.));
#3435=CARTESIAN_POINT('',(55.,-71.,90.));
#3436=CARTESIAN_POINT('',(48.,-71.,90.));
#3437=CARTESIAN_POINT('',(73.5,-84.15,90.));
#3438=CARTESIAN_POINT('',(73.5,-84.15,90.));
#3439=CARTESIAN_POINT('',(73.5,-85.,90.));
#3440=CARTESIAN_POINT('',(73.5,-51.,90.));
#3441=CARTESIAN_POINT('',(73.5,-51.,90.));
#3442=CARTESIAN_POINT('',(73.5,-85.,90.));
#3443=CARTESIAN_POINT('',(73.5,-51.,90.));
#3444=CARTESIAN_POINT('',(73.5,-49.0595821029026,87.6875));
#3445=CARTESIAN_POINT('',(73.5,-49.0595821029026,87.6875));
#3446=CARTESIAN_POINT('',(73.5,-51.,90.));
#3447=CARTESIAN_POINT('',(73.5,-49.0595821029026,87.6875));
#3448=CARTESIAN_POINT('',(73.5,-18.9404178970975,87.6875));
#3449=CARTESIAN_POINT('',(73.5,-18.9404178970975,87.6875));
#3450=CARTESIAN_POINT('',(73.5,-49.0595821029026,87.6875));
#3451=CARTESIAN_POINT('',(73.5,-18.9404178970975,87.6875));
#3452=CARTESIAN_POINT('',(73.5,-17.,90.));
#3453=CARTESIAN_POINT('',(73.5,-17.,90.));
#3454=CARTESIAN_POINT('',(73.5,-18.9404178970975,87.6875));
#3455=CARTESIAN_POINT('',(73.5,-17.,90.));
#3456=CARTESIAN_POINT('',(73.5,17.,90.));
#3457=CARTESIAN_POINT('',(73.5,17.,90.));
#3458=CARTESIAN_POINT('',(73.5,-17.,90.));
#3459=CARTESIAN_POINT('',(73.5,17.,90.));
#3460=CARTESIAN_POINT('',(73.5,18.9404178970975,87.6875));
#3461=CARTESIAN_POINT('',(73.5,18.9404178970975,87.6875));
#3462=CARTESIAN_POINT('',(73.5,17.,90.));
#3463=CARTESIAN_POINT('',(73.5,18.9404178970975,87.6875));
#3464=CARTESIAN_POINT('',(73.5,49.0595821029026,87.6875));
#3465=CARTESIAN_POINT('',(73.5,49.0595821029026,87.6875));
#3466=CARTESIAN_POINT('',(73.5,18.9404178970975,87.6875));
#3467=CARTESIAN_POINT('',(73.5,49.0595821029026,87.6875));
#3468=CARTESIAN_POINT('',(73.5,51.,90.));
#3469=CARTESIAN_POINT('',(73.5,51.,90.));
#3470=CARTESIAN_POINT('',(73.5,49.0595821029026,87.6875));
#3471=CARTESIAN_POINT('',(-55.,71.,90.));
#3472=CARTESIAN_POINT('',(-62.,71.,90.));
#3473=CARTESIAN_POINT('',(55.,71.,90.));
#3474=CARTESIAN_POINT('',(48.,71.,90.));
#3475=CARTESIAN_POINT('',(73.5,51.,90.));
#3476=CARTESIAN_POINT('',(73.5,84.15,90.));
#3477=CARTESIAN_POINT('',(73.5,84.15,90.));
#3478=CARTESIAN_POINT('',(73.5,51.,90.));
#3479=CARTESIAN_POINT('',(73.5,85.,89.15));
#3480=CARTESIAN_POINT('',(73.5,85.,89.15));
#3481=CARTESIAN_POINT('',(73.5,85.,90.));
#3482=CARTESIAN_POINT('',(73.5,85.,53.85));
#3483=CARTESIAN_POINT('',(73.5,85.,53.85));
#3484=CARTESIAN_POINT('',(73.5,85.,90.));
#3485=CARTESIAN_POINT('',(73.5,85.,53.));
#3486=CARTESIAN_POINT('',(73.5,84.15,53.));
#3487=CARTESIAN_POINT('',(73.5,80.0919856916661,53.));
#3488=CARTESIAN_POINT('',(-73.5,80.0919856916661,53.));
#3489=CARTESIAN_POINT('',(73.5,84.15,53.));
#3490=CARTESIAN_POINT('',(73.5,85.,53.));
#3491=CARTESIAN_POINT('',(73.5,67.2894849025074,42.2574263096701));
#3492=CARTESIAN_POINT('',(73.5,67.2894849025074,42.2574263096701));
#3493=CARTESIAN_POINT('',(73.5,69.1836904863614,53.));
#3494=CARTESIAN_POINT('',(73.5,69.1836904863614,53.));
#3495=CARTESIAN_POINT('',(73.5,28.6169523666565,27.2877715254776));
#3496=CARTESIAN_POINT('',(73.5,28.6169523666565,27.2877715254776));
#3497=CARTESIAN_POINT('',(73.5,36.125,47.1753147001377));
#3498=CARTESIAN_POINT('',(73.5,36.125,47.1753147001377));
#3499=CARTESIAN_POINT('',(73.5,-27.3566729189669,57.625));
#3500=CARTESIAN_POINT('',(73.5,-27.3566729189669,57.625));
#3501=CARTESIAN_POINT('',(73.5,-36.125,33.5877715254776));
#3502=CARTESIAN_POINT('',(73.5,-36.125,33.5877715254776));
#3503=CARTESIAN_POINT('',(73.5,61.8095922001482,84.525));
#3504=CARTESIAN_POINT('',(73.5,62.6595922001482,84.525));
#3505=CARTESIAN_POINT('',(73.5,61.8095922001482,85.375));
#3506=CARTESIAN_POINT('',(73.5,62.6595922001482,85.375));
#3507=CARTESIAN_POINT('',(73.5,80.0919856916661,40.));
#3508=CARTESIAN_POINT('',(73.5,85.,53.85));
#3509=CARTESIAN_POINT('',(73.5,84.15,90.));
#3510=CARTESIAN_POINT('',(73.5,-85.,89.15));
#3511=CARTESIAN_POINT('',(73.5,-84.15,53.));
#3512=CARTESIAN_POINT('',(73.5,-80.0919856916661,40.));
#3513=CARTESIAN_POINT('',(73.5,-62.6595922001482,16.));
#3514=CARTESIAN_POINT('',(73.5,-62.6595922001482,84.525));
#3515=CARTESIAN_POINT('',(73.5,-61.8095922001482,84.525));
#3516=CARTESIAN_POINT('',(73.5,-61.8095922001482,85.375));
#3517=CARTESIAN_POINT('',(73.5,-62.6595922001482,85.375));
#3518=CARTESIAN_POINT('',(73.5,-28.6169523666565,14.));
#3519=CARTESIAN_POINT('',(73.5,84.15,90.));
#3520=CARTESIAN_POINT('',(73.5,85.,53.85));
#3521=CARTESIAN_POINT('',(73.5,-84.15,53.));
#3522=CARTESIAN_POINT('',(73.5,-85.,89.15));
#3523=CARTESIAN_POINT('',(-52.5,-71.587334202763,49.8664155521461));
#3524=CARTESIAN_POINT('',(-52.5,-70.412665797237,48.7169959949881));
#3525=CARTESIAN_POINT('',(-52.6936771977963,-69.8946523668198,48.0970027444787));
#3526=CARTESIAN_POINT('',(-53.1893473595024,-69.2552173258556,47.190355796572));
#3527=CARTESIAN_POINT('',(-53.3908270538563,-69.0630456878476,46.8895664680986));
#3528=CARTESIAN_POINT('',(-53.8984288379598,-68.7355418853668,46.3352054268621));
#3529=CARTESIAN_POINT('',(-54.207000408246,-68.5970172617242,46.0733078514344));
#3530=CARTESIAN_POINT('',(-54.9793159880985,-68.4696350925953,45.8258333323168));
#3531=CARTESIAN_POINT('',(-55.4207716467208,-68.5098373087439,45.9082597319246));
#3532=CARTESIAN_POINT('',(-56.1022031274421,-68.7277528141804,46.3172704018574));
#3533=CARTESIAN_POINT('',(-56.3653260872492,-68.8864579440151,46.5994273132386));
#3534=CARTESIAN_POINT('',(-57.026154828829,-69.4285681696707,47.4670408205648));
#3535=CARTESIAN_POINT('',(-57.3083437917165,-69.8913235729536,48.0992559368557));
#3536=CARTESIAN_POINT('',(-57.5606255176212,-70.9715142289723,49.2988415777997));
#3537=CARTESIAN_POINT('',(-57.5200455332193,-71.5975668699324,49.8694223912968));
#3538=CARTESIAN_POINT('',(-56.874767953358,-72.7868857754768,50.7794324837324));
#3539=CARTESIAN_POINT('',(-56.2130085594548,-73.3308633222006,51.1045768030345));
#3540=CARTESIAN_POINT('',(-54.6176997623004,-73.5996461529111,51.2638327838661));
#3541=CARTESIAN_POINT('',(-53.7512996730177,-73.2878301796442,51.0951511649112));
#3542=CARTESIAN_POINT('',(-52.7097827249965,-72.2443167887527,50.3833041173922));
#3543=CARTESIAN_POINT('',(-52.5,-71.587334202763,49.8664155521461));
#3544=CARTESIAN_POINT('',(-52.5,-70.412665797237,48.7169959949881));
#3545=CARTESIAN_POINT('',(-52.5,-71.,49.2917057735671));
#3546=CARTESIAN_POINT('',(57.5,-71.587334202763,49.866415552146));
#3547=CARTESIAN_POINT('',(57.5,-70.412665797237,48.7169959949881));
#3548=CARTESIAN_POINT('',(57.3063228022037,-69.8946523668198,48.0970027444787));
#3549=CARTESIAN_POINT('',(56.8106526404976,-69.2552173258556,47.190355796572));
#3550=CARTESIAN_POINT('',(56.6091729461437,-69.0630456878476,46.8895664680986));
#3551=CARTESIAN_POINT('',(56.1015711620402,-68.7355418853668,46.3352054268622));
#3552=CARTESIAN_POINT('',(55.7929995917541,-68.5970172617241,46.0733078514344));
#3553=CARTESIAN_POINT('',(55.0206840119015,-68.4696350925953,45.8258333323168));
#3554=CARTESIAN_POINT('',(54.5792283532793,-68.5098373087439,45.9082597319246));
#3555=CARTESIAN_POINT('',(53.8977968725579,-68.7277528141805,46.3172704018574));
#3556=CARTESIAN_POINT('',(53.6346739127508,-68.8864579440152,46.5994273132386));
#3557=CARTESIAN_POINT('',(52.973845171171,-69.4285681696707,47.4670408205648));
#3558=CARTESIAN_POINT('',(52.6916562082836,-69.8913235729536,48.0992559368557));
#3559=CARTESIAN_POINT('',(52.4393744823788,-70.9715142289723,49.2988415777997));
#3560=CARTESIAN_POINT('',(52.4799544667807,-71.5975668699324,49.8694223912968));
#3561=CARTESIAN_POINT('',(53.125232046642,-72.7868857754767,50.7794324837324));
#3562=CARTESIAN_POINT('',(53.7869914405452,-73.3308633222006,51.1045768030345));
#3563=CARTESIAN_POINT('',(55.3823002376996,-73.5996461529111,51.2638327838662));
#3564=CARTESIAN_POINT('',(56.2487003269823,-73.2878301796442,51.0951511649112));
#3565=CARTESIAN_POINT('',(57.2902172750035,-72.2443167887527,50.3833041173922));
#3566=CARTESIAN_POINT('',(57.5,-71.587334202763,49.866415552146));
#3567=CARTESIAN_POINT('',(57.5,-70.412665797237,48.7169959949881));
#3568=CARTESIAN_POINT('',(57.5,-71.,49.2917057735671));
#3569=CARTESIAN_POINT('',(73.5,-80.0919856916661,40.));
#3570=CARTESIAN_POINT('',(-52.5,70.4133261086713,48.7176421133931));
#3571=CARTESIAN_POINT('',(-52.5,71.5866738913286,49.8657694337411));
#3572=CARTESIAN_POINT('',(-52.7113901866797,72.2456053632849,50.3841442483863));
#3573=CARTESIAN_POINT('',(-53.7485989537116,73.2854459127309,51.0935635512975));
#3574=CARTESIAN_POINT('',(-54.5964667210082,73.6005782436817,51.2643639185154));
#3575=CARTESIAN_POINT('',(-56.2186674899276,73.3325299264442,51.1055852120681));
#3576=CARTESIAN_POINT('',(-56.8744473620293,72.7879785745862,50.7803396612634));
#3577=CARTESIAN_POINT('',(-57.5212075199267,71.5949226316612,49.8673280341166));
#3578=CARTESIAN_POINT('',(-57.5610898331603,70.9718998212306,49.2994916189815));
#3579=CARTESIAN_POINT('',(-57.3071329406069,69.8877462753804,48.0950607527521));
#3580=CARTESIAN_POINT('',(-57.0239623715638,69.4250475854662,47.4620964635191));
#3581=CARTESIAN_POINT('',(-56.3596300501621,68.8826594926455,46.5929977409401));
#3582=CARTESIAN_POINT('',(-56.0919065946577,68.7229570852304,46.3085105152205));
#3583=CARTESIAN_POINT('',(-55.4116615670919,68.508470509639,45.9054459952104));
#3584=CARTESIAN_POINT('',(-54.9700975475883,68.4695261657033,45.8257103163013));
#3585=CARTESIAN_POINT('',(-54.1957577574062,68.6005445622083,46.0800696451857));
#3586=CARTESIAN_POINT('',(-53.8920933363142,68.738844281221,46.3410798996575));
#3587=CARTESIAN_POINT('',(-53.3878569516974,69.0657618678621,46.8938742639231));
#3588=CARTESIAN_POINT('',(-53.1866628723268,69.258026635886,47.1945906288463));
#3589=CARTESIAN_POINT('',(-52.6921773854862,69.8979084704701,48.1011111684946));
#3590=CARTESIAN_POINT('',(-52.5,70.4133261086713,48.7176421133931));
#3591=CARTESIAN_POINT('',(-52.5,71.5866738913286,49.8657694337411));
#3592=CARTESIAN_POINT('',(-52.5,71.,49.2917057735671));
#3593=CARTESIAN_POINT('',(57.5,70.4133261086713,48.717642113393));
#3594=CARTESIAN_POINT('',(57.5,71.5866738913287,49.8657694337412));
#3595=CARTESIAN_POINT('',(57.2886098133203,72.2456053632848,50.3841442483864));
#3596=CARTESIAN_POINT('',(56.2514010462884,73.2854459127309,51.0935635512975));
#3597=CARTESIAN_POINT('',(55.4035332789918,73.6005782436816,51.2643639185154));
#3598=CARTESIAN_POINT('',(53.7813325100723,73.3325299264442,51.1055852120681));
#3599=CARTESIAN_POINT('',(53.1255526379706,72.7879785745862,50.7803396612634));
#3600=CARTESIAN_POINT('',(52.4787924800733,71.5949226316612,49.8673280341166));
#3601=CARTESIAN_POINT('',(52.4389101668397,70.9718998212305,49.2994916189815));
#3602=CARTESIAN_POINT('',(52.6928670593931,69.8877462753804,48.0950607527521));
#3603=CARTESIAN_POINT('',(52.9760376284362,69.4250475854661,47.462096463519));
#3604=CARTESIAN_POINT('',(53.6403699498379,68.8826594926455,46.5929977409401));
#3605=CARTESIAN_POINT('',(53.9080934053423,68.7229570852305,46.3085105152205));
#3606=CARTESIAN_POINT('',(54.5883384329082,68.508470509639,45.9054459952104));
#3607=CARTESIAN_POINT('',(55.0299024524117,68.4695261657033,45.8257103163013));
#3608=CARTESIAN_POINT('',(55.8042422425938,68.6005445622083,46.0800696451857));
#3609=CARTESIAN_POINT('',(56.1079066636859,68.738844281221,46.3410798996575));
#3610=CARTESIAN_POINT('',(56.6121430483026,69.0657618678621,46.8938742639231));
#3611=CARTESIAN_POINT('',(56.8133371276732,69.2580266358859,47.1945906288463));
#3612=CARTESIAN_POINT('',(57.3078226145138,69.8979084704701,48.1011111684946));
#3613=CARTESIAN_POINT('',(57.5,70.4133261086713,48.717642113393));
#3614=CARTESIAN_POINT('',(57.5,71.5866738913287,49.8657694337412));
#3615=CARTESIAN_POINT('',(57.5,71.,49.2917057735671));
#3616=CARTESIAN_POINT('',(73.5,80.0919856916661,40.));
#3617=CARTESIAN_POINT('',(55.,71.,53.));
#3618=CARTESIAN_POINT('',(57.5,71.,53.));
#3619=CARTESIAN_POINT('',(55.,71.,53.));
#3620=CARTESIAN_POINT('',(48.,71.,53.));
#3621=CARTESIAN_POINT('',(55.,71.,53.));
#3622=CARTESIAN_POINT('',(55.,71.,90.));
#3623=CARTESIAN_POINT('',(55.,-71.,53.));
#3624=CARTESIAN_POINT('',(57.5,-71.,53.));
#3625=CARTESIAN_POINT('',(55.,-71.,53.));
#3626=CARTESIAN_POINT('',(48.,-71.,53.));
#3627=CARTESIAN_POINT('',(55.,-71.,53.));
#3628=CARTESIAN_POINT('',(55.,-71.,90.));
#3629=CARTESIAN_POINT('',(55.,-71.,14.));
#3630=CARTESIAN_POINT('',(55.,71.,14.));
#3631=CARTESIAN_POINT('',(73.5,-42.5152243159769,18.3483273692265));
#3632=CARTESIAN_POINT('',(73.5,-43.2711605705705,62.0752480590365));
#3633=CARTESIAN_POINT('',(73.5,-43.2711605705705,62.0752480590365));
#3634=CARTESIAN_POINT('',(73.5,-43.2711605705705,62.0752480590365));
#3635=CARTESIAN_POINT('',(73.5,43.2711605705705,62.0752480590365));
#3636=CARTESIAN_POINT('',(73.5,-43.2711605705705,62.0752480590365));
#3637=CARTESIAN_POINT('',(104.,-43.2711605705705,62.0752480590365));
#3638=CARTESIAN_POINT('',(104.,-43.2711605705705,62.0752480590365));
#3639=CARTESIAN_POINT('',(104.,-42.5152243159769,18.3483273692265));
#3640=CARTESIAN_POINT('',(104.,-42.5152243159769,18.3483273692265));
#3641=CARTESIAN_POINT('',(103.15,-62.6587734249038,16.004908407692));
#3642=CARTESIAN_POINT('',(93.2666666666667,-62.6587734249038,16.004908407692));
#3643=CARTESIAN_POINT('',(83.3833333333333,-62.6587734249038,16.004908407692));
#3644=CARTESIAN_POINT('',(73.5,-62.6587734249038,16.004908407692));
#3645=CARTESIAN_POINT('',(103.15,-62.659182812526,16.0041925098249));
#3646=CARTESIAN_POINT('',(104.,-60.6538650172118,14.));
#3647=CARTESIAN_POINT('',(104.,-61.8095922001482,15.1557271829365));
#3648=CARTESIAN_POINT('',(103.15,-61.8095922001482,15.1557271829365));
#3649=CARTESIAN_POINT('',(104.,-60.6538650172118,14.));
#3650=CARTESIAN_POINT('',(103.15,-62.6595922001482,16.));
#3651=CARTESIAN_POINT('',(103.15,-62.6595922001482,84.525));
#3652=CARTESIAN_POINT('',(104.,-62.6595922001482,84.525));
#3653=CARTESIAN_POINT('',(104.,-62.6595922001482,16.));
#3654=CARTESIAN_POINT('',(103.15,-62.6595922001482,85.375));
#3655=CARTESIAN_POINT('',(103.15,61.8095922001482,85.375));
#3656=CARTESIAN_POINT('',(103.15,-61.8095922001482,85.375));
#3657=CARTESIAN_POINT('',(104.,61.8095922001482,85.375));
#3658=CARTESIAN_POINT('',(104.,-61.8095922001482,85.375));
#3659=CARTESIAN_POINT('',(104.,-62.6595922001482,85.375));
#3660=CARTESIAN_POINT('',(104.,62.6595922001482,16.));
#3661=CARTESIAN_POINT('',(103.15,62.6595922001482,16.));
#3662=CARTESIAN_POINT('',(104.,62.6595922001482,84.525));
#3663=CARTESIAN_POINT('',(103.15,62.6595922001482,84.525));
#3664=CARTESIAN_POINT('',(103.15,62.6595922001482,85.375));
#3665=CARTESIAN_POINT('',(104.,62.6595922001482,85.375));
#3666=CARTESIAN_POINT('',(104.,62.6595922001482,16.));
#3667=CARTESIAN_POINT('',(104.,61.8095922001482,15.15));
#3668=CARTESIAN_POINT('',(103.15,61.8095922001482,15.15));
#3669=CARTESIAN_POINT('',(104.,62.6595922001482,16.));
#3670=CARTESIAN_POINT('',(73.5,42.5152243159769,18.3483273692265));
#3671=CARTESIAN_POINT('',(104.,42.5152243159769,18.3483273692265));
#3672=CARTESIAN_POINT('',(104.,42.5152243159769,18.3483273692265));
#3673=CARTESIAN_POINT('',(104.,43.2711605705705,62.0752480590365));
#3674=CARTESIAN_POINT('',(104.,43.2711605705705,62.0752480590365));
#3675=CARTESIAN_POINT('',(104.,61.8095922001482,16.));
#3676=CARTESIAN_POINT('',(104.,61.8095922001482,84.525));
#3677=CARTESIAN_POINT('',(104.,62.6595922001482,84.525));
#3678=CARTESIAN_POINT('',(104.,-61.8095922001482,84.525));
#3679=CARTESIAN_POINT('',(104.,-61.8095922001482,85.375));
#3680=CARTESIAN_POINT('',(104.,-43.2711605705705,62.0752480590365));
#3681=CARTESIAN_POINT('',(73.5,-43.2711605705705,62.0752480590365));
#3682=CARTESIAN_POINT('',(103.15,61.8095922001482,84.525));
#3683=CARTESIAN_POINT('',(103.15,61.8095922001482,62.0752480590365));
#3684=CARTESIAN_POINT('',(103.15,61.8095922001482,84.525));
#3685=CARTESIAN_POINT('',(104.,61.8095922001482,84.525));
#3686=CARTESIAN_POINT('',(103.15,61.8095922001482,84.525));
#3687=CARTESIAN_POINT('',(103.15,61.8095922001482,84.525));
#3688=CARTESIAN_POINT('',(103.15,-61.8095922001482,84.525));
#3689=CARTESIAN_POINT('',(103.15,-61.8095922001482,62.0752480590365));
#3690=CARTESIAN_POINT('',(103.15,-61.8095922001482,84.525));
#3691=CARTESIAN_POINT('',(103.15,-43.2711605705705,84.525));
#3692=CARTESIAN_POINT('',(103.15,-61.8095922001482,84.525));
#3693=CARTESIAN_POINT('',(103.15,-61.8095922001482,84.525));
#3694=CARTESIAN_POINT('',(104.,-61.8095922001482,84.525));
#3695=CARTESIAN_POINT('',(-88.75,0.,71.));
#3696=CARTESIAN_POINT('',(-88.75,4.864,71.));
#3697=CARTESIAN_POINT('',(-88.75,0.,71.));
#3698=CARTESIAN_POINT('',(-88.75,0.,71.));
#3699=CARTESIAN_POINT('',(-55.,71.,53.));
#3700=CARTESIAN_POINT('',(-52.5,71.,53.));
#3701=CARTESIAN_POINT('',(-55.,71.,53.));
#3702=CARTESIAN_POINT('',(-62.,71.,53.));
#3703=CARTESIAN_POINT('',(-55.,71.,53.));
#3704=CARTESIAN_POINT('',(-55.,71.,90.));
#3705=CARTESIAN_POINT('',(-55.,-71.,53.));
#3706=CARTESIAN_POINT('',(-52.5,-71.,53.));
#3707=CARTESIAN_POINT('',(-55.,-71.,53.));
#3708=CARTESIAN_POINT('',(-62.,-71.,53.));
#3709=CARTESIAN_POINT('',(-55.,-71.,53.));
#3710=CARTESIAN_POINT('',(-55.,-71.,90.));
#3711=CARTESIAN_POINT('',(-55.,-71.,14.));
#3712=CARTESIAN_POINT('',(-55.,71.,14.));
#3713=CARTESIAN_POINT('',(-300.,31.5,1.57891288356536E-015));
#3714=CARTESIAN_POINT('',(-300.,31.5,1.57891288356536E-015));
#3715=CARTESIAN_POINT('',(-300.,31.5,11.3666666666667));
#3716=CARTESIAN_POINT('',(300.,31.5,11.3666666666667));
#3717=CARTESIAN_POINT('',(300.,31.5,11.3666666666667));
#3718=CARTESIAN_POINT('',(300.,31.5,1.57891288356536E-015));
#3719=CARTESIAN_POINT('',(300.,31.5,1.57891288356536E-015));
#3720=CARTESIAN_POINT('',(300.,31.5,1.57891288356536E-015));
#3721=CARTESIAN_POINT('',(300.,31.5,1.57891288356536E-015));
#3722=CARTESIAN_POINT('',(-300.,31.5,11.3666666666667));
#3723=CARTESIAN_POINT('',(-300.,23.9919523666565,17.6666666666667));
#3724=CARTESIAN_POINT('',(300.,23.9919523666565,17.6666666666667));
#3725=CARTESIAN_POINT('',(300.,23.9919523666565,17.6666666666667));
#3726=CARTESIAN_POINT('',(300.,31.5,11.3666666666667));
#3727=CARTESIAN_POINT('',(300.,31.5,11.3666666666667));
#3728=CARTESIAN_POINT('',(-300.,23.9919523666565,17.6666666666667));
#3729=CARTESIAN_POINT('',(-300.,23.9919523666565,29.3408295884272));
#3730=CARTESIAN_POINT('',(300.,23.9919523666565,29.3408295884272));
#3731=CARTESIAN_POINT('',(300.,23.9919523666565,29.3408295884272));
#3732=CARTESIAN_POINT('',(300.,23.9919523666565,17.6666666666667));
#3733=CARTESIAN_POINT('',(300.,23.9919523666565,17.6666666666667));
#3734=CARTESIAN_POINT('',(300.,34.7164382039043,24.2873712893815));
#3735=CARTESIAN_POINT('',(300.,24.0381516132275,29.5394371198308));
#3736=CARTESIAN_POINT('',(300.,31.1835949143123,35.6508662751323));
#3737=CARTESIAN_POINT('',(300.,24.0381516132275,29.5394371198308));
#3738=CARTESIAN_POINT('',(-300.,24.0381516132275,29.5394371198308));
#3739=CARTESIAN_POINT('',(-300.,34.7164382039043,24.2873712893815));
#3740=CARTESIAN_POINT('',(-300.,31.1835949143123,35.6508662751323));
#3741=CARTESIAN_POINT('',(300.,31.1835949143123,35.6508662751323));
#3742=CARTESIAN_POINT('',(300.,34.7164382039043,24.2873712893815));
#3743=CARTESIAN_POINT('',(300.,31.5,35.7444444444444));
#3744=CARTESIAN_POINT('',(300.,31.5,36.0805782703918));
#3745=CARTESIAN_POINT('',(300.,31.5,45.2126556436311));
#3746=CARTESIAN_POINT('',(300.,31.5,36.0805782703918));
#3747=CARTESIAN_POINT('',(-300.,31.5,36.0805782703918));
#3748=CARTESIAN_POINT('',(-300.,31.5,35.7444444444444));
#3749=CARTESIAN_POINT('',(-300.,31.5,45.2126556436311));
#3750=CARTESIAN_POINT('',(300.,31.5,45.2126556436311));
#3751=CARTESIAN_POINT('',(300.,31.5,35.7444444444444));
#3752=CARTESIAN_POINT('',(300.,36.657073155063,56.2164382039043));
#3753=CARTESIAN_POINT('',(300.,31.2543063092938,45.6136031863131));
#3754=CARTESIAN_POINT('',(300.,25.2935781693121,52.6835949143123));
#3755=CARTESIAN_POINT('',(300.,31.2543063092938,45.6136031863131));
#3756=CARTESIAN_POINT('',(-300.,31.2543063092938,45.6136031863131));
#3757=CARTESIAN_POINT('',(-300.,36.657073155063,56.2164382039043));
#3758=CARTESIAN_POINT('',(-300.,25.2935781693121,52.6835949143123));
#3759=CARTESIAN_POINT('',(300.,25.2935781693121,52.6835949143123));
#3760=CARTESIAN_POINT('',(300.,36.657073155063,56.2164382039043));
#3761=CARTESIAN_POINT('',(185.,0.,53.));
#3762=CARTESIAN_POINT('',(172.,0.,53.));
#3763=CARTESIAN_POINT('',(35.,0.,53.));
#3764=CARTESIAN_POINT('',(22.,0.,53.));
#3765=CARTESIAN_POINT('',(-115.,0.,53.));
#3766=CARTESIAN_POINT('',(-128.,0.,53.));
#3767=CARTESIAN_POINT('',(-265.,0.,53.));
#3768=CARTESIAN_POINT('',(-278.,0.,53.));
#3769=CARTESIAN_POINT('',(300.,25.2,53.));
#3770=CARTESIAN_POINT('',(300.,24.8638661740526,53.));
#3771=CARTESIAN_POINT('',(300.,-24.8638661740526,53.));
#3772=CARTESIAN_POINT('',(300.,24.8638661740526,53.));
#3773=CARTESIAN_POINT('',(-300.,24.8638661740526,53.));
#3774=CARTESIAN_POINT('',(-300.,-7.105427357601E-015,53.));
#3775=CARTESIAN_POINT('',(-300.,-24.8638661740526,53.));
#3776=CARTESIAN_POINT('',(300.,-24.8638661740526,53.));
#3777=CARTESIAN_POINT('',(300.,-7.105427357601E-015,53.));
#3778=CARTESIAN_POINT('',(-300.,-36.657073155063,56.2164382039043));
#3779=CARTESIAN_POINT('',(-300.,-25.2935781693121,52.6835949143123));
#3780=CARTESIAN_POINT('',(-300.,-31.2543063092938,45.6136031863131));
#3781=CARTESIAN_POINT('',(300.,-31.2543063092938,45.6136031863131));
#3782=CARTESIAN_POINT('',(300.,-31.2543063092938,45.6136031863131));
#3783=CARTESIAN_POINT('',(300.,-36.657073155063,56.2164382039043));
#3784=CARTESIAN_POINT('',(300.,-25.2935781693121,52.6835949143123));
#3785=CARTESIAN_POINT('',(300.,-25.2935781693121,52.6835949143123));
#3786=CARTESIAN_POINT('',(300.,-36.657073155063,56.2164382039043));
#3787=CARTESIAN_POINT('',(-300.,-31.5,45.4919523666565));
#3788=CARTESIAN_POINT('',(-300.,-31.5,45.2126556436311));
#3789=CARTESIAN_POINT('',(-300.,-31.5,36.0805782703918));
#3790=CARTESIAN_POINT('',(300.,-31.5,36.0805782703918));
#3791=CARTESIAN_POINT('',(300.,-31.5,36.0805782703918));
#3792=CARTESIAN_POINT('',(300.,-31.5,45.4919523666565));
#3793=CARTESIAN_POINT('',(300.,-31.5,45.2126556436311));
#3794=CARTESIAN_POINT('',(300.,-31.5,45.2126556436311));
#3795=CARTESIAN_POINT('',(300.,-31.5,45.4919523666565));
#3796=CARTESIAN_POINT('',(-300.,-34.7164382039042,24.2873712893815));
#3797=CARTESIAN_POINT('',(-300.,-31.1835949143123,35.6508662751323));
#3798=CARTESIAN_POINT('',(-300.,-24.0381516132275,29.5394371198308));
#3799=CARTESIAN_POINT('',(300.,-24.0381516132275,29.5394371198308));
#3800=CARTESIAN_POINT('',(300.,-24.0381516132275,29.5394371198308));
#3801=CARTESIAN_POINT('',(300.,-34.7164382039042,24.2873712893815));
#3802=CARTESIAN_POINT('',(300.,-31.1835949143123,35.6508662751323));
#3803=CARTESIAN_POINT('',(300.,-31.1835949143123,35.6508662751323));
#3804=CARTESIAN_POINT('',(300.,-34.7164382039042,24.2873712893815));
#3805=CARTESIAN_POINT('',(300.,-23.9919523666565,29.4444444444445));
#3806=CARTESIAN_POINT('',(300.,-23.9919523666565,29.3408295884272));
#3807=CARTESIAN_POINT('',(300.,-23.9919523666565,17.6666666666667));
#3808=CARTESIAN_POINT('',(-300.,-23.9919523666565,29.3408295884272));
#3809=CARTESIAN_POINT('',(-300.,-23.9919523666565,29.3408295884272));
#3810=CARTESIAN_POINT('',(-300.,-23.9919523666565,29.4444444444445));
#3811=CARTESIAN_POINT('',(-300.,-23.9919523666565,17.6666666666667));
#3812=CARTESIAN_POINT('',(300.,-23.9919523666565,17.6666666666667));
#3813=CARTESIAN_POINT('',(300.,-23.9919523666565,29.4444444444445));
#3814=CARTESIAN_POINT('',(-300.,-23.9919523666565,17.6666666666667));
#3815=CARTESIAN_POINT('',(-300.,-31.5,11.3666666666667));
#3816=CARTESIAN_POINT('',(300.,-31.5,11.3666666666667));
#3817=CARTESIAN_POINT('',(300.,-31.5,11.3666666666667));
#3818=CARTESIAN_POINT('',(300.,-23.9919523666565,17.6666666666667));
#3819=CARTESIAN_POINT('',(300.,-23.9919523666565,17.6666666666667));
#3820=CARTESIAN_POINT('',(-300.,-31.5,11.3666666666667));
#3821=CARTESIAN_POINT('',(-300.,-31.5,1.7347234759768E-015));
#3822=CARTESIAN_POINT('',(300.,-31.5,1.7347234759768E-015));
#3823=CARTESIAN_POINT('',(300.,-31.5,1.7347234759768E-015));
#3824=CARTESIAN_POINT('',(300.,-31.5,11.3666666666667));
#3825=CARTESIAN_POINT('',(300.,-31.5,11.3666666666667));
#3826=CARTESIAN_POINT('',(185.,0.,2.77555756156289E-014));
#3827=CARTESIAN_POINT('',(185.,-9.,3.23249719731086E-014));
#3828=CARTESIAN_POINT('',(35.,0.,2.77555756156289E-014));
#3829=CARTESIAN_POINT('',(35.,-9.,3.23249719731086E-014));
#3830=CARTESIAN_POINT('',(-115.,0.,2.77555756156289E-014));
#3831=CARTESIAN_POINT('',(-115.,-9.,3.23249719731086E-014));
#3832=CARTESIAN_POINT('',(-265.,0.,2.77555756156289E-014));
#3833=CARTESIAN_POINT('',(-265.,-9.,3.23249719731086E-014));
#3834=CARTESIAN_POINT('',(-300.,0.,1.75718001347442E-014));
#3835=CARTESIAN_POINT('',(300.,-31.5,1.57891288356536E-015));
#3836=CARTESIAN_POINT('',(300.,0.,1.75718001347442E-014));
#3837=CARTESIAN_POINT('',(300.,31.05,36.0805782703918));
#3838=CARTESIAN_POINT('',(300.,31.05,45.2126556436311));
#3839=CARTESIAN_POINT('',(300.,24.8638661740526,52.55));
#3840=CARTESIAN_POINT('',(300.,-24.8638661740526,52.55));
#3841=CARTESIAN_POINT('',(300.,-31.05,45.2126556436311));
#3842=CARTESIAN_POINT('',(300.,-31.05,36.0805782703918));
#3843=CARTESIAN_POINT('',(300.,-24.4419523666565,29.3408295884272));
#3844=CARTESIAN_POINT('',(300.,24.4419523666565,29.3408295884272));
#3845=CARTESIAN_POINT('',(300.,34.7164382039043,24.2873712893815));
#3846=CARTESIAN_POINT('',(-300.,31.05,36.0805782703918));
#3847=CARTESIAN_POINT('',(-300.,24.4419523666565,29.3408295884272));
#3848=CARTESIAN_POINT('',(-300.,-24.4419523666565,29.3408295884272));
#3849=CARTESIAN_POINT('',(-300.,-31.05,36.0805782703918));
#3850=CARTESIAN_POINT('',(-300.,-31.05,45.2126556436311));
#3851=CARTESIAN_POINT('',(-300.,-24.8638661740526,52.55));
#3852=CARTESIAN_POINT('',(-300.,24.8638661740526,52.55));
#3853=CARTESIAN_POINT('',(-300.,31.05,45.2126556436311));
#3854=CARTESIAN_POINT('',(-300.,34.7164382039043,24.2873712893815));
#3855=CARTESIAN_POINT('',(300.,24.4419523666565,29.3408295884272));
#3856=CARTESIAN_POINT('',(300.,31.05,36.0805782703918));
#3857=CARTESIAN_POINT('',(300.,31.05,45.2126556436311));
#3858=CARTESIAN_POINT('',(300.,24.8638661740526,52.55));
#3859=CARTESIAN_POINT('',(300.,-24.4419523666565,29.3408295884272));
#3860=CARTESIAN_POINT('',(300.,-31.05,36.0805782703918));
#3861=CARTESIAN_POINT('',(300.,-31.05,45.2126556436311));
#3862=CARTESIAN_POINT('',(300.,-24.8638661740526,52.55));
#3863=CARTESIAN_POINT('',(-265.,0.,31.));
#3864=CARTESIAN_POINT('',(-274.,0.,31.));
#3865=CARTESIAN_POINT('',(-265.,0.,-175.305215492563));
#3866=CARTESIAN_POINT('',(-265.,0.,31.));
#3867=CARTESIAN_POINT('',(-278.,0.,31.));
#3868=CARTESIAN_POINT('',(-265.,0.,31.));
#3869=CARTESIAN_POINT('',(-265.,0.,53.));
#3870=CARTESIAN_POINT('',(-115.,0.,31.));
#3871=CARTESIAN_POINT('',(-124.,0.,31.));
#3872=CARTESIAN_POINT('',(-115.,0.,-175.305215492563));
#3873=CARTESIAN_POINT('',(-115.,0.,31.));
#3874=CARTESIAN_POINT('',(-128.,0.,31.));
#3875=CARTESIAN_POINT('',(-115.,0.,31.));
#3876=CARTESIAN_POINT('',(-115.,0.,53.));
#3877=CARTESIAN_POINT('',(35.,0.,31.));
#3878=CARTESIAN_POINT('',(26.,0.,31.));
#3879=CARTESIAN_POINT('',(35.,0.,-175.305215492563));
#3880=CARTESIAN_POINT('',(35.,0.,31.));
#3881=CARTESIAN_POINT('',(22.,0.,31.));
#3882=CARTESIAN_POINT('',(35.,0.,31.));
#3883=CARTESIAN_POINT('',(35.,0.,53.));
#3884=CARTESIAN_POINT('',(185.,0.,31.));
#3885=CARTESIAN_POINT('',(176.,0.,31.));
#3886=CARTESIAN_POINT('',(185.,0.,-175.305215492563));
#3887=CARTESIAN_POINT('',(185.,0.,31.));
#3888=CARTESIAN_POINT('',(172.,0.,31.));
#3889=CARTESIAN_POINT('',(185.,0.,31.));
#3890=CARTESIAN_POINT('',(185.,0.,53.));
#3891=MECHANICAL_DESIGN_GEOMETRIC_PRESENTATION_REPRESENTATION('',(#24,#25),
#3892);
#3892=(
GEOMETRIC_REPRESENTATION_CONTEXT(3)
GLOBAL_UNCERTAINTY_ASSIGNED_CONTEXT((#3893))
GLOBAL_UNIT_ASSIGNED_CONTEXT((#3899,#3895,#3894))
REPRESENTATION_CONTEXT('TRH65FL-ZN','TOP_LEVEL_ASSEMBLY_PART')
);
#3893=UNCERTAINTY_MEASURE_WITH_UNIT(LENGTH_MEASURE(0.0508),#3899,
'DISTANCE_ACCURACY_VALUE','Maximum Tolerance applied to model');
#3894=(
NAMED_UNIT(*)
SI_UNIT($,.STERADIAN.)
SOLID_ANGLE_UNIT()
);
#3895=(
CONVERSION_BASED_UNIT('DEGREE',#3897)
NAMED_UNIT(#3896)
PLANE_ANGLE_UNIT()
);
#3896=DIMENSIONAL_EXPONENTS(0.,0.,0.,0.,0.,0.,0.);
#3897=PLANE_ANGLE_MEASURE_WITH_UNIT(PLANE_ANGLE_MEASURE(0.0174532925),#3898);
#3898=(
NAMED_UNIT(*)
PLANE_ANGLE_UNIT()
SI_UNIT($,.RADIAN.)
);
#3899=(
LENGTH_UNIT()
NAMED_UNIT(*)
SI_UNIT(.MILLI.,.METRE.)
);
ENDSEC;
END-ISO-10303-21;
